nodeId,label,props
0,Organisation,"{
  name: GFDI,
  fullName: Koordinierungsgruppe Gesundheitsforschungsdateninfrastruktur,
  id: gfdi
}"
1,Initiative,"{
  name: MII,
  fullName: Medizininformatik-Initiative,
  id: mii
}"
2,Initiative,"{
  address: Charitéplatz 1, 10117 Berlin,
  name: NUM,
  fullName: Netzwerk Universitätsmedizin,
  workPackages: WP3,4,5,6,8,
  id: num
}"
3,Initiative,"{
  name: NFDI,
  fullName: Nationale Forschungsdateninfrastruktur,
  id: nfdi
}"
4,Initiative,"{
  name: DZG,
  fullName: Deutsche Zentren für Gesundheitsforschung,
  id: dzg
}"
5,Initiative,"{
  name: NCT,
  fullName: Nationale Centren für Tumorerkrankungen,
  id: nct
}"
6,Initiative,"{
  name: genomDE,
  fullName: genomDE,
  id: genomde
}"
7,Initiative,"{
  address: Am Taubenfeld 21/2, 69123 Heidelberg,
  name: NAKO,
  fullName: NAKO Gesundheitsstudie,
  workPackages: WP5,6,7,8,
  id: nako,
  email: geschaeftsstelle@nako.de
}"
8,Initiative,"{
  name: DESAM-ForNet,
  fullName: Initiative DESAM-ForNet,
  id: desam
}"
9,Initiative,"{
  address: Nordufer 20, 13353 Berlin,
  name: RKI,
  fullName: Robert Koch-Institut,
  workPackages: WP4,5,7,8,
  institute: Fach- und Forschungsdatenmanagement (MF4),
  id: rki
}"
10,Ministry,"{
  role: Projektkoordination DACO,
  address: Kurt-Georg-Kiesinger-Allee 3, 53175 Bonn,
  name: BfArM,
  fullName: Bundesinstitut für Arzneimittel und Medizinprodukte,
  workPackages: WP2,3,4,5,6,
  id: bfarm
}"
11,Ministry,"{
  name: BIPAM,
  fullName: Bundesinstitut für Prävention und Aufklärung in der Medizin,
  id: bipam
}"
12,Coordinator,"{
  name: KKSN,
  fullName: KKS-Netzwerk,
  id: kksn
}"
13,Coordinator,"{
  name: Zi,
  fullName: Zentralinstitut für die kassenärztliche Versorgung,
  id: zi
}"
14,Infrastructure,"{
  address: Kurt-Georg-Kiesinger-Allee 3, 53175 Bonn,
  name: FDZ BfArM,
  fullName: Forschungsdatenzentrum Gesundheit,
  workPackages: WP6,7,8,
  institute: Forschungsdatenzentrum Gesundheit,
  id: fdz
}"
15,Infrastructure,"{
  name: Krebsregister,
  fullName: Krebsregister,
  id: krebsreg
}"
16,Ministry,"{
  name: BMG,
  fullName: Bundesministerium für Gesundheit,
  id: bmg
}"
17,Ministry,"{
  name: BMFTR,
  fullName: Bundesministerium für Bildung und Forschung,
  id: bmftr
}"
18,Coordinator,"{
  name: GMK,
  fullName: Gesundheitsministerkonferenz,
  id: gmk
}"
19,Coordinator,"{
  name: GWK,
  fullName: Gemeinsame Wissenschaftskonferenz,
  id: gwk
}"
20,Coordinator,"{
  name: DFG,
  fullName: Deutsche Forschungsgemeinschaft,
  id: dfg
}"
21,Coordinator,"{
  name: WR,
  fullName: Wissenschaftsrat,
  id: wr
}"
22,Coordinator,"{
  name: DLR-PT,
  fullName: DLR Projektträger,
  id: dlr
}"
23,Coordinator,"{
  name: Patientenbeauftragter,
  fullName: Patientenbeauftragter,
  id: patbeauf
}"
24,Infrastructure,"{
  address: Rosenthaler Str. 30, 10178 Berlin,
  name: gematik,
  fullName: gematik,
  workPackages: Advisory Board,
  institute: Strategie & Europa,
  id: gematik
}"
25,Infrastructure,"{
  name: Fraunhofer MDS,
  fullName: Fraunhofer Medical Data Space,
  id: fraunhofer
}"
26,Domain,"{
  name: Life Sciences,
  fullName: Life Sciences,
  id: life_sciences
}"
27,SubDomain,"{
  name: Biology,
  fullName: Biology,
  id: biology
}"
28,SubDomain,"{
  name: Biomedicine,
  fullName: Biomedicine,
  id: biomedicine
}"
29,Consortium,"{
  name: DataPLANT,
  fullName: DataPLANT,
  id: dataplant
}"
30,Consortium,"{
  name: FAIRagro,
  fullName: FAIRagro,
  id: fairagro
}"
31,Consortium,"{
  name: NFDI4Biodiversity,
  fullName: NFDI4Biodiversity,
  id: nfdi4biodiversity
}"
32,Consortium,"{
  address: INF 280, 69120 Heidelberg,
  name: GHGA,
  fullName: German Human Genome-Phenome Archive,
  workPackages: TBD,
  institute: GHGA — Deutsches Krebsforschungszentrum,
  id: ghga
}"
33,Consortium,"{
  name: NFDI4BIOIMAGE,
  fullName: NFDI4BIOIMAGE,
  id: nfdi4bioimage
}"
34,Consortium,"{
  name: NFDI4Health,
  fullName: National Research Data Infrastructure for Personal Health Data,
  id: nfdi4health
}"
35,Consortium,"{
  name: NFDI4Immuno,
  fullName: NFDI4Immuno,
  id: nfdi4immuno
}"
36,Consortium,"{
  name: NFDI4Microbiota,
  fullName: NFDI4Microbiota,
  id: nfdi4microbiota
}"
37,Category,"{
  label_de: (5) sehr negativ,
  id: cat-ship-sl_l30bh1nd-5,
  label_en: (5) very negative,
  value: 5,
  dataset: ship-start
}"
38,Category,"{
  label_de: (J) erlaubter Sprung,
  id: cat-ship-sl_t73bdsde-99983,
  label_en: (J) allowed jump,
  value: 99983,
  dataset: ship-start
}"
39,Category,"{
  label_de: (999) Unbekannt,
  id: cat-ship-sl_t73bdsde-999,
  label_en: (999) Unknown,
  value: 999,
  dataset: ship-start
}"
40,Category,"{
  label_de: (4) negativ,
  id: cat-ship-sl_t73bdsde-4,
  label_en: (4) negative,
  value: 4,
  dataset: ship-start
}"
41,Category,"{
  label_de: (1) sehr positiv,
  id: cat-ship-sl_t73bdsde-1,
  label_en: (1) very positive,
  value: 1,
  dataset: ship-start
}"
42,Category,"{
  label_de: (888) Trifft nicht zu,
  id: cat-ship-sl_t73bdsde-888,
  label_en: (888) Does not apply,
  value: 888,
  dataset: ship-start
}"
43,Category,"{
  label_de: (777) Weiß nicht,
  id: cat-ship-sl_t73bdsde-777,
  label_en: (777) Don't know,
  value: 777,
  dataset: ship-start
}"
44,Category,"{
  label_de: (3) neutral,
  id: cat-ship-sl_t73bdsde-3,
  label_en: (3) neutral,
  value: 3,
  dataset: ship-start
}"
45,Category,"{
  label_de: (2) positiv,
  id: cat-ship-sl_t73bdsde-2,
  label_en: (2) positive,
  value: 2,
  dataset: ship-start
}"
46,Category,"{
  label_de: (5) sehr negativ,
  id: cat-ship-sl_t73bdsde-5,
  label_en: (5) very negative,
  value: 5,
  dataset: ship-start
}"
47,Category,"{
  label_de: Antwortverweigerung,
  id: cat-ship-s0_alk77-9,
  label_en: Refusal to answer,
  value: 9,
  dataset: ship-start
}"
48,Category,"{
  label_de: nein,
  id: cat-ship-s0_alk77-2,
  label_en: no,
  value: 2,
  dataset: ship-start
}"
49,Category,"{
  label_de: weiß nicht,
  id: cat-ship-s0_alk77-8,
  label_en: do not know,
  value: 8,
  dataset: ship-start
}"
50,Category,"{
  label_de: ja,
  id: cat-ship-s0_alk77-1,
  label_en: yes,
  value: 1,
  dataset: ship-start
}"
51,Category,"{
  label_de: Nicht auswertbar,
  id: cat-ship-s0_ern80zb-8,
  label_en: Not evaluable,
  value: 8,
  dataset: ship-start
}"
52,Category,"{
  label_de: Stimme nicht zu,
  id: cat-ship-s0_ern80zb-2,
  label_en: Do not agree,
  value: 2,
  dataset: ship-start
}"
53,Category,"{
  label_de: Keine Angabe,
  id: cat-ship-s0_ern80zb-9,
  label_en: No answer,
  value: 9,
  dataset: ship-start
}"
54,Category,"{
  label_de: Stimme sehr zu,
  id: cat-ship-s0_ern80zb-5,
  label_en: Agree very much,
  value: 5,
  dataset: ship-start
}"
55,Category,"{
  label_de: Stimme zu,
  id: cat-ship-s0_ern80zb-4,
  label_en: Agree,
  value: 4,
  dataset: ship-start
}"
56,Category,"{
  label_de: Bin unsicher,
  id: cat-ship-s0_ern80zb-3,
  label_en: Am unsure,
  value: 3,
  dataset: ship-start
}"
57,Category,"{
  label_de: Stimme überhaupt nicht zu,
  id: cat-ship-s0_ern80zb-1,
  label_en: Do not agree at all,
  value: 1,
  dataset: ship-start
}"
58,Category,"{
  label_de: Nein,
  id: cat-ship-s1_asthma_2-2,
  label_en: No,
  value: 2,
  dataset: ship-start
}"
59,Category,"{
  label_de: Antwort verweigert,
  id: cat-ship-s1_asthma_2-999,
  label_en: Refused to answer,
  value: 999,
  dataset: ship-start
}"
60,Category,"{
  label_de: Ja,
  id: cat-ship-s1_asthma_2-1,
  label_en: Yes,
  value: 1,
  dataset: ship-start
}"
61,Category,"{
  label_de: Weiß nicht,
  id: cat-ship-s1_asthma_2-998,
  label_en: Does not know,
  value: 998,
  dataset: ship-start
}"
62,Category,"{
  label_de: Trifft nicht zu,
  id: cat-ship-s1_asthma_2-997,
  label_en: Does not apply,
  value: 997,
  dataset: ship-start
}"
63,Category,"{
  label_de: Antwortverweigerung,
  id: cat-ship-s2_s2_inan_08-999,
  label_en: refused to answer,
  value: 999,
  dataset: ship-start
}"
64,Category,"{
  label_de: Ja,
  id: cat-ship-s2_s2_inan_08-1,
  label_en: Yes,
  value: 1,
  dataset: ship-start
}"
65,Category,"{
  label_de: Nein,
  id: cat-ship-s2_s2_inan_08-2,
  label_en: No,
  value: 2,
  dataset: ship-start
}"
66,Category,"{
  label_de: Weiß nicht,
  id: cat-ship-s2_s2_inan_08-998,
  label_en: do not know,
  value: 998,
  dataset: ship-start
}"
67,Category,"{
  label_de: Antwortverweigerung,
  id: cat-ship-s2_s2_belast_12-999,
  label_en: refused to answer,
  value: 999,
  dataset: ship-start
}"
68,Category,"{
  label_de: Ja,
  id: cat-ship-s2_s2_belast_12-1,
  label_en: Yes,
  value: 1,
  dataset: ship-start
}"
69,Category,"{
  label_de: Nein,
  id: cat-ship-s2_s2_belast_12-2,
  label_en: No,
  value: 2,
  dataset: ship-start
}"
70,Category,"{
  label_de: Weiß nicht,
  id: cat-ship-s2_s2_belast_12-998,
  label_en: do not know,
  value: 998,
  dataset: ship-start
}"
71,Category,"{
  label_de: Antwortverweigerung,
  id: cat-ship-s2_s2_belast_05-999,
  label_en: non-response,
  value: 999,
  dataset: ship-start
}"
72,Category,"{
  label_de: Nicht zutreffend,
  id: cat-ship-s2_s2_belast_05-997,
  label_en: does not apply,
  value: 997,
  dataset: ship-start
}"
73,Category,"{
  label_de: Weiß nicht,
  id: cat-ship-s2_s2_belast_05-998,
  label_en: I don't know,
  value: 998,
  dataset: ship-start
}"
74,Category,"{
  label_de: Antwortverweigerung,
  id: cat-ship-s2_s2_belast_05-9999,
  label_en: non-response (datetime),
  value: 9999,
  dataset: ship-start
}"
75,Category,"{
  label_de: Weiß nicht,
  id: cat-ship-s2_s2_belast_05-9998,
  label_en: I don't know (datetime),
  value: 9998,
  dataset: ship-start
}"
76,Category,"{
  label_de: Messung nicht möglich,
  id: cat-ship-s2_s2_belast_05-996,
  label_en: measurement not done,
  value: 996,
  dataset: ship-start
}"
77,Category,"{
  label_de: Ja,
  id: cat-ship-s3_frs_mobil_auto-1,
  label_en: Yes,
  value: 1,
  dataset: ship-start
}"
78,Category,"{
  label_de: Nein,
  id: cat-ship-s3_frs_mobil_auto-0,
  label_en: No,
  value: 0,
  dataset: ship-start
}"
79,Category,"{
  label_de: (999) Unbekannt,
  id: cat-ship-sl_a40d12-999,
  label_en: (999) Unknown,
  value: 999,
  dataset: ship-start
}"
80,Category,"{
  label_de: (1) Ja,
  id: cat-ship-sl_a40d12-1,
  label_en: (1) Yes,
  value: 1,
  dataset: ship-start
}"
81,Category,"{
  label_de: (888) Trifft nicht zu,
  id: cat-ship-sl_a40d12-888,
  label_en: (888) Does not apply,
  value: 888,
  dataset: ship-start
}"
82,Category,"{
  label_de: (777) Weiß nicht,
  id: cat-ship-sl_a40d12-777,
  label_en: (777) Don't know,
  value: 777,
  dataset: ship-start
}"
83,Category,"{
  label_de: (0) Nein,
  id: cat-ship-sl_a40d12-0,
  label_en: (0) No,
  value: 0,
  dataset: ship-start
}"
84,Category,"{
  label_de: (J) erlaubter Sprung,
  id: cat-ship-sl_a40d12-99983,
  label_en: (J) allowed jump,
  value: 99983,
  dataset: ship-start
}"
85,Category,"{
  label_de: (999) Unbekannt,
  id: cat-ship-sl_k24a5j-999,
  label_en: (999) Unknown,
  value: 999,
  dataset: ship-start
}"
86,Category,"{
  label_de: (888) Trifft nicht zu,
  id: cat-ship-sl_k24a5j-888,
  label_en: (888) Does not apply,
  value: 888,
  dataset: ship-start
}"
87,Category,"{
  label_de: (J) erlaubter Sprung,
  id: cat-ship-sl_k24a5j-99983,
  label_en: (J) jump allowed,
  value: 99983,
  dataset: ship-start
}"
88,Category,"{
  label_de: (777) Weiß nicht,
  id: cat-ship-sl_k24a5j-777,
  label_en: (777) Don't know,
  value: 777,
  dataset: ship-start
}"
89,Category,"{
  label_de: (J) erlaubter Sprung,
  id: cat-ship-sl_k22bd5j-99983,
  label_en: (J) allowed jump,
  value: 99983,
  dataset: ship-start
}"
90,Category,"{
  label_de: (999) Unbekannt,
  id: cat-ship-sl_k22bd5j-999,
  label_en: (999) Unknown,
  value: 999,
  dataset: ship-start
}"
91,Category,"{
  label_de: (4) negativ,
  id: cat-ship-sl_k22bd5j-4,
  label_en: (4) negative,
  value: 4,
  dataset: ship-start
}"
92,Category,"{
  label_de: (1) sehr positiv,
  id: cat-ship-sl_k22bd5j-1,
  label_en: (1) very positive,
  value: 1,
  dataset: ship-start
}"
93,Category,"{
  label_de: (888) Trifft nicht zu,
  id: cat-ship-sl_k22bd5j-888,
  label_en: (888) Does not apply,
  value: 888,
  dataset: ship-start
}"
94,Category,"{
  label_de: (777) Weiß nicht,
  id: cat-ship-sl_k22bd5j-777,
  label_en: (777) Don't know,
  value: 777,
  dataset: ship-start
}"
95,Category,"{
  label_de: (3) neutral,
  id: cat-ship-sl_k22bd5j-3,
  label_en: (3) neutral,
  value: 3,
  dataset: ship-start
}"
96,Category,"{
  label_de: (2) positiv,
  id: cat-ship-sl_k22bd5j-2,
  label_en: (2) positive,
  value: 2,
  dataset: ship-start
}"
97,Category,"{
  label_de: (5) sehr negativ,
  id: cat-ship-sl_k22bd5j-5,
  label_en: (5) very negative,
  value: 5,
  dataset: ship-start
}"
98,Category,"{
  label_de: weiß nicht,
  id: cat-ship-s0_oberf2-8,
  label_en: do not know,
  value: 8,
  dataset: ship-start
}"
99,Category,"{
  label_de: Heilpraktiker,
  id: cat-ship-s0_oberf2-2,
  label_en: alternative practitioner,
  value: 2,
  dataset: ship-start
}"
100,Category,"{
  label_de: Antwortverweigerung,
  id: cat-ship-s0_oberf2-9,
  label_en: Refusal to answer,
  value: 9,
  dataset: ship-start
}"
101,Category,"{
  label_de: anderer,
  id: cat-ship-s0_oberf2-3,
  label_en: other,
  value: 3,
  dataset: ship-start
}"
102,Category,"{
  label_de: Arzt,
  id: cat-ship-s0_oberf2-1,
  label_en: doctor,
  value: 1,
  dataset: ship-start
}"
103,Category,"{
  label_de: Ja,
  id: cat-ship-s0_wohn19_4-1,
  label_en: Yes,
  value: 1,
  dataset: ship-start
}"
104,Category,"{
  label_de: Keine Angabe,
  id: cat-ship-s0_wohn19_4-9,
  label_en: No information,
  value: 9,
  dataset: ship-start
}"
105,Category,"{
  label_de: Nicht auswertbar,
  id: cat-ship-s0_wohn19_4-8,
  label_en: Not evaluable,
  value: 8,
  dataset: ship-start
}"
106,Category,"{
  label_de: Nein,
  id: cat-ship-s0_wohn19_4-0,
  label_en: No,
  value: 0,
  dataset: ship-start
}"
107,Category,"{
  label_de: Nicht auswertbar,
  id: cat-ship-s0_rau79w-8,
  label_en: Not evaluable,
  value: 8,
  dataset: ship-start
}"
108,Category,"{
  label_de: Stimme nicht zu,
  id: cat-ship-s0_rau79w-2,
  label_en: Do not agree,
  value: 2,
  dataset: ship-start
}"
109,Category,"{
  label_de: Keine Angabe,
  id: cat-ship-s0_rau79w-9,
  label_en: No answer,
  value: 9,
  dataset: ship-start
}"
110,Category,"{
  label_de: Stimme sehr zu,
  id: cat-ship-s0_rau79w-5,
  label_en: Agree very much,
  value: 5,
  dataset: ship-start
}"
111,Category,"{
  label_de: Stimme zu,
  id: cat-ship-s0_rau79w-4,
  label_en: Agree,
  value: 4,
  dataset: ship-start
}"
112,Category,"{
  label_de: Bin unsicher,
  id: cat-ship-s0_rau79w-3,
  label_en: Am unsure,
  value: 3,
  dataset: ship-start
}"
113,Category,"{
  label_de: Stimme überhaupt nicht zu,
  id: cat-ship-s0_rau79w-1,
  label_en: Do not agree at all,
  value: 1,
  dataset: ship-start
}"
114,Category,"{
  label_de: verstorben,
  id: cat-ship-s0_mort_all-1,
  label_en: deceased,
  value: 1,
  dataset: ship-start
}"
115,Category,"{
  label_de: lebend,
  id: cat-ship-s0_mort_all-0,
  label_en: alive,
  value: 0,
  dataset: ship-start
}"
116,Category,"{
  label_de: keine Angabe,
  id: cat-ship-s1_inv_f08f-997,
  label_en: not specified,
  value: 997,
  dataset: ship-start
}"
117,Category,"{
  label_de: nichts,
  id: cat-ship-s1_inv_f08f-4,
  label_en: nothing,
  value: 4,
  dataset: ship-start
}"
118,Category,"{
  label_de: nur rechts,
  id: cat-ship-s1_inv_f08f-1,
  label_en: only right,
  value: 1,
  dataset: ship-start
}"
119,Category,"{
  label_de: beidseitig,
  id: cat-ship-s1_inv_f08f-3,
  label_en: both sides,
  value: 3,
  dataset: ship-start
}"
120,Category,"{
  label_de: nur links,
  id: cat-ship-s1_inv_f08f-2,
  label_en: left only,
  value: 2,
  dataset: ship-start
}"
121,Category,"{
  label_de: Nein,
  id: cat-ship-s1_asthma_4-2,
  label_en: No,
  value: 2,
  dataset: ship-start
}"
122,Category,"{
  label_de: Antwort verweigert,
  id: cat-ship-s1_asthma_4-999,
  label_en: Refused to answer,
  value: 999,
  dataset: ship-start
}"
123,Category,"{
  label_de: Ja,
  id: cat-ship-s1_asthma_4-1,
  label_en: Yes,
  value: 1,
  dataset: ship-start
}"
124,Category,"{
  label_de: Weiß nicht,
  id: cat-ship-s1_asthma_4-998,
  label_en: Does not know,
  value: 998,
  dataset: ship-start
}"
125,Category,"{
  label_de: Trifft nicht zu,
  id: cat-ship-s1_asthma_4-997,
  label_en: Does not apply,
  value: 997,
  dataset: ship-start
}"
126,Category,"{
  label_de: Antwortverweigerung,
  id: cat-ship-s2_s2_inan_04h-999,
  label_en: non-response,
  value: 999,
  dataset: ship-start
}"
127,Category,"{
  label_de: Nicht zutreffend,
  id: cat-ship-s2_s2_inan_04h-997,
  label_en: does not apply,
  value: 997,
  dataset: ship-start
}"
128,Category,"{
  label_de: Weiß nicht,
  id: cat-ship-s2_s2_inan_04h-998,
  label_en: I don't know,
  value: 998,
  dataset: ship-start
}"
129,Category,"{
  label_de: Antwortverweigerung,
  id: cat-ship-s2_s2_inan_04h-9999,
  label_en: non-response (datetime),
  value: 9999,
  dataset: ship-start
}"
130,Category,"{
  label_de: Weiß nicht,
  id: cat-ship-s2_s2_inan_04h-9998,
  label_en: I don't know (datetime),
  value: 9998,
  dataset: ship-start
}"
131,Category,"{
  label_de: Messung nicht möglich,
  id: cat-ship-s2_s2_inan_04h-996,
  label_en: measurement not done,
  value: 996,
  dataset: ship-start
}"
132,Category,"{
  label_de: Mehrmals im Monat,
  id: cat-ship-s2_s2_ernaehr_14-4,
  label_en: several times a month,
  value: 4,
  dataset: ship-start
}"
133,Category,"{
  label_de: Täglich oder fast täglich,
  id: cat-ship-s2_s2_ernaehr_14-1,
  label_en: every day or almost every day,
  value: 1,
  dataset: ship-start
}"
134,Category,"{
  label_de: Weiß nicht,
  id: cat-ship-s2_s2_ernaehr_14-998,
  label_en: I don't know,
  value: 998,
  dataset: ship-start
}"
135,Category,"{
  label_de: Nie oder fast nie,
  id: cat-ship-s2_s2_ernaehr_14-6,
  label_en: never or almost never,
  value: 6,
  dataset: ship-start
}"
136,Category,"{
  label_de: Etwa einmal in der Woche,
  id: cat-ship-s2_s2_ernaehr_14-3,
  label_en: about once a week,
  value: 3,
  dataset: ship-start
}"
137,Category,"{
  label_de: Etwa einmal im Monat oder seltener,
  id: cat-ship-s2_s2_ernaehr_14-5,
  label_en: about once a month or fewer,
  value: 5,
  dataset: ship-start
}"
138,Category,"{
  label_de: Antwortverweigerung,
  id: cat-ship-s2_s2_ernaehr_14-999,
  label_en: non-response,
  value: 999,
  dataset: ship-start
}"
139,Category,"{
  label_de: Mehrmals in der Woche,
  id: cat-ship-s2_s2_ernaehr_14-2,
  label_en: several times a week,
  value: 2,
  dataset: ship-start
}"
140,Category,"{
  label_de: nie,
  id: cat-ship-s2_frs_alltag_werk-3,
  label_en: never,
  value: 3,
  dataset: ship-start
}"
141,Category,"{
  label_de: manchmal,
  id: cat-ship-s2_frs_alltag_werk-2,
  label_en: sometimes,
  value: 2,
  dataset: ship-start
}"
142,Category,"{
  label_de: kein Feld angekreuzt,
  id: cat-ship-s2_frs_alltag_werk-9,
  label_en: no fields marked/no boxes checked,
  value: 9,
  dataset: ship-start
}"
143,Category,"{
  label_de: oft,
  id: cat-ship-s2_frs_alltag_werk-1,
  label_en: often,
  value: 1,
  dataset: ship-start
}"
144,Category,"{
  label_de: Antwortverweigerung,
  id: cat-ship-s3_int_baq_030a-999,
  label_en: refused to answer,
  value: 999,
  dataset: ship-start
}"
145,Category,"{
  label_de: Ja,
  id: cat-ship-s3_int_baq_030a-1,
  label_en: Yes,
  value: 1,
  dataset: ship-start
}"
146,Category,"{
  label_de: Weiß nicht,
  id: cat-ship-s3_int_baq_030a-998,
  label_en: do not know,
  value: 998,
  dataset: ship-start
}"
147,Category,"{
  label_de: Nein,
  id: cat-ship-s3_int_baq_030a-0,
  label_en: No,
  value: 0,
  dataset: ship-start
}"
148,Category,"{
  label_de: Verdacht auf Insuffizienz,
  id: cat-ship-s4_ech_tk-2,
  label_en: suspicion of insufficiency,
  value: 2,
  dataset: ship-start
}"
149,Category,"{
  label_de: Regurgitation,
  id: cat-ship-s4_ech_tk-1,
  label_en: regurgitation,
  value: 1,
  dataset: ship-start
}"
150,Category,"{
  label_de: Nein,
  id: cat-ship-s4_ech_tk-0,
  label_en: no,
  value: 0,
  dataset: ship-start
}"
151,Category,"{
  label_de: Nicht beurteilbar,
  id: cat-ship-s4_ech_tk-8,
  label_en: cannot be evaluated,
  value: 8,
  dataset: ship-start
}"
152,Category,"{
  label_de: (999) Unbekannt,
  id: cat-ship-sl_a40apap-999,
  label_en: (999) Unknown,
  value: 999,
  dataset: ship-start
}"
153,Category,"{
  label_de: (888) Trifft nicht zu,
  id: cat-ship-sl_a40apap-888,
  label_en: (888) Does not apply,
  value: 888,
  dataset: ship-start
}"
154,Category,"{
  label_de: (J) erlaubter Sprung,
  id: cat-ship-sl_a40apap-99983,
  label_en: (J) jump allowed,
  value: 99983,
  dataset: ship-start
}"
155,Category,"{
  label_de: (777) Weiß nicht,
  id: cat-ship-sl_a40apap-777,
  label_en: (777) Don't know,
  value: 777,
  dataset: ship-start
}"
156,Category,"{
  label_de: (999) Unbekannt,
  id: cat-ship-sl_o74lb16-999,
  label_en: (999) Unknown,
  value: 999,
  dataset: ship-start
}"
157,Category,"{
  label_de: (1) Ja,
  id: cat-ship-sl_o74lb16-1,
  label_en: (1) Yes,
  value: 1,
  dataset: ship-start
}"
158,Category,"{
  label_de: (888) Trifft nicht zu,
  id: cat-ship-sl_o74lb16-888,
  label_en: (888) Does not apply,
  value: 888,
  dataset: ship-start
}"
159,Category,"{
  label_de: (777) Weiß nicht,
  id: cat-ship-sl_o74lb16-777,
  label_en: (777) Don't know,
  value: 777,
  dataset: ship-start
}"
160,Category,"{
  label_de: (0) Nein,
  id: cat-ship-sl_o74lb16-0,
  label_en: (0) No,
  value: 0,
  dataset: ship-start
}"
161,Category,"{
  label_de: (J) erlaubter Sprung,
  id: cat-ship-sl_o74lb16-99983,
  label_en: (J) allowed jump,
  value: 99983,
  dataset: ship-start
}"
162,Category,"{
  label_de: (J) erlaubter Sprung,
  id: cat-ship-sl_b13bdsde-99983,
  label_en: (J) allowed jump,
  value: 99983,
  dataset: ship-start
}"
163,Category,"{
  label_de: (999) Unbekannt,
  id: cat-ship-sl_b13bdsde-999,
  label_en: (999) Unknown,
  value: 999,
  dataset: ship-start
}"
164,Category,"{
  label_de: (4) negativ,
  id: cat-ship-sl_b13bdsde-4,
  label_en: (4) negative,
  value: 4,
  dataset: ship-start
}"
165,Category,"{
  label_de: (777) Weiß nicht,
  id: cat-ship-sl_o74lb15-777,
  label_en: (777) Don't know,
  value: 777,
  dataset: ship-start
}"
166,Category,"{
  label_de: (0) Nein,
  id: cat-ship-sl_o74lb15-0,
  label_en: (0) No,
  value: 0,
  dataset: ship-start
}"
167,Category,"{
  label_de: (J) erlaubter Sprung,
  id: cat-ship-sl_w53dze-99983,
  label_en: (J) allowed jump,
  value: 99983,
  dataset: ship-start
}"
168,Category,"{
  label_de: (999) Unbekannt,
  id: cat-ship-sl_w53dze-999,
  label_en: (999) Unknown,
  value: 999,
  dataset: ship-start
}"
169,Category,"{
  label_de: (1) Ja,
  id: cat-ship-sl_w53dze-1,
  label_en: (1) Yes,
  value: 1,
  dataset: ship-start
}"
170,Category,"{
  label_de: (888) Trifft nicht zu,
  id: cat-ship-sl_w53dze-888,
  label_en: (888) Does not apply,
  value: 888,
  dataset: ship-start
}"
171,Category,"{
  label_de: (777) Weiß nicht,
  id: cat-ship-sl_w53dze-777,
  label_en: (777) Don't know,
  value: 777,
  dataset: ship-start
}"
172,Category,"{
  label_de: (0) Nein,
  id: cat-ship-sl_w53dze-0,
  label_en: (0) No,
  value: 0,
  dataset: ship-start
}"
173,Category,"{
  label_de: (J) erlaubter Sprung,
  id: cat-ship-sl_k24a12-99983,
  label_en: (J) jump allowed,
  value: 99983,
  dataset: ship-start
}"
174,Category,"{
  label_de: (777) Weiß nicht,
  id: cat-ship-sl_k24a12-777,
  label_en: (777) Don't know,
  value: 777,
  dataset: ship-start
}"
175,Category,"{
  label_de: (999) Unbekannt,
  id: cat-ship-sl_k24a12-999,
  label_en: (999) Unknown,
  value: 999,
  dataset: ship-start
}"
176,Category,"{
  label_de: (888) Trifft nicht zu,
  id: cat-ship-sl_k24a12-888,
  label_en: (888) Does not apply,
  value: 888,
  dataset: ship-start
}"
177,Category,"{
  label_de: (J) erlaubter Sprung,
  id: cat-ship-sl_l32dpam-99983,
  label_en: (J) allowed jump,
  value: 99983,
  dataset: ship-start
}"
178,Category,"{
  label_de: (999) Unbekannt,
  id: cat-ship-sl_l32dpam-999,
  label_en: (999) Unknown,
  value: 999,
  dataset: ship-start
}"
179,Category,"{
  label_de: (1) Ja,
  id: cat-ship-sl_l32dpam-1,
  label_en: (1) Yes,
  value: 1,
  dataset: ship-start
}"
180,Category,"{
  label_de: (888) Trifft nicht zu,
  id: cat-ship-sl_l32dpam-888,
  label_en: (888) Does not apply,
  value: 888,
  dataset: ship-start
}"
181,Category,"{
  label_de: (777) Weiß nicht,
  id: cat-ship-sl_l32dpam-777,
  label_en: (777) Don't know,
  value: 777,
  dataset: ship-start
}"
182,Category,"{
  label_de: (0) Nein,
  id: cat-ship-sl_l32dpam-0,
  label_en: (0) No,
  value: 0,
  dataset: ship-start
}"
183,Category,"{
  label_de: Antwort verweigert,
  id: cat-ship-s1_ptsdd_1-999,
  label_en: Refused to answer,
  value: 999,
  dataset: ship-start
}"
184,Category,"{
  label_de: Ja,
  id: cat-ship-s1_ptsdd_1-1,
  label_en: Yes,
  value: 1,
  dataset: ship-start
}"
185,Category,"{
  label_de: Weiß nicht,
  id: cat-ship-s1_ptsdd_1-998,
  label_en: Does not know,
  value: 998,
  dataset: ship-start
}"
186,Category,"{
  label_de: Trifft nicht zu,
  id: cat-ship-s1_ptsdd_1-997,
  label_en: Does not apply,
  value: 997,
  dataset: ship-start
}"
187,Category,"{
  label_de: Nein,
  id: cat-ship-s1_ptsdd_1-2,
  label_en: No,
  value: 2,
  dataset: ship-start
}"
188,Category,"{
  label_de: nicht erfasst,
  id: cat-ship-s2_mrt_adhoc_diss--1,
  label_en: not captured,
  value: -1,
  dataset: ship-start
}"
189,Category,"{
  label_de: Nein,
  id: cat-ship-s2_mrt_adhoc_diss-0,
  label_en: No,
  value: 0,
  dataset: ship-start
}"
190,Category,"{
  label_de: fraglich,
  id: cat-ship-s2_mrt_adhoc_diss-88,
  label_en: maybe,
  value: 88,
  dataset: ship-start
}"
191,Category,"{
  label_de: Ja,
  id: cat-ship-s2_mrt_adhoc_diss-1,
  label_en: Yes,
  value: 1,
  dataset: ship-start
}"
192,Category,"{
  label_de: Weiß nicht,
  id: cat-ship-s3_schmerz_10-998,
  label_en: don't know,
  value: 998,
  dataset: ship-start
}"
193,Category,"{
  label_de: Mehr als 3 Tage bis zu 7 Tagen,
  id: cat-ship-s3_schmerz_10-4,
  label_en: more than 3 days up to 7 days,
  value: 4,
  dataset: ship-start
}"
194,Category,"{
  label_de: Antwortverweigerung,
  id: cat-ship-s3_schmerz_10-999,
  label_en: refused to answer,
  value: 999,
  dataset: ship-start
}"
195,Category,"{
  label_de: Bis 30 Min.,
  id: cat-ship-s3_schmerz_10-1,
  label_en: up to 30 minutes,
  value: 1,
  dataset: ship-start
}"
196,Category,"{
  label_de: Mehr als 7 Tage,
  id: cat-ship-s3_schmerz_10-5,
  label_en: more than 7 days,
  value: 5,
  dataset: ship-start
}"
197,Category,"{
  label_de: Über 4 Std. bis 3 Tage,
  id: cat-ship-s3_schmerz_10-3,
  label_en: more than 4 hours; up to 3 days,
  value: 3,
  dataset: ship-start
}"
198,Category,"{
  label_de: Über 30 Min. bis 4 Std.,
  id: cat-ship-s3_schmerz_10-2,
  label_en: more than 30 min; up to 4 hours,
  value: 2,
  dataset: ship-start
}"
199,Category,"{
  label_de: Weiß nicht,
  id: cat-ship-s2_s2_inan_04m-998,
  label_en: do not know,
  value: 998,
  dataset: ship-start
}"
200,Category,"{
  label_de: Antwortverweigerung,
  id: cat-ship-s2_s2_inan_04m-999,
  label_en: refused to answer,
  value: 999,
  dataset: ship-start
}"
201,Category,"{
  label_de: Ja,
  id: cat-ship-s2_s2_inan_04m-1,
  label_en: Yes,
  value: 1,
  dataset: ship-start
}"
202,Category,"{
  label_de: Nein,
  id: cat-ship-s2_s2_inan_04m-2,
  label_en: No,
  value: 2,
  dataset: ship-start
}"
203,Category,"{
  label_de: Ja,
  id: cat-ship-s3_frs_mobil_begleit-1,
  label_en: Yes,
  value: 1,
  dataset: ship-start
}"
204,Category,"{
  label_de: Nein,
  id: cat-ship-s3_frs_mobil_begleit-0,
  label_en: No,
  value: 0,
  dataset: ship-start
}"
205,Category,"{
  label_de: (3) neutral,
  id: cat-ship-sl_l37bhsde-3,
  label_en: (3) neutral,
  value: 3,
  dataset: ship-start
}"
206,Category,"{
  label_de: (2) positiv,
  id: cat-ship-sl_l37bhsde-2,
  label_en: (2) positive,
  value: 2,
  dataset: ship-start
}"
207,Category,"{
  label_de: (5) sehr negativ,
  id: cat-ship-sl_l37bhsde-5,
  label_en: (5) very negative,
  value: 5,
  dataset: ship-start
}"
208,Category,"{
  label_de: (J) erlaubter Sprung,
  id: cat-ship-sl_l37bhsde-99983,
  label_en: (J) allowed jump,
  value: 99983,
  dataset: ship-start
}"
209,Category,"{
  label_de: (999) Unbekannt,
  id: cat-ship-sl_l37bhsde-999,
  label_en: (999) Unknown,
  value: 999,
  dataset: ship-start
}"
210,Category,"{
  label_de: (4) negativ,
  id: cat-ship-sl_l37bhsde-4,
  label_en: (4) negative,
  value: 4,
  dataset: ship-start
}"
211,Category,"{
  label_de: (1) sehr positiv,
  id: cat-ship-sl_l37bhsde-1,
  label_en: (1) very positive,
  value: 1,
  dataset: ship-start
}"
212,Category,"{
  label_de: (888) Trifft nicht zu,
  id: cat-ship-sl_l37bhsde-888,
  label_en: (888) Does not apply,
  value: 888,
  dataset: ship-start
}"
213,Category,"{
  label_de: (777) Weiß nicht,
  id: cat-ship-sl_l37bhsde-777,
  label_en: (777) Don't know,
  value: 777,
  dataset: ship-start
}"
214,Category,"{
  label_de: (3) neutral,
  id: cat-ship-sl_k22bh5j-3,
  label_en: (3) neutral,
  value: 3,
  dataset: ship-start
}"
215,Category,"{
  label_de: (2) positiv,
  id: cat-ship-sl_k22bh5j-2,
  label_en: (2) positive,
  value: 2,
  dataset: ship-start
}"
216,Category,"{
  label_de: (5) sehr negativ,
  id: cat-ship-sl_k22bh5j-5,
  label_en: (5) very negative,
  value: 5,
  dataset: ship-start
}"
217,Category,"{
  label_de: (J) erlaubter Sprung,
  id: cat-ship-sl_k22bh5j-99983,
  label_en: (J) allowed jump,
  value: 99983,
  dataset: ship-start
}"
218,Category,"{
  label_de: (999) Unbekannt,
  id: cat-ship-sl_k22bh5j-999,
  label_en: (999) Unknown,
  value: 999,
  dataset: ship-start
}"
219,Category,"{
  label_de: (4) negativ,
  id: cat-ship-sl_k22bh5j-4,
  label_en: (4) negative,
  value: 4,
  dataset: ship-start
}"
220,Category,"{
  label_de: (1) sehr positiv,
  id: cat-ship-sl_k22bh5j-1,
  label_en: (1) very positive,
  value: 1,
  dataset: ship-start
}"
221,Category,"{
  label_de: (888) Trifft nicht zu,
  id: cat-ship-sl_k22bh5j-888,
  label_en: (888) Does not apply,
  value: 888,
  dataset: ship-start
}"
222,Category,"{
  label_de: (777) Weiß nicht,
  id: cat-ship-sl_k22bh5j-777,
  label_en: (777) Don't know,
  value: 777,
  dataset: ship-start
}"
223,Category,"{
  label_de: (3) neutral,
  id: cat-ship-sl_a44bh1nd-3,
  label_en: (3) neutral,
  value: 3,
  dataset: ship-start
}"
224,Category,"{
  label_de: (2) positiv,
  id: cat-ship-sl_a44bh1nd-2,
  label_en: (2) positive,
  value: 2,
  dataset: ship-start
}"
225,Category,"{
  label_de: (5) sehr negativ,
  id: cat-ship-sl_a44bh1nd-5,
  label_en: (5) very negative,
  value: 5,
  dataset: ship-start
}"
226,Category,"{
  label_de: (J) erlaubter Sprung,
  id: cat-ship-sl_a44bh1nd-99983,
  label_en: (J) allowed jump,
  value: 99983,
  dataset: ship-start
}"
227,Category,"{
  label_de: (999) Unbekannt,
  id: cat-ship-sl_a44bh1nd-999,
  label_en: (999) Unknown,
  value: 999,
  dataset: ship-start
}"
228,Category,"{
  label_de: (4) negativ,
  id: cat-ship-sl_a44bh1nd-4,
  label_en: (4) negative,
  value: 4,
  dataset: ship-start
}"
229,Category,"{
  label_de: (1) sehr positiv,
  id: cat-ship-sl_a44bh1nd-1,
  label_en: (1) very positive,
  value: 1,
  dataset: ship-start
}"
230,Category,"{
  label_de: (888) Trifft nicht zu,
  id: cat-ship-sl_a44bh1nd-888,
  label_en: (888) Does not apply,
  value: 888,
  dataset: ship-start
}"
231,Category,"{
  label_de: (777) Weiß nicht,
  id: cat-ship-sl_a44bh1nd-777,
  label_en: (777) Don't know,
  value: 777,
  dataset: ship-start
}"
232,Category,"{
  label_de: (6a) Alkoholerkrankung ambulant,
  id: cat-ship-sl_fa_gv4a-60,
  label_en: (6a) Alcoholism outpatient,
  value: 60,
  dataset: ship-start
}"
233,Category,"{
  label_de: (4b) Depression stationär,
  id: cat-ship-sl_fa_gv4a-41,
  label_en: (4b) Depression inpatient,
  value: 41,
  dataset: ship-start
}"
234,Category,"{
  label_de: (3b) Angsterkrankung stationär,
  id: cat-ship-sl_fa_gv4a-31,
  label_en: (3b) Anxiety disorder inpatient,
  value: 31,
  dataset: ship-start
}"
235,Category,"{
  label_de: (2b) Bipolare Störung stationär,
  id: cat-ship-sl_fa_gv4a-21,
  label_en: (2b) Bipolar disorder inpatient,
  value: 21,
  dataset: ship-start
}"
236,Category,"{
  label_de: (2a) Bipolare Störung ambulant,
  id: cat-ship-sl_fa_gv4a-20,
  label_en: (2a) Bipolar disorder outpatient,
  value: 20,
  dataset: ship-start
}"
237,Category,"{
  label_de: (J) erlaubter Sprung,
  id: cat-ship-sl_fa_gv4a-99983,
  label_en: (J) allowed jump,
  value: 99983,
  dataset: ship-start
}"
238,Category,"{
  label_de: (888) Unzutreffend,
  id: cat-ship-sl_fa_gv4a-888,
  label_en: (888) Not applicable,
  value: 888,
  dataset: ship-start
}"
239,Category,"{
  label_de: (777) Weiß nicht,
  id: cat-ship-sl_fa_gv4a-777,
  label_en: (777) Don't know,
  value: 777,
  dataset: ship-start
}"
240,Category,"{
  label_de: (4a) Depression ambulant,
  id: cat-ship-sl_fa_gv4a-40,
  label_en: (4a) Depression outpatient,
  value: 40,
  dataset: ship-start
}"
241,Category,"{
  label_de: (1a) Schizophrenie ambulant,
  id: cat-ship-sl_fa_gv4a-10,
  label_en: (1a) Schizophrenia outpatient,
  value: 10,
  dataset: ship-start
}"
242,Category,"{
  label_de: (5b) Zwangserkrankung stationär,
  id: cat-ship-sl_fa_gv4a-51,
  label_en: (5b) Obsessive-compulsive disorder inpatient,
  value: 51,
  dataset: ship-start
}"
243,Category,"{
  label_de: (3a) Angsterkrankung ambulant,
  id: cat-ship-sl_fa_gv4a-30,
  label_en: (3a) Anxiety disorder outpatient,
  value: 30,
  dataset: ship-start
}"
244,Category,"{
  label_de: (1b) Schizophrenie stationär,
  id: cat-ship-sl_fa_gv4a-11,
  label_en: (1b) Schizophrenia inpatient,
  value: 11,
  dataset: ship-start
}"
245,Category,"{
  label_de: (999) Unbekannt,
  id: cat-ship-sl_fa_gv4a-999,
  label_en: (999) Unknown,
  value: 999,
  dataset: ship-start
}"
246,Category,"{
  label_de: (8) Nicht kodierbar, aber psych. Erkrankung vorhanden,
  id: cat-ship-sl_fa_gv4a-8,
  label_en: (8) Not codable, but mental illness present,
  value: 8,
  dataset: ship-start
}"
247,Category,"{
  label_de: (7b) Diagnose unbekannt stationär,
  id: cat-ship-sl_fa_gv4a-71,
  label_en: (7b) Diagnosis unknown inpatient,
  value: 71,
  dataset: ship-start
}"
248,Category,"{
  label_de: (7a) Diagnose unbekannt ambulant,
  id: cat-ship-sl_fa_gv4a-70,
  label_en: (7a) Diagnosis unknown outpatient,
  value: 70,
  dataset: ship-start
}"
249,Category,"{
  label_de: (6b) Alkoholerkrankung stationär,
  id: cat-ship-sl_fa_gv4a-61,
  label_en: (6b) Alcoholism inpatient,
  value: 61,
  dataset: ship-start
}"
250,Category,"{
  label_de: (5a) Zwangserkrankung ambulant,
  id: cat-ship-sl_fa_gv4a-50,
  label_en: (5a) Obsessive-compulsive disorder outpatient,
  value: 50,
  dataset: ship-start
}"
251,Category,"{
  label_de: (0) Keine weitere Erkrankung,
  id: cat-ship-sl_fa_gv4a-0,
  label_en: (0) No other disorder,
  value: 0,
  dataset: ship-start
}"
252,Category,"{
  label_de: Antwort verweigert,
  id: cat-ship-s1_frau_4-999,
  label_en: Refused to answer,
  value: 999,
  dataset: ship-start
}"
253,Category,"{
  label_de: Ja,
  id: cat-ship-s1_frau_4-1,
  label_en: Yes,
  value: 1,
  dataset: ship-start
}"
254,Category,"{
  label_de: Weiß nicht,
  id: cat-ship-s1_frau_4-998,
  label_en: Does not know,
  value: 998,
  dataset: ship-start
}"
255,Category,"{
  label_de: Trifft nicht zu,
  id: cat-ship-s1_frau_4-997,
  label_en: Does not apply,
  value: 997,
  dataset: ship-start
}"
256,Category,"{
  label_de: Nein,
  id: cat-ship-s1_frau_4-2,
  label_en: No,
  value: 2,
  dataset: ship-start
}"
257,Category,"{
  label_de: Weiß nicht,
  id: cat-ship-s2_s2_belast_16-998,
  label_en: do not know,
  value: 998,
  dataset: ship-start
}"
258,Category,"{
  label_de: Antwortverweigerung,
  id: cat-ship-s2_s2_belast_16-999,
  label_en: refused to answer,
  value: 999,
  dataset: ship-start
}"
259,Category,"{
  label_de: Ja,
  id: cat-ship-s2_s2_belast_16-1,
  label_en: Yes,
  value: 1,
  dataset: ship-start
}"
260,Category,"{
  label_de: Nein,
  id: cat-ship-s2_s2_belast_16-2,
  label_en: No,
  value: 2,
  dataset: ship-start
}"
261,Category,"{
  label_de: (3) neutral,
  id: cat-ship-sl_k21bh5j-3,
  label_en: (3) neutral,
  value: 3,
  dataset: ship-start
}"
262,Category,"{
  label_de: (2) positiv,
  id: cat-ship-sl_k21bh5j-2,
  label_en: (2) positive,
  value: 2,
  dataset: ship-start
}"
263,Category,"{
  label_de: (5) sehr negativ,
  id: cat-ship-sl_k21bh5j-5,
  label_en: (5) very negative,
  value: 5,
  dataset: ship-start
}"
264,Category,"{
  label_de: (J) erlaubter Sprung,
  id: cat-ship-sl_k21bh5j-99983,
  label_en: (J) allowed jump,
  value: 99983,
  dataset: ship-start
}"
265,Category,"{
  label_de: (999) Unbekannt,
  id: cat-ship-sl_k21bh5j-999,
  label_en: (999) Unknown,
  value: 999,
  dataset: ship-start
}"
266,Category,"{
  label_de: (4) negativ,
  id: cat-ship-sl_k21bh5j-4,
  label_en: (4) negative,
  value: 4,
  dataset: ship-start
}"
267,Category,"{
  label_de: (1) sehr positiv,
  id: cat-ship-sl_k21bh5j-1,
  label_en: (1) very positive,
  value: 1,
  dataset: ship-start
}"
268,Category,"{
  label_de: (888) Trifft nicht zu,
  id: cat-ship-sl_k21bh5j-888,
  label_en: (888) Does not apply,
  value: 888,
  dataset: ship-start
}"
269,Category,"{
  label_de: (777) Weiß nicht,
  id: cat-ship-sl_k21bh5j-777,
  label_en: (777) Don't know,
  value: 777,
  dataset: ship-start
}"
270,Category,"{
  label_de: (J) erlaubter Sprung,
  id: cat-ship-sl_l36apam-99983,
  label_en: (J) jump allowed,
  value: 99983,
  dataset: ship-start
}"
271,Category,"{
  label_de: (777) Weiß nicht,
  id: cat-ship-sl_l36apam-777,
  label_en: (777) Don't know,
  value: 777,
  dataset: ship-start
}"
272,Category,"{
  label_de: (999) Unbekannt,
  id: cat-ship-sl_l36apam-999,
  label_en: (999) Unknown,
  value: 999,
  dataset: ship-start
}"
273,Category,"{
  label_de: (888) Trifft nicht zu,
  id: cat-ship-sl_l36apam-888,
  label_en: (888) Does not apply,
  value: 888,
  dataset: ship-start
}"
274,Category,"{
  label_de: ja,
  id: cat-ship-s0_gicht3-1,
  label_en: yes,
  value: 1,
  dataset: ship-start
}"
275,Category,"{
  label_de: Antwortverweigerung,
  id: cat-ship-s0_gicht3-9,
  label_en: Refusal to answer,
  value: 9,
  dataset: ship-start
}"
276,Category,"{
  label_de: weiß nicht,
  id: cat-ship-s0_gicht3-8,
  label_en: do not know,
  value: 8,
  dataset: ship-start
}"
277,Category,"{
  label_de: nein,
  id: cat-ship-s0_gicht3-2,
  label_en: no,
  value: 2,
  dataset: ship-start
}"
278,Category,"{
  label_de: Weiß nicht,
  id: cat-ship-s1_frau_9-998,
  label_en: Does not know,
  value: 998,
  dataset: ship-start
}"
279,Category,"{
  label_de: Antwortverweigerung,
  id: cat-ship-s1_frau_9-999,
  label_en: Refused to answer,
  value: 999,
  dataset: ship-start
}"
280,Category,"{
  label_de: Trifft nicht zu,
  id: cat-ship-s1_frau_9-997,
  label_en: Does not apply,
  value: 997,
  dataset: ship-start
}"
281,Category,"{
  label_de: Weiß nicht,
  id: cat-ship-s2_s2_inan_04w-998,
  label_en: do not know,
  value: 998,
  dataset: ship-start
}"
282,Category,"{
  label_de: Nein,
  id: cat-ship-s2_s2_inan_04w-2,
  label_en: No,
  value: 2,
  dataset: ship-start
}"
283,Category,"{
  label_de: Ja,
  id: cat-ship-s2_s2_inan_04w-1,
  label_en: Yes,
  value: 1,
  dataset: ship-start
}"
284,Category,"{
  label_de: Antwortverweigerung,
  id: cat-ship-s2_s2_inan_04w-999,
  label_en: refused to answer,
  value: 999,
  dataset: ship-start
}"
285,Category,"{
  label_de: Antwortverweigerung,
  id: cat-ship-s2_s2_belast_11-9999,
  label_en: non-response (datetime),
  value: 9999,
  dataset: ship-start
}"
286,Category,"{
  label_de: Weiß nicht,
  id: cat-ship-s2_s2_belast_11-9998,
  label_en: I don't know (datetime),
  value: 9998,
  dataset: ship-start
}"
287,Category,"{
  label_de: Messung nicht möglich,
  id: cat-ship-s2_s2_belast_11-996,
  label_en: measurement not done,
  value: 996,
  dataset: ship-start
}"
288,Category,"{
  label_de: Weiß nicht,
  id: cat-ship-s2_s2_belast_11-998,
  label_en: I don't know,
  value: 998,
  dataset: ship-start
}"
289,Category,"{
  label_de: Nicht zutreffend,
  id: cat-ship-s2_s2_belast_11-997,
  label_en: does not apply,
  value: 997,
  dataset: ship-start
}"
290,Category,"{
  label_de: Antwortverweigerung,
  id: cat-ship-s2_s2_belast_11-999,
  label_en: non-response,
  value: 999,
  dataset: ship-start
}"
291,Category,"{
  label_de: nein,
  id: cat-ship-s3_stu_dna09-0,
  label_en: no,
  value: 0,
  dataset: ship-start
}"
292,Category,"{
  label_de: ja,
  id: cat-ship-s3_stu_dna09-1,
  label_en: yes,
  value: 1,
  dataset: ship-start
}"
293,Category,"{
  label_de: (J) erlaubter Sprung,
  id: cat-ship-sl_w53dpap-99983,
  label_en: (J) allowed jump,
  value: 99983,
  dataset: ship-start
}"
294,Category,"{
  label_de: (999) Unbekannt,
  id: cat-ship-sl_w53dpap-999,
  label_en: (999) Unknown,
  value: 999,
  dataset: ship-start
}"
295,Category,"{
  label_de: (1) Ja,
  id: cat-ship-sl_w53dpap-1,
  label_en: (1) Yes,
  value: 1,
  dataset: ship-start
}"
296,Category,"{
  label_de: (888) Trifft nicht zu,
  id: cat-ship-sl_w53dpap-888,
  label_en: (888) Does not apply,
  value: 888,
  dataset: ship-start
}"
297,Category,"{
  label_de: (777) Weiß nicht,
  id: cat-ship-sl_w53dpap-777,
  label_en: (777) Don't know,
  value: 777,
  dataset: ship-start
}"
298,Category,"{
  label_de: (0) Nein,
  id: cat-ship-sl_w53dpap-0,
  label_en: (0) No,
  value: 0,
  dataset: ship-start
}"
299,Category,"{
  label_de: Antwortverweigerung,
  id: cat-ship-s2_s2_ernaehr_12-999,
  label_en: non-response,
  value: 999,
  dataset: ship-start
}"
300,Category,"{
  label_de: Mehrmals in der Woche,
  id: cat-ship-s2_s2_ernaehr_12-2,
  label_en: several times a week,
  value: 2,
  dataset: ship-start
}"
301,Category,"{
  label_de: Mehrmals im Monat,
  id: cat-ship-s2_s2_ernaehr_12-4,
  label_en: several times a month,
  value: 4,
  dataset: ship-start
}"
302,Category,"{
  label_de: Täglich oder fast täglich,
  id: cat-ship-s2_s2_ernaehr_12-1,
  label_en: every day or almost every day,
  value: 1,
  dataset: ship-start
}"
303,Category,"{
  label_de: Weiß nicht,
  id: cat-ship-s2_s2_ernaehr_12-998,
  label_en: I don't know,
  value: 998,
  dataset: ship-start
}"
304,Category,"{
  label_de: Nie oder fast nie,
  id: cat-ship-s2_s2_ernaehr_12-6,
  label_en: never or almost never,
  value: 6,
  dataset: ship-start
}"
305,Category,"{
  label_de: Etwa einmal in der Woche,
  id: cat-ship-s2_s2_ernaehr_12-3,
  label_en: about once a week,
  value: 3,
  dataset: ship-start
}"
306,Category,"{
  label_de: Etwa einmal im Monat oder seltener,
  id: cat-ship-s2_s2_ernaehr_12-5,
  label_en: about once a month or fewer,
  value: 5,
  dataset: ship-start
}"
307,Category,"{
  label_de: (J) erlaubter Sprung,
  id: cat-ship-sl_a39apam-99983,
  label_en: (J) jump allowed,
  value: 99983,
  dataset: ship-start
}"
308,Category,"{
  label_de: (777) Weiß nicht,
  id: cat-ship-sl_a39apam-777,
  label_en: (777) Don't know,
  value: 777,
  dataset: ship-start
}"
309,Category,"{
  label_de: (999) Unbekannt,
  id: cat-ship-sl_a39apam-999,
  label_en: (999) Unknown,
  value: 999,
  dataset: ship-start
}"
310,Category,"{
  label_de: (888) Trifft nicht zu,
  id: cat-ship-sl_a39apam-888,
  label_en: (888) Does not apply,
  value: 888,
  dataset: ship-start
}"
311,Category,"{
  label_de: (3) neutral,
  id: cat-ship-sl_w53bhpap-3,
  label_en: (3) neutral,
  value: 3,
  dataset: ship-start
}"
312,Category,"{
  label_de: (2) positiv,
  id: cat-ship-sl_w53bhpap-2,
  label_en: (2) positive,
  value: 2,
  dataset: ship-start
}"
313,Category,"{
  label_de: (5) sehr negativ,
  id: cat-ship-sl_w53bhpap-5,
  label_en: (5) very negative,
  value: 5,
  dataset: ship-start
}"
314,Category,"{
  label_de: (J) erlaubter Sprung,
  id: cat-ship-sl_w53bhpap-99983,
  label_en: (J) allowed jump,
  value: 99983,
  dataset: ship-start
}"
315,Category,"{
  label_de: (999) Unbekannt,
  id: cat-ship-sl_w53bhpap-999,
  label_en: (999) Unknown,
  value: 999,
  dataset: ship-start
}"
316,Category,"{
  label_de: (4) negativ,
  id: cat-ship-sl_w53bhpap-4,
  label_en: (4) negative,
  value: 4,
  dataset: ship-start
}"
317,Category,"{
  label_de: (1) sehr positiv,
  id: cat-ship-sl_w53bhpap-1,
  label_en: (1) very positive,
  value: 1,
  dataset: ship-start
}"
318,Category,"{
  label_de: (888) Trifft nicht zu,
  id: cat-ship-sl_w53bhpap-888,
  label_en: (888) Does not apply,
  value: 888,
  dataset: ship-start
}"
319,Category,"{
  label_de: (777) Weiß nicht,
  id: cat-ship-sl_w53bhpap-777,
  label_en: (777) Don't know,
  value: 777,
  dataset: ship-start
}"
320,Category,"{
  label_de: (3) neutral,
  id: cat-ship-sl_f49bhsde-3,
  label_en: (3) neutral,
  value: 3,
  dataset: ship-start
}"
321,Category,"{
  label_de: (2) positiv,
  id: cat-ship-sl_f49bhsde-2,
  label_en: (2) positive,
  value: 2,
  dataset: ship-start
}"
322,Category,"{
  label_de: (5) sehr negativ,
  id: cat-ship-sl_f49bhsde-5,
  label_en: (5) very negative,
  value: 5,
  dataset: ship-start
}"
323,Category,"{
  label_de: (J) erlaubter Sprung,
  id: cat-ship-sl_f49bhsde-99983,
  label_en: (J) allowed jump,
  value: 99983,
  dataset: ship-start
}"
324,Category,"{
  label_de: (999) Unbekannt,
  id: cat-ship-sl_f49bhsde-999,
  label_en: (999) Unknown,
  value: 999,
  dataset: ship-start
}"
325,Category,"{
  label_de: (4) negativ,
  id: cat-ship-sl_f49bhsde-4,
  label_en: (4) negative,
  value: 4,
  dataset: ship-start
}"
326,Category,"{
  label_de: (1) sehr positiv,
  id: cat-ship-sl_f49bhsde-1,
  label_en: (1) very positive,
  value: 1,
  dataset: ship-start
}"
327,Category,"{
  label_de: (888) Trifft nicht zu,
  id: cat-ship-sl_f49bhsde-888,
  label_en: (888) Does not apply,
  value: 888,
  dataset: ship-start
}"
328,Category,"{
  label_de: (777) Weiß nicht,
  id: cat-ship-sl_f49bhsde-777,
  label_en: (777) Don't know,
  value: 777,
  dataset: ship-start
}"
329,Category,"{
  label_de: (J) erlaubter Sprung,
  id: cat-ship-sl_a44lb7-99983,
  label_en: (J) allowed jump,
  value: 99983,
  dataset: ship-start
}"
330,Category,"{
  label_de: (999) Unbekannt,
  id: cat-ship-sl_a44lb7-999,
  label_en: (999) Unknown,
  value: 999,
  dataset: ship-start
}"
331,Category,"{
  label_de: (1) Ja,
  id: cat-ship-sl_a44lb7-1,
  label_en: (1) Yes,
  value: 1,
  dataset: ship-start
}"
332,Category,"{
  label_de: (888) Trifft nicht zu,
  id: cat-ship-sl_a44lb7-888,
  label_en: (888) Does not apply,
  value: 888,
  dataset: ship-start
}"
333,Category,"{
  label_de: (777) Weiß nicht,
  id: cat-ship-sl_a44lb7-777,
  label_en: (777) Don't know,
  value: 777,
  dataset: ship-start
}"
334,Category,"{
  label_de: (0) Nein,
  id: cat-ship-sl_a44lb7-0,
  label_en: (0) No,
  value: 0,
  dataset: ship-start
}"
335,Category,"{
  label_de: ja,
  id: cat-ship-s0_uneben-1,
  label_en: yes,
  value: 1,
  dataset: ship-start
}"
336,Category,"{
  label_de: Antwortverweigerung,
  id: cat-ship-s0_uneben-9,
  label_en: Refusal to answer,
  value: 9,
  dataset: ship-start
}"
337,Category,"{
  label_de: weiß nicht,
  id: cat-ship-s0_uneben-8,
  label_en: do not know,
  value: 8,
  dataset: ship-start
}"
338,Category,"{
  label_de: nein,
  id: cat-ship-s0_uneben-2,
  label_en: no,
  value: 2,
  dataset: ship-start
}"
339,Category,"{
  id: cat-ship-s0_mort_chd-0,
  label_en: (0) No,
  value: 0,
  dataset: ship-start
}"
340,Category,"{
  id: cat-ship-s0_mort_chd-1,
  label_en: (1) Yes,
  value: 1,
  dataset: ship-start
}"
341,Category,"{
  label_de: keine Angabe,
  id: cat-ship-s1_frage30bantwort2-997,
  label_en: not specified,
  value: 997,
  dataset: ship-start
}"
342,Category,"{
  label_de: keine Angabe,
  id: cat-ship-s1_frage30bantwort1-997,
  label_en: not specified,
  value: 997,
  dataset: ship-start
}"
343,Category,"{
  label_de: (3) neutral,
  id: cat-ship-sl_a44bh1de-3,
  label_en: (3) neutral,
  value: 3,
  dataset: ship-start
}"
344,Category,"{
  label_de: (2) positiv,
  id: cat-ship-sl_a44bh1de-2,
  label_en: (2) positive,
  value: 2,
  dataset: ship-start
}"
345,Category,"{
  label_de: (5) sehr negativ,
  id: cat-ship-sl_a44bh1de-5,
  label_en: (5) very negative,
  value: 5,
  dataset: ship-start
}"
346,Category,"{
  label_de: (J) erlaubter Sprung,
  id: cat-ship-sl_a44bh1de-99983,
  label_en: (J) allowed jump,
  value: 99983,
  dataset: ship-start
}"
347,Category,"{
  label_de: (999) Unbekannt,
  id: cat-ship-sl_a44bh1de-999,
  label_en: (999) Unknown,
  value: 999,
  dataset: ship-start
}"
348,Category,"{
  label_de: (4) negativ,
  id: cat-ship-sl_a44bh1de-4,
  label_en: (4) negative,
  value: 4,
  dataset: ship-start
}"
349,Category,"{
  label_de: (1) sehr positiv,
  id: cat-ship-sl_a44bh1de-1,
  label_en: (1) very positive,
  value: 1,
  dataset: ship-start
}"
350,Category,"{
  label_de: (888) Trifft nicht zu,
  id: cat-ship-sl_a44bh1de-888,
  label_en: (888) Does not apply,
  value: 888,
  dataset: ship-start
}"
351,Category,"{
  label_de: (777) Weiß nicht,
  id: cat-ship-sl_a44bh1de-777,
  label_en: (777) Don't know,
  value: 777,
  dataset: ship-start
}"
352,Category,"{
  label_de: (J) erlaubter Sprung,
  id: cat-ship-sl_k22apap-99983,
  label_en: (J) jump allowed,
  value: 99983,
  dataset: ship-start
}"
353,Category,"{
  label_de: (777) Weiß nicht,
  id: cat-ship-sl_k22apap-777,
  label_en: (777) Don't know,
  value: 777,
  dataset: ship-start
}"
354,Category,"{
  label_de: (999) Unbekannt,
  id: cat-ship-sl_k22apap-999,
  label_en: (999) Unknown,
  value: 999,
  dataset: ship-start
}"
355,Category,"{
  label_de: (888) Trifft nicht zu,
  id: cat-ship-sl_k22apap-888,
  label_en: (888) Does not apply,
  value: 888,
  dataset: ship-start
}"
356,Category,"{
  label_de: ja,
  id: cat-ship-s0_statmi2-1,
  label_en: yes,
  value: 1,
  dataset: ship-start
}"
357,Category,"{
  label_de: Antwortverweigerung,
  id: cat-ship-s0_statmi2-9,
  label_en: Refusal to answer,
  value: 9,
  dataset: ship-start
}"
358,Category,"{
  label_de: weiß nicht,
  id: cat-ship-s0_statmi2-8,
  label_en: do not know,
  value: 8,
  dataset: ship-start
}"
359,Category,"{
  label_de: nein,
  id: cat-ship-s0_statmi2-2,
  label_en: no,
  value: 2,
  dataset: ship-start
}"
360,Category,"{
  label_de: falsche/ gar keine Antwort,
  id: cat-ship-s1_mini_12c-0,
  label_en: wrong/ no answer,
  value: 0,
  dataset: ship-start
}"
361,Category,"{
  label_de: richtige Antwort,
  id: cat-ship-s1_mini_12c-1,
  label_en: correct answer,
  value: 1,
  dataset: ship-start
}"
362,Category,"{
  label_de: Mäßig,
  id: cat-ship-s2_ges_bl_38-3,
  label_en: moderate,
  value: 3,
  dataset: ship-start
}"
363,Category,"{
  label_de: Stark,
  id: cat-ship-s2_ges_bl_38-4,
  label_en: highly,
  value: 4,
  dataset: ship-start
}"
364,Category,"{
  label_de: Kaum,
  id: cat-ship-s2_ges_bl_38-2,
  label_en: little,
  value: 2,
  dataset: ship-start
}"
365,Category,"{
  label_de: Gar nicht,
  id: cat-ship-s2_ges_bl_38-1,
  label_en: none,
  value: 1,
  dataset: ship-start
}"
366,Category,"{
  label_de: (J) erlaubter Sprung,
  id: cat-ship-sl_a44lb4-99983,
  label_en: (J) allowed jump,
  value: 99983,
  dataset: ship-start
}"
367,Category,"{
  label_de: (999) Unbekannt,
  id: cat-ship-sl_a44lb4-999,
  label_en: (999) Unknown,
  value: 999,
  dataset: ship-start
}"
368,Category,"{
  label_de: (1) Ja,
  id: cat-ship-sl_a44lb4-1,
  label_en: (1) Yes,
  value: 1,
  dataset: ship-start
}"
369,Category,"{
  label_de: (888) Trifft nicht zu,
  id: cat-ship-sl_a44lb4-888,
  label_en: (888) Does not apply,
  value: 888,
  dataset: ship-start
}"
370,Category,"{
  label_de: (777) Weiß nicht,
  id: cat-ship-sl_a44lb4-777,
  label_en: (777) Don't know,
  value: 777,
  dataset: ship-start
}"
371,Category,"{
  label_de: (0) Nein,
  id: cat-ship-sl_a44lb4-0,
  label_en: (0) No,
  value: 0,
  dataset: ship-start
}"
372,Category,"{
  label_de: (J) erlaubter Sprung,
  id: cat-ship-sl_l32dpap-99983,
  label_en: (J) allowed jump,
  value: 99983,
  dataset: ship-start
}"
373,Category,"{
  label_de: (999) Unbekannt,
  id: cat-ship-sl_l32dpap-999,
  label_en: (999) Unknown,
  value: 999,
  dataset: ship-start
}"
374,Category,"{
  label_de: (1) Ja,
  id: cat-ship-sl_l32dpap-1,
  label_en: (1) Yes,
  value: 1,
  dataset: ship-start
}"
375,Category,"{
  label_de: (888) Trifft nicht zu,
  id: cat-ship-sl_l32dpap-888,
  label_en: (888) Does not apply,
  value: 888,
  dataset: ship-start
}"
376,Category,"{
  label_de: (777) Weiß nicht,
  id: cat-ship-sl_l32dpap-777,
  label_en: (777) Don't know,
  value: 777,
  dataset: ship-start
}"
377,Category,"{
  label_de: (0) Nein,
  id: cat-ship-sl_l32dpap-0,
  label_en: (0) No,
  value: 0,
  dataset: ship-start
}"
378,Category,"{
  label_de: kaum verändert?,
  id: cat-ship-s0_wend49-3,
  label_en: hardly changed?,
  value: 3,
  dataset: ship-start
}"
379,Category,"{
  label_de: trifft nicht zu (Antwort),
  id: cat-ship-s0_wend49-4,
  label_en: not applicable (answer),
  value: 4,
  dataset: ship-start
}"
380,Category,"{
  label_de: Keine Angabe,
  id: cat-ship-s0_wend49-9,
  label_en: No answer,
  value: 9,
  dataset: ship-start
}"
381,Category,"{
  label_de: Nicht auswertbar,
  id: cat-ship-s0_wend49-8,
  label_en: Not evaluable,
  value: 8,
  dataset: ship-start
}"
382,Category,"{
  label_de: verschlechtert?,
  id: cat-ship-s0_wend49-2,
  label_en: worsened?,
  value: 2,
  dataset: ship-start
}"
383,Category,"{
  label_de: verbessert?,
  id: cat-ship-s0_wend49-1,
  label_en: improved?,
  value: 1,
  dataset: ship-start
}"
384,Category,"{
  label_de: Antwort verweigert,
  id: cat-ship-s1_ptsdc_2-999,
  label_en: Refused to answer,
  value: 999,
  dataset: ship-start
}"
385,Category,"{
  label_de: Ja,
  id: cat-ship-s1_ptsdc_2-1,
  label_en: Yes,
  value: 1,
  dataset: ship-start
}"
386,Category,"{
  label_de: Weiß nicht,
  id: cat-ship-s1_ptsdc_2-998,
  label_en: Does not know,
  value: 998,
  dataset: ship-start
}"
387,Category,"{
  label_de: Trifft nicht zu,
  id: cat-ship-s1_ptsdc_2-997,
  label_en: Does not apply,
  value: 997,
  dataset: ship-start
}"
388,Category,"{
  label_de: Nein,
  id: cat-ship-s1_ptsdc_2-2,
  label_en: No,
  value: 2,
  dataset: ship-start
}"
389,Category,"{
  label_de: Nein,
  id: cat-ship-s2_mrt_mamvol_bild-0,
  label_en: No,
  value: 0,
  dataset: ship-start
}"
390,Category,"{
  label_de: Ja,
  id: cat-ship-s2_mrt_mamvol_bild-1,
  label_en: Yes,
  value: 1,
  dataset: ship-start
}"
391,Category,"{
  label_de: kein Feld angekreuzt,
  id: cat-ship-s2_frs_alltag_wortfind-9,
  label_en: no fields marked/no boxes checked,
  value: 9,
  dataset: ship-start
}"
392,Category,"{
  label_de: oft,
  id: cat-ship-s2_frs_alltag_wortfind-1,
  label_en: often,
  value: 1,
  dataset: ship-start
}"
393,Category,"{
  label_de: nie,
  id: cat-ship-s2_frs_alltag_wortfind-3,
  label_en: never,
  value: 3,
  dataset: ship-start
}"
394,Category,"{
  label_de: manchmal,
  id: cat-ship-s2_frs_alltag_wortfind-2,
  label_en: sometimes,
  value: 2,
  dataset: ship-start
}"
395,Category,"{
  label_de: (999) Unbekannt,
  id: cat-ship-sl_kfb8-999,
  label_en: (999) Unknown,
  value: 999,
  dataset: ship-start
}"
396,Category,"{
  label_de: (5) trifft genau zu,
  id: cat-ship-sl_kfb8-5,
  label_en: (5) Applies exactly,
  value: 5,
  dataset: ship-start
}"
397,Category,"{
  label_de: (3),
  id: cat-ship-sl_kfb8-3,
  label_en: -3,
  value: 3,
  dataset: ship-start
}"
398,Category,"{
  label_de: (2),
  id: cat-ship-sl_kfb8-2,
  label_en: -2,
  value: 2,
  dataset: ship-start
}"
399,Category,"{
  label_de: (J) erlaubter Sprung,
  id: cat-ship-sl_kfb8-99983,
  label_en: (J) allowed jump,
  value: 99983,
  dataset: ship-start
}"
400,Category,"{
  label_de: (777) Weiß nicht,
  id: cat-ship-sl_kfb8-777,
  label_en: (777) Don't know,
  value: 777,
  dataset: ship-start
}"
401,Category,"{
  label_de: (1),
  id: cat-ship-sl_kfb8-1,
  label_en: -1,
  value: 1,
  dataset: ship-start
}"
402,Category,"{
  label_de: (0) trifft gar nicht zu,
  id: cat-ship-sl_kfb8-0,
  label_en: (0) does not apply at all,
  value: 0,
  dataset: ship-start
}"
403,Category,"{
  label_de: (4),
  id: cat-ship-sl_kfb8-4,
  label_en: -4,
  value: 4,
  dataset: ship-start
}"
404,Category,"{
  label_de: ja,
  id: cat-ship-s0_oberf1-1,
  label_en: yes,
  value: 1,
  dataset: ship-start
}"
405,Category,"{
  label_de: Antwortverweigerung,
  id: cat-ship-s0_oberf1-9,
  label_en: Refusal to answer,
  value: 9,
  dataset: ship-start
}"
406,Category,"{
  label_de: weiß nicht,
  id: cat-ship-s0_oberf1-8,
  label_en: do not know,
  value: 8,
  dataset: ship-start
}"
407,Category,"{
  label_de: nein,
  id: cat-ship-s0_oberf1-2,
  label_en: no,
  value: 2,
  dataset: ship-start
}"
408,Category,"{
  label_de: Nicht auswertbar,
  id: cat-ship-s0_verk302-98,
  label_en: Not evaluable,
  value: 98,
  dataset: ship-start
}"
409,Category,"{
  label_de: Keine Angabe,
  id: cat-ship-s0_verk302-99,
  label_en: No information,
  value: 99,
  dataset: ship-start
}"
410,Category,"{
  label_de: mehr als 20 Jahre,
  id: cat-ship-s1_kom_f06b-5,
  label_en: more than 20 years,
  value: 5,
  dataset: ship-start
}"
411,Category,"{
  label_de: 11-20 Jahre,
  id: cat-ship-s1_kom_f06b-4,
  label_en: 11-20 years,
  value: 4,
  dataset: ship-start
}"
412,Category,"{
  label_de: keine Angabe,
  id: cat-ship-s1_kom_f06b-997,
  label_en: not specified,
  value: 997,
  dataset: ship-start
}"
413,Category,"{
  label_de: seit einem Jahr,
  id: cat-ship-s1_kom_f06b-1,
  label_en: since one year,
  value: 1,
  dataset: ship-start
}"
414,Category,"{
  label_de: 2-5 Jahre,
  id: cat-ship-s1_kom_f06b-2,
  label_en: 2-5 years,
  value: 2,
  dataset: ship-start
}"
415,Category,"{
  label_de: nicht erinnerlich,
  id: cat-ship-s1_kom_f06b-998,
  label_en: not remembered,
  value: 998,
  dataset: ship-start
}"
416,Category,"{
  label_de: 6-10 Jahre,
  id: cat-ship-s1_kom_f06b-3,
  label_en: 6-10 years,
  value: 3,
  dataset: ship-start
}"
417,Category,"{
  label_de: keine Angabe,
  id: cat-ship-s1_frage30bantwort4-997,
  label_en: not specified,
  value: 997,
  dataset: ship-start
}"
418,Category,"{
  label_de: Antwort verweigert,
  id: cat-ship-s1_frau_1-999,
  label_en: Refused to answer,
  value: 999,
  dataset: ship-start
}"
419,Category,"{
  label_de: Ja,
  id: cat-ship-s1_frau_1-1,
  label_en: Yes,
  value: 1,
  dataset: ship-start
}"
420,Category,"{
  label_de: Weiß nicht,
  id: cat-ship-s1_frau_1-998,
  label_en: Does not know,
  value: 998,
  dataset: ship-start
}"
421,Category,"{
  label_de: Ja,
  id: cat-ship-s2_s2_inan_04i-1,
  label_en: Yes,
  value: 1,
  dataset: ship-start
}"
422,Category,"{
  label_de: Nein,
  id: cat-ship-s2_s2_inan_04i-2,
  label_en: No,
  value: 2,
  dataset: ship-start
}"
423,Category,"{
  label_de: Nein,
  id: cat-ship-s3_sd_bef_schall-0,
  label_en: No,
  value: 0,
  dataset: ship-start
}"
424,Category,"{
  label_de: Ja,
  id: cat-ship-s3_sd_bef_schall-1,
  label_en: Yes,
  value: 1,
  dataset: ship-start
}"
425,Category,"{
  label_de: (3) neutral,
  id: cat-ship-sl_k28bh1de-3,
  label_en: (3) neutral,
  value: 3,
  dataset: ship-start
}"
426,Category,"{
  label_de: (2) positiv,
  id: cat-ship-sl_k28bh1de-2,
  label_en: (2) positive,
  value: 2,
  dataset: ship-start
}"
427,Category,"{
  label_de: (5) sehr negativ,
  id: cat-ship-sl_k28bh1de-5,
  label_en: (5) very negative,
  value: 5,
  dataset: ship-start
}"
428,Category,"{
  label_de: (J) erlaubter Sprung,
  id: cat-ship-sl_k28bh1de-99983,
  label_en: (J) allowed jump,
  value: 99983,
  dataset: ship-start
}"
429,Category,"{
  label_de: (999) Unbekannt,
  id: cat-ship-sl_k28bh1de-999,
  label_en: (999) Unknown,
  value: 999,
  dataset: ship-start
}"
430,Category,"{
  label_de: (4) negativ,
  id: cat-ship-sl_k28bh1de-4,
  label_en: (4) negative,
  value: 4,
  dataset: ship-start
}"
431,Category,"{
  label_de: (1) sehr positiv,
  id: cat-ship-sl_k28bh1de-1,
  label_en: (1) very positive,
  value: 1,
  dataset: ship-start
}"
432,Category,"{
  label_de: (888) Trifft nicht zu,
  id: cat-ship-sl_k28bh1de-888,
  label_en: (888) Does not apply,
  value: 888,
  dataset: ship-start
}"
433,Category,"{
  label_de: (777) Weiß nicht,
  id: cat-ship-sl_k28bh1de-777,
  label_en: (777) Don't know,
  value: 777,
  dataset: ship-start
}"
434,Category,"{
  label_de: (J) erlaubter Sprung,
  id: cat-ship-sl_b13dze-99983,
  label_en: (J) allowed jump,
  value: 99983,
  dataset: ship-start
}"
435,Category,"{
  label_de: (999) Unbekannt,
  id: cat-ship-sl_b13dze-999,
  label_en: (999) Unknown,
  value: 999,
  dataset: ship-start
}"
436,Category,"{
  label_de: (1) Ja,
  id: cat-ship-sl_b13dze-1,
  label_en: (1) Yes,
  value: 1,
  dataset: ship-start
}"
437,Category,"{
  label_de: (888) Trifft nicht zu,
  id: cat-ship-sl_b13dze-888,
  label_en: (888) Does not apply,
  value: 888,
  dataset: ship-start
}"
438,Category,"{
  label_de: (777) Weiß nicht,
  id: cat-ship-sl_b13dze-777,
  label_en: (777) Don't know,
  value: 777,
  dataset: ship-start
}"
439,Category,"{
  label_de: (0) Nein,
  id: cat-ship-sl_b13dze-0,
  label_en: (0) No,
  value: 0,
  dataset: ship-start
}"
440,Category,"{
  label_de: Nein,
  id: cat-ship-s4_fin_rente_info-0,
  label_en: No,
  value: 0,
  dataset: ship-start
}"
441,Category,"{
  label_de: Ja,
  id: cat-ship-s4_fin_rente_info-1,
  label_en: Yes,
  value: 1,
  dataset: ship-start
}"
442,Category,"{
  label_de: (3) neutral,
  id: cat-ship-sl_a39bhpam-3,
  label_en: (3) neutral,
  value: 3,
  dataset: ship-start
}"
443,Category,"{
  label_de: (2) positiv,
  id: cat-ship-sl_a39bhpam-2,
  label_en: (2) positive,
  value: 2,
  dataset: ship-start
}"
444,Category,"{
  label_de: (5) sehr negativ,
  id: cat-ship-sl_a39bhpam-5,
  label_en: (5) very negative,
  value: 5,
  dataset: ship-start
}"
445,Category,"{
  label_de: (J) erlaubter Sprung,
  id: cat-ship-sl_a39bhpam-99983,
  label_en: (J) allowed jump,
  value: 99983,
  dataset: ship-start
}"
446,Category,"{
  label_de: (999) Unbekannt,
  id: cat-ship-sl_a39bhpam-999,
  label_en: (999) Unknown,
  value: 999,
  dataset: ship-start
}"
447,Category,"{
  label_de: (4) negativ,
  id: cat-ship-sl_a39bhpam-4,
  label_en: (4) negative,
  value: 4,
  dataset: ship-start
}"
448,Category,"{
  label_de: (1) sehr positiv,
  id: cat-ship-sl_a39bhpam-1,
  label_en: (1) very positive,
  value: 1,
  dataset: ship-start
}"
449,Category,"{
  label_de: (888) Trifft nicht zu,
  id: cat-ship-sl_a39bhpam-888,
  label_en: (888) Does not apply,
  value: 888,
  dataset: ship-start
}"
450,Category,"{
  label_de: (777) Weiß nicht,
  id: cat-ship-sl_a39bhpam-777,
  label_en: (777) Don't know,
  value: 777,
  dataset: ship-start
}"
451,Category,"{
  label_de: (J) erlaubter Sprung,
  id: cat-ship-sl_k22lb9-99983,
  label_en: (J) allowed jump,
  value: 99983,
  dataset: ship-start
}"
452,Category,"{
  label_de: (999) Unbekannt,
  id: cat-ship-sl_k22lb9-999,
  label_en: (999) Unknown,
  value: 999,
  dataset: ship-start
}"
453,Category,"{
  label_de: (1) Ja,
  id: cat-ship-sl_k22lb9-1,
  label_en: (1) Yes,
  value: 1,
  dataset: ship-start
}"
454,Category,"{
  label_de: (888) Trifft nicht zu,
  id: cat-ship-sl_k22lb9-888,
  label_en: (888) Does not apply,
  value: 888,
  dataset: ship-start
}"
455,Category,"{
  label_de: (777) Weiß nicht,
  id: cat-ship-sl_k22lb9-777,
  label_en: (777) Don't know,
  value: 777,
  dataset: ship-start
}"
456,Category,"{
  label_de: (0) Nein,
  id: cat-ship-sl_k22lb9-0,
  label_en: (0) No,
  value: 0,
  dataset: ship-start
}"
457,Category,"{
  label_de: (3) neutral,
  id: cat-ship-sl_l32bh5j-3,
  label_en: (3) neutral,
  value: 3,
  dataset: ship-start
}"
458,Category,"{
  label_de: (2) positiv,
  id: cat-ship-sl_l32bh5j-2,
  label_en: (2) positive,
  value: 2,
  dataset: ship-start
}"
459,Category,"{
  label_de: (5) sehr negativ,
  id: cat-ship-sl_l32bh5j-5,
  label_en: (5) very negative,
  value: 5,
  dataset: ship-start
}"
460,Category,"{
  label_de: (J) erlaubter Sprung,
  id: cat-ship-sl_l32bh5j-99983,
  label_en: (J) allowed jump,
  value: 99983,
  dataset: ship-start
}"
461,Category,"{
  label_de: (999) Unbekannt,
  id: cat-ship-sl_l32bh5j-999,
  label_en: (999) Unknown,
  value: 999,
  dataset: ship-start
}"
462,Category,"{
  label_de: (4) negativ,
  id: cat-ship-sl_l32bh5j-4,
  label_en: (4) negative,
  value: 4,
  dataset: ship-start
}"
463,Category,"{
  label_de: (1) sehr positiv,
  id: cat-ship-sl_l32bh5j-1,
  label_en: (1) very positive,
  value: 1,
  dataset: ship-start
}"
464,Category,"{
  label_de: (888) Trifft nicht zu,
  id: cat-ship-sl_l32bh5j-888,
  label_en: (888) Does not apply,
  value: 888,
  dataset: ship-start
}"
465,Category,"{
  label_de: (777) Weiß nicht,
  id: cat-ship-sl_l32bh5j-777,
  label_en: (777) Don't know,
  value: 777,
  dataset: ship-start
}"
466,Category,"{
  label_de: (3) neutral,
  id: cat-ship-sl_f49bhpap-3,
  label_en: (3) neutral,
  value: 3,
  dataset: ship-start
}"
467,Category,"{
  label_de: (2) positiv,
  id: cat-ship-sl_f49bhpap-2,
  label_en: (2) positive,
  value: 2,
  dataset: ship-start
}"
468,Category,"{
  label_de: (5) sehr negativ,
  id: cat-ship-sl_f49bhpap-5,
  label_en: (5) very negative,
  value: 5,
  dataset: ship-start
}"
469,Category,"{
  label_de: (J) erlaubter Sprung,
  id: cat-ship-sl_f49bhpap-99983,
  label_en: (J) allowed jump,
  value: 99983,
  dataset: ship-start
}"
470,Category,"{
  label_de: (999) Unbekannt,
  id: cat-ship-sl_f49bhpap-999,
  label_en: (999) Unknown,
  value: 999,
  dataset: ship-start
}"
471,Category,"{
  label_de: (4) negativ,
  id: cat-ship-sl_f49bhpap-4,
  label_en: (4) negative,
  value: 4,
  dataset: ship-start
}"
472,Category,"{
  label_de: (1) sehr positiv,
  id: cat-ship-sl_f49bhpap-1,
  label_en: (1) very positive,
  value: 1,
  dataset: ship-start
}"
473,Category,"{
  label_de: (888) Trifft nicht zu,
  id: cat-ship-sl_f49bhpap-888,
  label_en: (888) Does not apply,
  value: 888,
  dataset: ship-start
}"
474,Category,"{
  label_de: (777) Weiß nicht,
  id: cat-ship-sl_f49bhpap-777,
  label_en: (777) Don't know,
  value: 777,
  dataset: ship-start
}"
475,Category,"{
  label_de: (J) erlaubter Sprung,
  id: cat-ship-sl_l36apap-99983,
  label_en: (J) jump allowed,
  value: 99983,
  dataset: ship-start
}"
476,Category,"{
  label_de: (777) Weiß nicht,
  id: cat-ship-sl_l36apap-777,
  label_en: (777) Don't know,
  value: 777,
  dataset: ship-start
}"
477,Category,"{
  label_de: (999) Unbekannt,
  id: cat-ship-sl_l36apap-999,
  label_en: (999) Unknown,
  value: 999,
  dataset: ship-start
}"
478,Category,"{
  label_de: (888) Trifft nicht zu,
  id: cat-ship-sl_l36apap-888,
  label_en: (888) Does not apply,
  value: 888,
  dataset: ship-start
}"
479,Category,"{
  label_de: Abbruch nach 30 Sekunden Lesezeit,
  id: cat-ship-s2_nahvisus_1-0,
  label_en: ended after 30 seconds of reading time,
  value: 0,
  dataset: ship-start
}"
480,Category,"{
  label_de: Ja,
  id: cat-ship-s2_nahvisus_1-1,
  label_en: Yes,
  value: 1,
  dataset: ship-start
}"
481,Category,"{
  label_de: Nein,
  id: cat-ship-s2_nahvisus_1-2,
  label_en: No,
  value: 2,
  dataset: ship-start
}"
482,Category,"{
  label_de: nicht mehr dargeboten,
  id: cat-ship-s2_nahvisus_1-3,
  label_en: no longer offered,
  value: 3,
  dataset: ship-start
}"
483,Category,"{
  label_de: (3) neutral,
  id: cat-ship-sl_k28bh1nd-3,
  label_en: (3) neutral,
  value: 3,
  dataset: ship-start
}"
484,Category,"{
  label_de: (2) positiv,
  id: cat-ship-sl_k28bh1nd-2,
  label_en: (2) positive,
  value: 2,
  dataset: ship-start
}"
485,Category,"{
  label_de: (5) sehr negativ,
  id: cat-ship-sl_k28bh1nd-5,
  label_en: (5) very negative,
  value: 5,
  dataset: ship-start
}"
486,Category,"{
  label_de: (J) erlaubter Sprung,
  id: cat-ship-sl_k28bh1nd-99983,
  label_en: (J) allowed jump,
  value: 99983,
  dataset: ship-start
}"
487,Category,"{
  label_de: (999) Unbekannt,
  id: cat-ship-sl_k28bh1nd-999,
  label_en: (999) Unknown,
  value: 999,
  dataset: ship-start
}"
488,Category,"{
  label_de: (4) negativ,
  id: cat-ship-sl_k28bh1nd-4,
  label_en: (4) negative,
  value: 4,
  dataset: ship-start
}"
489,Category,"{
  label_de: (1) sehr positiv,
  id: cat-ship-sl_k28bh1nd-1,
  label_en: (1) very positive,
  value: 1,
  dataset: ship-start
}"
490,Category,"{
  label_de: (888) Trifft nicht zu,
  id: cat-ship-sl_k28bh1nd-888,
  label_en: (888) Does not apply,
  value: 888,
  dataset: ship-start
}"
491,Category,"{
  label_de: (777) Weiß nicht,
  id: cat-ship-sl_k28bh1nd-777,
  label_en: (777) Don't know,
  value: 777,
  dataset: ship-start
}"
492,Category,"{
  label_de: (3) neutral,
  id: cat-ship-sl_k22bhsde-3,
  label_en: (3) neutral,
  value: 3,
  dataset: ship-start
}"
493,Category,"{
  label_de: (2) positiv,
  id: cat-ship-sl_k22bhsde-2,
  label_en: (2) positive,
  value: 2,
  dataset: ship-start
}"
494,Category,"{
  label_de: (5) sehr negativ,
  id: cat-ship-sl_k22bhsde-5,
  label_en: (5) very negative,
  value: 5,
  dataset: ship-start
}"
495,Category,"{
  label_de: (J) erlaubter Sprung,
  id: cat-ship-sl_k22bhsde-99983,
  label_en: (J) allowed jump,
  value: 99983,
  dataset: ship-start
}"
496,Category,"{
  label_de: (999) Unbekannt,
  id: cat-ship-sl_k22bhsde-999,
  label_en: (999) Unknown,
  value: 999,
  dataset: ship-start
}"
497,Category,"{
  label_de: (4) negativ,
  id: cat-ship-sl_k22bhsde-4,
  label_en: (4) negative,
  value: 4,
  dataset: ship-start
}"
498,Category,"{
  label_de: (1) sehr positiv,
  id: cat-ship-sl_k22bhsde-1,
  label_en: (1) very positive,
  value: 1,
  dataset: ship-start
}"
499,Category,"{
  label_de: (888) Trifft nicht zu,
  id: cat-ship-sl_k22bhsde-888,
  label_en: (888) Does not apply,
  value: 888,
  dataset: ship-start
}"
500,Category,"{
  label_de: (777) Weiß nicht,
  id: cat-ship-sl_k22bhsde-777,
  label_en: (777) Don't know,
  value: 777,
  dataset: ship-start
}"
501,Category,"{
  id: cat-ship-s0_inc_diab_s0-0,
  label_en: (0) No,
  value: 0,
  dataset: ship-start
}"
502,Category,"{
  id: cat-ship-s0_inc_diab_s0-1,
  label_en: (1) Yes,
  value: 1,
  dataset: ship-start
}"
503,Category,"{
  label_de: Antwortverweigerung,
  id: cat-ship-s2_s2_inan_04d-9999,
  label_en: non-response (datetime),
  value: 9999,
  dataset: ship-start
}"
504,Category,"{
  label_de: Weiß nicht,
  id: cat-ship-s2_s2_inan_04d-9998,
  label_en: I don't know (datetime),
  value: 9998,
  dataset: ship-start
}"
505,Category,"{
  label_de: Messung nicht möglich,
  id: cat-ship-s2_s2_inan_04d-996,
  label_en: measurement not done,
  value: 996,
  dataset: ship-start
}"
506,Category,"{
  label_de: Antwortverweigerung,
  id: cat-ship-s2_s2_inan_04d-999,
  label_en: non-response,
  value: 999,
  dataset: ship-start
}"
507,Category,"{
  label_de: Nicht zutreffend,
  id: cat-ship-s2_s2_inan_04d-997,
  label_en: does not apply,
  value: 997,
  dataset: ship-start
}"
508,Category,"{
  label_de: Weiß nicht,
  id: cat-ship-s2_s2_inan_04d-998,
  label_en: I don't know,
  value: 998,
  dataset: ship-start
}"
509,Category,"{
  label_de: Ich nehme keine Milchprodukte zu mir.,
  id: cat-ship-s2_s2_reflux_06-3,
  label_en: I don't take any dairy products.,
  value: 3,
  dataset: ship-start
}"
510,Category,"{
  label_de: Nein,
  id: cat-ship-s2_s2_reflux_06-2,
  label_en: No,
  value: 2,
  dataset: ship-start
}"
511,Category,"{
  label_de: Ja,
  id: cat-ship-s2_s2_reflux_06-1,
  label_en: Yes,
  value: 1,
  dataset: ship-start
}"
512,Category,"{
  label_de: Antwortverweigerung,
  id: cat-ship-s2_s2_reflux_06-999,
  label_en: non-response,
  value: 999,
  dataset: ship-start
}"
513,Category,"{
  label_de: Weiß nicht,
  id: cat-ship-s2_s2_reflux_06-998,
  label_en: I don't know,
  value: 998,
  dataset: ship-start
}"
514,Category,"{
  label_de: ja,
  id: cat-ship-s0_gesaess-1,
  label_en: yes,
  value: 1,
  dataset: ship-start
}"
515,Category,"{
  label_de: Antwortverweigerung,
  id: cat-ship-s0_gesaess-9,
  label_en: Refusal to answer,
  value: 9,
  dataset: ship-start
}"
516,Category,"{
  label_de: weiß nicht,
  id: cat-ship-s0_gesaess-8,
  label_en: do not know,
  value: 8,
  dataset: ship-start
}"
517,Category,"{
  label_de: nein,
  id: cat-ship-s0_gesaess-2,
  label_en: no,
  value: 2,
  dataset: ship-start
}"
518,Category,"{
  label_de: weniger gut,
  id: cat-ship-s0_wiegehts-3,
  label_en: less good,
  value: 3,
  dataset: ship-start
}"
519,Category,"{
  label_de: Antwortverweigerung,
  id: cat-ship-s0_wiegehts-9,
  label_en: Refusal to answer,
  value: 9,
  dataset: ship-start
}"
520,Category,"{
  label_de: schlecht,
  id: cat-ship-s0_wiegehts-4,
  label_en: bad,
  value: 4,
  dataset: ship-start
}"
521,Category,"{
  label_de: gut,
  id: cat-ship-s0_wiegehts-2,
  label_en: good,
  value: 2,
  dataset: ship-start
}"
522,Category,"{
  label_de: weiß nicht,
  id: cat-ship-s0_wiegehts-8,
  label_en: do not know,
  value: 8,
  dataset: ship-start
}"
523,Category,"{
  label_de: sehr gut,
  id: cat-ship-s0_wiegehts-1,
  label_en: very good,
  value: 1,
  dataset: ship-start
}"
524,Category,"{
  label_de: +,
  id: cat-ship-s3_anulo-1,
  label_en: +,
  value: 1,
  dataset: ship-start
}"
525,Category,"{
  label_de: Weiß nicht,
  id: cat-ship-s3_schmerz_11f-998,
  label_en: do not know,
  value: 998,
  dataset: ship-start
}"
526,Category,"{
  label_de: Nein,
  id: cat-ship-s3_schmerz_11f-0,
  label_en: No,
  value: 0,
  dataset: ship-start
}"
527,Category,"{
  label_de: Antwortverweigerung,
  id: cat-ship-s3_schmerz_11f-999,
  label_en: refused to answer,
  value: 999,
  dataset: ship-start
}"
528,Category,"{
  label_de: Ja,
  id: cat-ship-s3_schmerz_11f-1,
  label_en: Yes,
  value: 1,
  dataset: ship-start
}"
529,Category,"{
  label_de: Manchmal,
  id: cat-ship-s3_frs_alltag_strasse-2,
  label_en: Sometimes,
  value: 2,
  dataset: ship-start
}"
530,Category,"{
  label_de: Oft,
  id: cat-ship-s3_frs_alltag_strasse-1,
  label_en: Often,
  value: 1,
  dataset: ship-start
}"
531,Category,"{
  label_de: Nie,
  id: cat-ship-s3_frs_alltag_strasse-3,
  label_en: Never,
  value: 3,
  dataset: ship-start
}"
532,Category,"{
  label_de: (2) wenig,
  id: cat-ship-sl_t68s12-2,
  label_en: (2) little,
  value: 2,
  dataset: ship-start
}"
533,Category,"{
  label_de: (J) erlaubter Sprung,
  id: cat-ship-sl_t68s12-99983,
  label_en: (J) allowed jump,
  value: 99983,
  dataset: ship-start
}"
534,Category,"{
  label_de: (999) Unbekannt,
  id: cat-ship-sl_t68s12-999,
  label_en: (999) Unknown,
  value: 999,
  dataset: ship-start
}"
535,Category,"{
  label_de: (888) Trifft nicht zu,
  id: cat-ship-sl_t68s12-888,
  label_en: (888) Does not apply,
  value: 888,
  dataset: ship-start
}"
536,Category,"{
  label_de: (4) viel,
  id: cat-ship-sl_t68s12-4,
  label_en: (4) much,
  value: 4,
  dataset: ship-start
}"
537,Category,"{
  label_de: (0) nicht erwünscht,
  id: cat-ship-sl_t68s12-0,
  label_en: (0) not desired,
  value: 0,
  dataset: ship-start
}"
538,Category,"{
  label_de: (777) Weiß nicht,
  id: cat-ship-sl_t68s12-777,
  label_en: (777) Don't know,
  value: 777,
  dataset: ship-start
}"
539,Category,"{
  label_de: (3) mäßig,
  id: cat-ship-sl_t68s12-3,
  label_en: (3) moderate,
  value: 3,
  dataset: ship-start
}"
540,Category,"{
  label_de: (1) keine,
  id: cat-ship-sl_t68s12-1,
  label_en: (1) none,
  value: 1,
  dataset: ship-start
}"
541,Category,"{
  label_de: Antwortverweigerung,
  id: cat-ship-s1_kom_f06a-999,
  label_en: Refusal to answer,
  value: 999,
  dataset: ship-start
}"
542,Category,"{
  label_de: weiß nicht,
  id: cat-ship-s1_kom_f06a-998,
  label_en: do not know,
  value: 998,
  dataset: ship-start
}"
543,Category,"{
  label_de: nein,
  id: cat-ship-s1_kom_f06a-2,
  label_en: no,
  value: 2,
  dataset: ship-start
}"
544,Category,"{
  label_de: keine Angabe,
  id: cat-ship-s1_kom_f06a-997,
  label_en: not specified,
  value: 997,
  dataset: ship-start
}"
545,Category,"{
  label_de: ja,
  id: cat-ship-s1_kom_f06a-1,
  label_en: yes,
  value: 1,
  dataset: ship-start
}"
546,Category,"{
  label_de: Nein,
  id: cat-ship-s2_mrt_fau_bem-0,
  label_en: No,
  value: 0,
  dataset: ship-start
}"
547,Category,"{
  label_de: Ja,
  id: cat-ship-s2_mrt_fau_bem-1,
  label_en: Yes,
  value: 1,
  dataset: ship-start
}"
548,Category,"{
  label_de: (3) neutral,
  id: cat-ship-sl_l37bh1de-3,
  label_en: (3) neutral,
  value: 3,
  dataset: ship-start
}"
549,Gene,"{
  omimId: 190070,
  chromosome: 12,
  name: KRAS,
  fullName: Kirsten Rat Sarcoma Viral Proto-Oncogene,
  hgncId: HGNC:6407,
  location: 12p12.1,
  id: gene-kras,
  uniprotId: P01116
}"
550,Gene,"{
  omimId: 191170,
  chromosome: 17,
  name: TP53,
  fullName: Tumor Protein P53,
  hgncId: HGNC:11998,
  location: 17p13.1,
  id: gene-tp53,
  uniprotId: P04637
}"
551,Gene,"{
  omimId: 131550,
  chromosome: 7,
  name: EGFR,
  fullName: Epidermal Growth Factor Receptor,
  hgncId: HGNC:3236,
  location: 7p11.2,
  id: gene-egfr,
  uniprotId: P00533
}"
552,GeneticVariant,"{
  dbsnpId: rs121913529,
  proteinChange: p.Gly12Val,
  clinvarId: 12583,
  germline: TRUE,
  mutationType: Missense,
  name: G12V,
  somatic: TRUE,
  id: var-kras-g12v,
  classification: Pathogenic,
  hgvs: NM_004985.5(KRAS):c.35G>T,
  cosmicId: COSV55497419
}"
553,GeneticVariant,"{
  proteinChange: p.Gly12Asp,
  clinvarId: 12582,
  mutationType: Missense,
  name: G12D,
  somatic: TRUE,
  id: var-kras-g12d,
  classification: Pathogenic,
  hgvs: NM_004985.5(KRAS):c.35G>A
}"
554,GeneticVariant,"{
  proteinChange: p.Gly12Cys,
  mutationType: Missense,
  therapy: Sotorasib, Adagrasib,
  name: G12C,
  somatic: TRUE,
  id: var-kras-g12c,
  classification: Pathogenic,
  hgvs: NM_004985.5(KRAS):c.34G>T
}"
555,GeneticVariant,"{
  proteinChange: p.Arg175His,
  mutationType: Missense,
  name: R175H,
  somatic: TRUE,
  id: var-tp53-r175h,
  classification: Pathogenic,
  hgvs: NM_000546.6(TP53):c.524G>A
}"
556,GeneticVariant,"{
  proteinChange: p.Leu858Arg,
  mutationType: Missense,
  therapy: Osimertinib,
  name: L858R,
  somatic: TRUE,
  id: var-egfr-l858r,
  classification: Pathogenic
}"
557,Disease,"{
  name: Non-Small Cell Lung Cancer,
  id: dis-nsclc,
  abbreviation: NSCLC,
  mondoId: MONDO:0005233,
  meshId: D002289,
  icd10: C34
}"
558,Disease,"{
  name: Colorectal Cancer,
  id: dis-crc,
  abbreviation: CRC,
  mondoId: MONDO:0005575,
  icd10: C18-C20
}"
559,Disease,"{
  name: Pancreatic Ductal Adenocarcinoma,
  id: dis-pdac,
  abbreviation: PDAC,
  mondoId: MONDO:0005105,
  icd10: C25
}"
560,ClinVarRecord,"{
  clinvarId: VCV000012583,
  somaticClassification: Tier I Strong - Oncogenic,
  germlineClassification: Pathogenic,
  reviewStatus: criteria provided multiple submitters,
  id: clinvar-12583,
  submitters: 8,
  url: https://www.ncbi.nlm.nih.gov/clinvar/variation/12583/
}"
561,Pathway,"{
  keggId: hsa04014,
  reactomeId: R-HSA-5673001,
  name: RAS Signaling,
  id: pathway-ras
}"
562,Pathway,"{
  keggId: hsa04010,
  name: MAPK Signaling,
  id: pathway-mapk
}"
563,Institution,"{
  name: Fraunhofer-Gesellschaft,
  fullName: Fraunhofer Institute for Digital Medicine MEVIS; Fraunhofer Institute for Algorithms and Scientific Computing SCAI,
  id: fraunhofer-mevis-scai
}"
564,Institution,"{
  name: HITS,
  fullName: Heidelberg Institute for Theoretical Studies,
  id: hits
}"
565,Institution,"{
  name: University of Cologne,
  fullName: University of Cologne,
  id: uni-koeln
}"
566,Institution,"{
  name: Leipzig University,
  fullName: Leipzig University,
  id: uni-leipzig
}"
567,Institution,"{
  address: Charitéplatz 1, 10117 Berlin,
  name: BIH Charité,
  fullName: Berlin Institute of Health at Charité - Universitätsmedizin Berlin,
  id: bih-charite
}"
568,Institution,"{
  address: Gustav-Heinemann-Ufer 74C, 50968 Köln,
  name: PKV,
  fullName: Verband der Privaten Krankenversicherungen e.V.,
  id: pkv
}"
569,Institution,"{
  address: Maria-von-Linden-Str. 6, 72076 Tübingen,
  name: Uni Tübingen IBMI,
  fullName: Eberhard-Karls-Universität Tübingen — Interfakultäres Institut für Biomedizinische Informatik,
  id: uni-tuebingen-ibmi
}"
570,Institution,"{
  address: Hechtsheimer Straße 37, 55131 Mainz,
  name: IDG Krebsregister,
  fullName: Institut für digitale Gesundheitsdaten gGmbH — Krebsregister,
  id: idg-krebsregister
}"
571,Institution,"{
  address: Ratzeburger Allee 160, 23562 Lübeck,
  name: DKR e.V.,
  fullName: Deutsche Krebsregister e.V.,
  id: dkr-ev
}"
572,Institution,"{
  address: Herbert-Lewin-Platz 2, 10623 Berlin,
  name: KBV,
  fullName: Kassenärztliche Bundesvereinigung,
  id: kbv
}"
573,Person,"{
  institution: BfArM DACO,
  role: Projektkoordination,
  phone: 0228 99 307 3729,
  name: Katharina Schneider,
  id: katharina-schneider,
  title: Dr.,
  email: Katharina.schneider@bfarm.de
}"
574,Person,"{
  institution: TMF,
  role: Projektleiter,
  name: Sebastian Claudius Semler,
  id: sebastian-semler,
  email: Sebastian.semler@tmf-ev.de
}"
575,Person,"{
  institution: TMF,
  role: Projektleiterin,
  name: Stefanie Märschenz,
  id: stefanie-maerschenz,
  title: Dr.,
  email: stefanie.maerschenz@tmf-ev.de
}"
576,Person,"{
  institution: BIH Charité,
  role: Projektleiter,
  phone: +49 152 04 31 80 73,
  name: Fabian Prasser,
  id: fabian-prasser,
  title: Prof. Dr.,
  email: fabian.prasser@bih-charite.de
}"
577,Person,"{
  institution: BIH Charité,
  role: Projektleiterin,
  name: Carina Vorisek,
  id: carina-vorisek,
  title: Dr.,
  email: carina-nina.vorisek@bih-charite.de
}"
578,Person,"{
  institution: BIH Charité,
  role: Projektleiter,
  name: Joachim Weber,
  id: joachim-weber,
  title: Dr.,
  email: joachim.weber@bih-charite.de
}"
579,Person,"{
  institution: RKI MF4,
  role: Projektleiter,
  name: Kyanoush Seyed Yahosseini,
  id: kyanoush-yahosseini,
  title: Dr.,
  email: YahosseiniK@rki.de
}"
580,Person,"{
  institution: RKI MF4,
  role: Projektleiterin,
  name: Martina Fischer,
  id: martina-fischer,
  title: Dr.,
  email: FischerMa@rki.de
}"
581,Person,"{
  institution: FDZ Gesundheit,
  role: Projektleiter,
  phone: 0228 99307-4491,
  name: Steffen Heß,
  id: steffen-hess,
  title: Dr.,
  email: Steffen.hess@bfarm.de
}"
582,Person,"{
  institution: FDZ Gesundheit,
  role: Projektleiterin,
  phone: 0228 99307-4493,
  name: Lisa Kühnel,
  id: lisa-kuehnel,
  title: Dr.,
  email: lisa.kuehnel@bfarm.de
}"
583,Person,"{
  institution: PKV,
  role: Projektleiter,
  phone: +49 172 4097725,
  name: Christian Hälker,
  id: christian-haelker,
  email: Christian.haelker@pkv.de
}"
584,Person,"{
  institution: PKV,
  role: Projektleiterin,
  phone: +49 172 1892414,
  name: Lynn Strunk,
  id: lynn-strunk,
  email: lynn.strunk@pkv.de
}"
585,Person,"{
  institution: PKV,
  role: Projektleiterin,
  phone: +49 174 1877560,
  name: Melanie Katterbach,
  id: melanie-katterbach,
  email: melanie.katterbach@pkv.de
}"
586,Person,"{
  institution: RKI VIG,
  role: Projektleiterin,
  phone: +49 30 18754 5109,
  name: Henriette Rau,
  id: henriette-rau,
  email: rauh@rki.de
}"
587,Person,"{
  institution: NUM,
  role: Projektleiter,
  phone: +491723898780,
  name: Ralf Heyder,
  id: ralf-heyder,
  email: ralf.heyder@charite.de
}"
588,Person,"{
  institution: Uni Tübingen IBMI,
  role: Projektleiter,
  name: Oliver Kohlbacher,
  id: oliver-kohlbacher,
  email: Oliver.Kohlbacher@uni-tuebingen.de
}"
589,Person,"{
  institution: DKFZ/GHGA,
  role: Projektleiter,
  phone: +49 6221 42 3601,
  name: Oliver Stegle,
  id: oliver-stegle,
  email: o.stegle@dkfz-heidelberg.de
}"
590,Person,"{
  institution: NAKO,
  role: Projektleiterin,
  phone: +49 6221 42 6200,
  name: Annette Peters,
  id: annette-peters,
  email: geschaeftsstelle@nako.de
}"
591,Person,"{
  institution: BfArM GenomSeq,
  role: Projektleiterin,
  phone: 0228 99307-4309,
  name: Catharina Scholl,
  id: catharina-scholl,
  title: Dr.,
  email: Catharina.Scholl@bfarm.de
}"
592,Person,"{
  institution: BfArM GenomSeq,
  role: Projektleiter,
  phone: 0228 99307-3343,
  name: Andreas Till,
  id: andreas-till,
  title: PD Dr.,
  email: Andreas.Till@bfarm.de
}"
593,Person,"{
  institution: BfArM GenomSeq,
  role: Projektleiterin,
  phone: 0228 99307-5721,
  name: Britta Hänisch,
  id: britta-haenisch,
  title: Prof. Dr.,
  email: Britta.Haenisch@bfarm.de
}"
594,Person,"{
  institution: BfArM ZMR,
  role: Projektleiterin,
  phone: 0228 99307 4856,
  name: Stefanie Weber,
  id: stefanie-weber,
  title: Dr.,
  email: Stefanie.weber@bfarm.de
}"
595,Person,"{
  institution: gematik,
  role: Advisory Board Observer,
  phone: +49 30 40041-522,
  name: Lukas Wrosch,
  id: lukas-wrosch,
  email: Lukas.Wrosch@gematik.de
}"
596,Person,"{
  institution: IDG Krebsregister,
  role: Projektleiter,
  phone: 0613197175 10,
  name: Philipp Kachel,
  id: philipp-kachel,
  email: kachel@idg-rlp.de
}"
597,Person,"{
  institution: DKR e.V.,
  role: Projektleiter,
  phone: +49 175 2425770,
  name: Tobias Hartz,
  id: tobias-hartz,
  email: t.hartz@kk-n.de
}"
598,Person,"{
  institution: ZB MED,
  role: Projektleiterin,
  phone: 0221 999 892-811,
  name: Juliane Fluck,
  id: juliane-fluck,
  title: Prof. Dr.,
  email: fluck@zbmed.de
}"
599,Person,"{
  institution: ZB MED,
  role: Projektleiter,
  name: Johannes Darms,
  id: johannes-darms,
  email: darms@zbmed.de
}"
600,Person,"{
  institution: BIPS,
  role: Projektleiterin,
  phone: 0421 218-56942,
  name: Iris Pigeot,
  id: iris-pigeot,
  title: Prof. Dr.,
  email: pigeot@leibniz-bips.de
}"
601,Person,"{
  institution: BIPS,
  role: Projektleiter,
  name: Timm Intemann,
  id: timm-intemann,
  title: Dr.,
  email: intemann@leibniz-bips.de
}"
602,Person,"{
  institution: UMG,
  role: Projektleiter,
  phone: 0551 3961529,
  name: Ulrich Sax,
  id: ulrich-sax,
  title: Prof. Dr.,
  email: ulrich.sax@med.uni-goettingen.de
}"
603,Person,"{
  institution: DIfE,
  role: Projektleiter,
  phone: 033200 882434,
  name: Matthias Schulze,
  id: matthias-schulze,
  title: Prof. Dr.,
  email: mschulze@dife.de
}"
604,Person,"{
  institution: MDC,
  role: Projektleiter,
  phone: 030 9406-1905,
  name: Tobias Pischon,
  id: tobias-pischon,
  title: Prof. Dr.,
  email: tobias.pischon@mdc-berlin.de
}"
605,InfrastructureComponent,"{
  name: Telematikinfrastruktur (TI),
  id: ti,
  abbreviation: TI
}"
606,InfrastructureComponent,"{
  name: Elektronische Patientenakte (ePA),
  id: epa,
  abbreviation: ePA
}"
607,InteroperabilityStandard,"{
  name: FHIR,
  fullName: Fast Healthcare Interoperability Resources,
  id: fhir
}"
608,Stakeholder,"{
  name: Hospital,
  id: hospital,
  type: Stakeholder
}"
609,Stakeholder,"{
  name: Research Institution,
  id: research-institution,
  type: Stakeholder
}"
610,Stakeholder,"{
  name: Researcher,
  id: researcher,
  type: Stakeholder
}"
611,Stakeholder,"{
  name: Patient,
  id: patient,
  type: Stakeholder
}"
612,Institution,"{
  name: GKV-Spitzenverband,
  fullName: GKV-Spitzenverband,
  id: gkv-spitzenverband
}"
613,EuropeanInitiative,"{
  name: EHDS,
  fullName: European Health Data Space,
  id: ehds
}"
614,EuropeanInitiative,"{
  name: GAIA-X,
  fullName: GAIA-X,
  id: gaia-x
}"
615,EuropeanInitiative,"{
  name: Sphin-X,
  fullName: Sphin-X,
  id: sphin-x
}"
616,EuropeanInitiative,"{
  name: Elixir,
  fullName: Elixir,
  id: elixir
}"
617,EuropeanInitiative,"{
  name: ECRIN,
  fullName: ECRIN,
  id: ecrin
}"
618,EuropeanInitiative,"{
  name: VHT/VPHi,
  fullName: Virtual Human Twins / Virtual Physiological Human Institute,
  id: vht-vphi
}"
619,Institution,"{
  name: RKI ZfKD,
  fullName: RKI Zentrum für Krebsregisterdaten,
  id: rki-zfkd
}"
620,Institution,"{
  name: NUM-SN,
  fullName: NUM-SN,
  id: num-sn
}"
621,DataType,"{
  partners: MII, NUM, ECRIN,
  name: Klinische Daten,
  id: klinische-daten
}"
622,DataType,"{
  partners: Genom.de, ELIXIR,
  name: Genomische Daten,
  id: genomische-daten
}"
623,DataType,"{
  partners: RKI, Helmholtz,
  name: Epidemiologische Daten,
  id: epidemiologische-daten
}"
624,Project,"{
  duration: 36 Monate,
  coordinator: BfArM / DACO,
  name: HDP4Germany,
  fullName: Health Data Platform for Germany — DACO,
  id: daco-hdp4germany,
  url: https://www.bfarm.de/DE/Das-BfArM/EU-und-Internationales/EU-Projekte/EU4Health/HDP4Germany/_node.html
}"
625,SubProject,"{
  role: Projektkoordination,
  name: Teilprojekt A,
  workPackages: WP2,3,4,5,6,
  id: tp-a
}"
626,SubProject,"{
  name: Teilprojekt B,
  workPackages: WP2,3,4,5,6,
  id: tp-b
}"
627,SubProject,"{
  name: Teilprojekt C,
  workPackages: WP5,7,8,
  id: tp-c
}"
628,SubProject,"{
  name: Teilprojekt D,
  workPackages: WP4,5,7,8,
  id: tp-d
}"
629,SubProject,"{
  name: Teilprojekt E,
  workPackages: WP6,7,8,
  id: tp-e
}"
630,SubProject,"{
  name: Teilprojekt F,
  workPackages: WP5,6,7,8,
  id: tp-f
}"
631,SubProject,"{
  name: Teilprojekt G,
  workPackages: WP7,
  id: tp-g
}"
632,SubProject,"{
  name: Teilprojekt H,
  workPackages: WP3,4,5,6,8,
  id: tp-h
}"
633,SubProject,"{
  name: Teilprojekt I,
  workPackages: ,
  id: tp-i
}"
634,SubProject,"{
  name: Teilprojekt J,
  workPackages: ,
  id: tp-j
}"
635,SubProject,"{
  name: Teilprojekt K,
  workPackages: WP5,6,7,8,
  id: tp-k
}"
636,SubProject,"{
  name: Teilprojekt L,
  workPackages: WP3,4,5,6,7,8,
  id: tp-l
}"
637,SubProject,"{
  name: Teilprojekt M,
  workPackages: WP5,6,
  id: tp-m
}"
638,SubProject,"{
  name: Teilprojekt N,
  workPackages: Advisory Board,
  id: tp-n
}"
639,SubProject,"{
  name: Teilprojekt O,
  workPackages: WP5,6,7,
  id: tp-o
}"
640,SubProject,"{
  name: Teilprojekt P,
  workPackages: WP5,6,7,
  id: tp-p
}"
641,SubProject,"{
  name: Teilprojekt R,
  workPackages: WP5,
  id: tp-r
}"
642,SubProject,"{
  name: Teilprojekt S,
  workPackages: WP3,4,
  id: tp-s
}"
643,SubProject,"{
  name: Teilprojekt T,
  workPackages: WP3,8,
  id: tp-t
}"
644,SubProject,"{
  name: Teilprojekt U,
  workPackages: WP4,
  id: tp-u
}"
645,SubProject,"{
  name: Teilprojekt V,
  workPackages: WP4,
  id: tp-v
}"
646,Coordinator,"{
  address: Charlottenstraße 42, 10117 Berlin,
  name: TMF,
  fullName: TMF – Technologie- und Methodenplattform für die vernetzte medizinische Forschung e.V.,
  workPackages: WP2,3,4,5,6,
  id: tmf
}"
647,Institution,"{
  name: Greifswald University Hospital,
  fullName: Greifswald University Hospital,
  id: uni-greifswald-hospital
}"
648,Institution,"{
  name: MDC,
  fullName: Max Delbrück Center for Molecular Medicine,
  id: mdc-berlin
}"
649,Institution,"{
  name: UMG Göttingen,
  fullName: University Medical Center Göttingen,
  id: umg-goettingen
}"
650,Institution,"{
  name: ZB MED,
  fullName: ZB MED – Information Centre for Life Sciences,
  id: zbmed
}"
651,Institution,"{
  name: DIfE,
  fullName: German Institute of Human Nutrition Potsdam-Rehbruecke,
  id: dife
}"
656,ExternalResource,"{
  identifier: nfdi4health-3620,
  name: IDEFICS/I.Family Cohort Dataset,
  id: hsh-nfdi4health-3620,
  collection: BIPS,
  type: Dataset,
  url: https://health-study-hub.de/resource/nfdi4health-3620
}"
8064,Category,"{
  label_de: (1) sehr positiv,
  id: cat-ship-sl_b13bdsde-1,
  label_en: (1) very positive,
  value: 1,
  dataset: ship-start
}"
8065,Category,"{
  label_de: (888) Trifft nicht zu,
  id: cat-ship-sl_b13bdsde-888,
  label_en: (888) Does not apply,
  value: 888,
  dataset: ship-start
}"
8066,Category,"{
  label_de: (777) Weiß nicht,
  id: cat-ship-sl_b13bdsde-777,
  label_en: (777) Don't know,
  value: 777,
  dataset: ship-start
}"
8067,Category,"{
  label_de: (3) neutral,
  id: cat-ship-sl_b13bdsde-3,
  label_en: (3) neutral,
  value: 3,
  dataset: ship-start
}"
8068,Category,"{
  label_de: (2) positiv,
  id: cat-ship-sl_b13bdsde-2,
  label_en: (2) positive,
  value: 2,
  dataset: ship-start
}"
8069,Category,"{
  label_de: (5) sehr negativ,
  id: cat-ship-sl_b13bdsde-5,
  label_en: (5) very negative,
  value: 5,
  dataset: ship-start
}"
8070,Category,"{
  label_de: (999) Unbekannt,
  id: cat-ship-sl_w53a5j-999,
  label_en: (999) Unknown,
  value: 999,
  dataset: ship-start
}"
8071,Category,"{
  label_de: (888) Trifft nicht zu,
  id: cat-ship-sl_w53a5j-888,
  label_en: (888) Does not apply,
  value: 888,
  dataset: ship-start
}"
8072,Category,"{
  label_de: (J) erlaubter Sprung,
  id: cat-ship-sl_w53a5j-99983,
  label_en: (J) jump allowed,
  value: 99983,
  dataset: ship-start
}"
8073,Category,"{
  label_de: (777) Weiß nicht,
  id: cat-ship-sl_w53a5j-777,
  label_en: (777) Don't know,
  value: 777,
  dataset: ship-start
}"
8074,Category,"{
  label_de: (J) erlaubter Sprung,
  id: cat-ship-sl_k22bh1nd-99983,
  label_en: (J) allowed jump,
  value: 99983,
  dataset: ship-start
}"
8075,Category,"{
  label_de: (999) Unbekannt,
  id: cat-ship-sl_k22bh1nd-999,
  label_en: (999) Unknown,
  value: 999,
  dataset: ship-start
}"
8076,Category,"{
  label_de: (4) negativ,
  id: cat-ship-sl_k22bh1nd-4,
  label_en: (4) negative,
  value: 4,
  dataset: ship-start
}"
8077,Category,"{
  label_de: (1) sehr positiv,
  id: cat-ship-sl_k22bh1nd-1,
  label_en: (1) very positive,
  value: 1,
  dataset: ship-start
}"
8078,Category,"{
  label_de: (888) Trifft nicht zu,
  id: cat-ship-sl_k22bh1nd-888,
  label_en: (888) Does not apply,
  value: 888,
  dataset: ship-start
}"
8079,Category,"{
  label_de: (777) Weiß nicht,
  id: cat-ship-sl_k22bh1nd-777,
  label_en: (777) Don't know,
  value: 777,
  dataset: ship-start
}"
8080,Category,"{
  label_de: (3) neutral,
  id: cat-ship-sl_k22bh1nd-3,
  label_en: (3) neutral,
  value: 3,
  dataset: ship-start
}"
8081,Category,"{
  label_de: (2) positiv,
  id: cat-ship-sl_k22bh1nd-2,
  label_en: (2) positive,
  value: 2,
  dataset: ship-start
}"
8082,Category,"{
  label_de: (5) sehr negativ,
  id: cat-ship-sl_k22bh1nd-5,
  label_en: (5) very negative,
  value: 5,
  dataset: ship-start
}"
8083,Category,"{
  label_de: keine Angabe,
  id: cat-ship-s1_frage30bantwort3-997,
  label_en: not specified,
  value: 997,
  dataset: ship-start
}"
8084,Category,"{
  label_de: Antwortverweigerung,
  id: cat-ship-s2_s2_inan_04t-999,
  label_en: non-response,
  value: 999,
  dataset: ship-start
}"
8085,Category,"{
  label_de: Nicht zutreffend,
  id: cat-ship-s2_s2_inan_04t-997,
  label_en: does not apply,
  value: 997,
  dataset: ship-start
}"
8086,Category,"{
  label_de: Weiß nicht,
  id: cat-ship-s2_s2_inan_04t-998,
  label_en: I don't know,
  value: 998,
  dataset: ship-start
}"
8087,Category,"{
  label_de: Antwortverweigerung,
  id: cat-ship-s2_s2_inan_04t-9999,
  label_en: non-response (datetime),
  value: 9999,
  dataset: ship-start
}"
8088,Category,"{
  label_de: Weiß nicht,
  id: cat-ship-s2_s2_inan_04t-9998,
  label_en: I don't know (datetime),
  value: 9998,
  dataset: ship-start
}"
8089,Category,"{
  label_de: Messung nicht möglich,
  id: cat-ship-s2_s2_inan_04t-996,
  label_en: measurement not done,
  value: 996,
  dataset: ship-start
}"
8090,Category,"{
  label_de: Antwortverweigerung,
  id: cat-ship-s3_schmerz_01-999,
  label_en: refused to answer,
  value: 999,
  dataset: ship-start
}"
8091,Category,"{
  label_de: Ja,
  id: cat-ship-s3_schmerz_01-1,
  label_en: Yes,
  value: 1,
  dataset: ship-start
}"
8092,Category,"{
  label_de: Weiß nicht,
  id: cat-ship-s3_schmerz_01-998,
  label_en: do not know,
  value: 998,
  dataset: ship-start
}"
8093,Category,"{
  label_de: Nein,
  id: cat-ship-s3_schmerz_01-0,
  label_en: No,
  value: 0,
  dataset: ship-start
}"
8094,Category,"{
  label_de: Ja,
  id: cat-ship-s3_int_vlmt_garden_2-1,
  label_en: Yes,
  value: 1,
  dataset: ship-start
}"
8095,Category,"{
  label_de: Nein,
  id: cat-ship-s3_int_vlmt_garden_2-0,
  label_en: No,
  value: 0,
  dataset: ship-start
}"
8096,Category,"{
  label_de: (999) Unbekannt,
  id: cat-ship-sl_a48s1nd-999,
  label_en: (999) Unknown,
  value: 999,
  dataset: ship-start
}"
8097,Category,"{
  label_de: (888) Trifft nicht zu,
  id: cat-ship-sl_a48s1nd-888,
  label_en: (888) Does not apply,
  value: 888,
  dataset: ship-start
}"
8098,Category,"{
  label_de: (4) viel,
  id: cat-ship-sl_a48s1nd-4,
  label_en: (4) much,
  value: 4,
  dataset: ship-start
}"
8099,Category,"{
  label_de: (0) nicht erwünscht,
  id: cat-ship-sl_a48s1nd-0,
  label_en: (0) not desired,
  value: 0,
  dataset: ship-start
}"
8100,Category,"{
  label_de: (777) Weiß nicht,
  id: cat-ship-sl_a48s1nd-777,
  label_en: (777) Don't know,
  value: 777,
  dataset: ship-start
}"
8101,Category,"{
  label_de: (3) mäßig,
  id: cat-ship-sl_a48s1nd-3,
  label_en: (3) moderate,
  value: 3,
  dataset: ship-start
}"
8102,Category,"{
  label_de: (1) keine,
  id: cat-ship-sl_a48s1nd-1,
  label_en: (1) none,
  value: 1,
  dataset: ship-start
}"
8103,Category,"{
  label_de: (2) wenig,
  id: cat-ship-sl_a48s1nd-2,
  label_en: (2) little,
  value: 2,
  dataset: ship-start
}"
8104,Category,"{
  label_de: (J) erlaubter Sprung,
  id: cat-ship-sl_a48s1nd-99983,
  label_en: (J) allowed jump,
  value: 99983,
  dataset: ship-start
}"
8105,Category,"{
  label_de: (999) Unbekannt,
  id: cat-ship-sl_k21dsde-999,
  label_en: (999) Unknown,
  value: 999,
  dataset: ship-start
}"
8106,Category,"{
  label_de: (1) Ja,
  id: cat-ship-sl_k21dsde-1,
  label_en: (1) Yes,
  value: 1,
  dataset: ship-start
}"
8107,Category,"{
  label_de: (888) Trifft nicht zu,
  id: cat-ship-sl_k21dsde-888,
  label_en: (888) Does not apply,
  value: 888,
  dataset: ship-start
}"
8108,Category,"{
  label_de: (777) Weiß nicht,
  id: cat-ship-sl_k21dsde-777,
  label_en: (777) Don't know,
  value: 777,
  dataset: ship-start
}"
8109,Category,"{
  label_de: (0) Nein,
  id: cat-ship-sl_k21dsde-0,
  label_en: (0) No,
  value: 0,
  dataset: ship-start
}"
8110,Category,"{
  label_de: (J) erlaubter Sprung,
  id: cat-ship-sl_k21dsde-99983,
  label_en: (J) allowed jump,
  value: 99983,
  dataset: ship-start
}"
8111,Category,"{
  label_de: (J) erlaubter Sprung,
  id: cat-ship-sl_k21bhze-99983,
  label_en: (J) allowed jump,
  value: 99983,
  dataset: ship-start
}"
8112,Category,"{
  label_de: (999) Unbekannt,
  id: cat-ship-sl_k21bhze-999,
  label_en: (999) Unknown,
  value: 999,
  dataset: ship-start
}"
8113,Category,"{
  label_de: (4) negativ,
  id: cat-ship-sl_k21bhze-4,
  label_en: (4) negative,
  value: 4,
  dataset: ship-start
}"
8114,Category,"{
  label_de: (1) sehr positiv,
  id: cat-ship-sl_k21bhze-1,
  label_en: (1) very positive,
  value: 1,
  dataset: ship-start
}"
8115,Category,"{
  label_de: (888) Trifft nicht zu,
  id: cat-ship-sl_k21bhze-888,
  label_en: (888) Does not apply,
  value: 888,
  dataset: ship-start
}"
8116,Category,"{
  label_de: (777) Weiß nicht,
  id: cat-ship-sl_k21bhze-777,
  label_en: (777) Don't know,
  value: 777,
  dataset: ship-start
}"
8117,Category,"{
  label_de: (3) neutral,
  id: cat-ship-sl_k21bhze-3,
  label_en: (3) neutral,
  value: 3,
  dataset: ship-start
}"
8118,Category,"{
  label_de: (2) positiv,
  id: cat-ship-sl_k21bhze-2,
  label_en: (2) positive,
  value: 2,
  dataset: ship-start
}"
8119,Category,"{
  label_de: (5) sehr negativ,
  id: cat-ship-sl_k21bhze-5,
  label_en: (5) very negative,
  value: 5,
  dataset: ship-start
}"
8120,Category,"{
  label_de: (999) Unbekannt,
  id: cat-ship-sl_f51slt-999,
  label_en: (999) Unknown,
  value: 999,
  dataset: ship-start
}"
8121,Category,"{
  label_de: (888) Trifft nicht zu,
  id: cat-ship-sl_f51slt-888,
  label_en: (888) Does not apply,
  value: 888,
  dataset: ship-start
}"
8122,Category,"{
  label_de: (4) viel,
  id: cat-ship-sl_f51slt-4,
  label_en: (4) much,
  value: 4,
  dataset: ship-start
}"
8123,Category,"{
  label_de: (0) nicht erwünscht,
  id: cat-ship-sl_f51slt-0,
  label_en: (0) not desired,
  value: 0,
  dataset: ship-start
}"
8124,Category,"{
  label_de: (777) Weiß nicht,
  id: cat-ship-sl_f51slt-777,
  label_en: (777) Don't know,
  value: 777,
  dataset: ship-start
}"
8125,Category,"{
  label_de: (3) mäßig,
  id: cat-ship-sl_f51slt-3,
  label_en: (3) moderate,
  value: 3,
  dataset: ship-start
}"
8126,Category,"{
  label_de: (1) keine,
  id: cat-ship-sl_f51slt-1,
  label_en: (1) none,
  value: 1,
  dataset: ship-start
}"
8127,Category,"{
  label_de: (2) wenig,
  id: cat-ship-sl_f51slt-2,
  label_en: (2) little,
  value: 2,
  dataset: ship-start
}"
8128,Category,"{
  label_de: (J) erlaubter Sprung,
  id: cat-ship-sl_f51slt-99983,
  label_en: (J) allowed jump,
  value: 99983,
  dataset: ship-start
}"
8129,Category,"{
  label_de: (J) erlaubter Sprung,
  id: cat-ship-sl_l33bdlt-99983,
  label_en: (J) allowed jump,
  value: 99983,
  dataset: ship-start
}"
8130,Category,"{
  label_de: (999) Unbekannt,
  id: cat-ship-sl_l33bdlt-999,
  label_en: (999) Unknown,
  value: 999,
  dataset: ship-start
}"
8131,Category,"{
  label_de: (4) negativ,
  id: cat-ship-sl_l33bdlt-4,
  label_en: (4) negative,
  value: 4,
  dataset: ship-start
}"
8132,Category,"{
  label_de: (1) sehr positiv,
  id: cat-ship-sl_l33bdlt-1,
  label_en: (1) very positive,
  value: 1,
  dataset: ship-start
}"
8133,Category,"{
  label_de: (888) Trifft nicht zu,
  id: cat-ship-sl_l33bdlt-888,
  label_en: (888) Does not apply,
  value: 888,
  dataset: ship-start
}"
8134,Category,"{
  label_de: (777) Weiß nicht,
  id: cat-ship-sl_l33bdlt-777,
  label_en: (777) Don't know,
  value: 777,
  dataset: ship-start
}"
8135,Category,"{
  label_de: (3) neutral,
  id: cat-ship-sl_l33bdlt-3,
  label_en: (3) neutral,
  value: 3,
  dataset: ship-start
}"
8136,Category,"{
  label_de: (2) positiv,
  id: cat-ship-sl_l33bdlt-2,
  label_en: (2) positive,
  value: 2,
  dataset: ship-start
}"
8137,Category,"{
  label_de: (5) sehr negativ,
  id: cat-ship-sl_l33bdlt-5,
  label_en: (5) very negative,
  value: 5,
  dataset: ship-start
}"
8138,Category,"{
  label_de: (999) Unbekannt,
  id: cat-ship-sl_a44lb2-999,
  label_en: (999) Unknown,
  value: 999,
  dataset: ship-start
}"
8139,Category,"{
  label_de: (1) Ja,
  id: cat-ship-sl_a44lb2-1,
  label_en: (1) Yes,
  value: 1,
  dataset: ship-start
}"
8140,Category,"{
  label_de: (888) Trifft nicht zu,
  id: cat-ship-sl_a44lb2-888,
  label_en: (888) Does not apply,
  value: 888,
  dataset: ship-start
}"
8141,Category,"{
  label_de: (777) Weiß nicht,
  id: cat-ship-sl_a44lb2-777,
  label_en: (777) Don't know,
  value: 777,
  dataset: ship-start
}"
8142,Category,"{
  label_de: (0) Nein,
  id: cat-ship-sl_a44lb2-0,
  label_en: (0) No,
  value: 0,
  dataset: ship-start
}"
8143,Category,"{
  label_de: (J) erlaubter Sprung,
  id: cat-ship-sl_a44lb2-99983,
  label_en: (J) allowed jump,
  value: 99983,
  dataset: ship-start
}"
8144,Category,"{
  label_de: Antwortverweigerung,
  id: cat-ship-s0_neural1-9,
  label_en: Refusal to answer,
  value: 9,
  dataset: ship-start
}"
8145,Category,"{
  label_de: weiß nicht,
  id: cat-ship-s0_neural1-8,
  label_en: do not know,
  value: 8,
  dataset: ship-start
}"
8146,Category,"{
  label_de: nein,
  id: cat-ship-s0_neural1-2,
  label_en: no,
  value: 2,
  dataset: ship-start
}"
8147,Category,"{
  label_de: ja,
  id: cat-ship-s0_neural1-1,
  label_en: yes,
  value: 1,
  dataset: ship-start
}"
8148,Category,"{
  label_de: Ja,
  id: cat-ship-s0_wohn19_5-1,
  label_en: Yes,
  value: 1,
  dataset: ship-start
}"
8149,Category,"{
  label_de: Keine Angabe,
  id: cat-ship-s0_wohn19_5-9,
  label_en: No information,
  value: 9,
  dataset: ship-start
}"
8150,Category,"{
  label_de: Nicht auswertbar,
  id: cat-ship-s0_wohn19_5-8,
  label_en: Not evaluable,
  value: 8,
  dataset: ship-start
}"
8151,Category,"{
  label_de: Nein,
  id: cat-ship-s0_wohn19_5-0,
  label_en: No,
  value: 0,
  dataset: ship-start
}"
8152,Category,"{
  label_de: Ja,
  id: cat-ship-s0_wohn19_2-1,
  label_en: Yes,
  value: 1,
  dataset: ship-start
}"
8153,Category,"{
  label_de: Keine Angabe,
  id: cat-ship-s0_wohn19_2-9,
  label_en: No information,
  value: 9,
  dataset: ship-start
}"
8154,Category,"{
  label_de: Nicht auswertbar,
  id: cat-ship-s0_wohn19_2-8,
  label_en: Not evaluable,
  value: 8,
  dataset: ship-start
}"
8155,Category,"{
  label_de: Nein,
  id: cat-ship-s0_wohn19_2-0,
  label_en: No,
  value: 0,
  dataset: ship-start
}"
8156,Category,"{
  id: cat-ship-s0_breast_s0-0,
  label_en: (0) had no breast surgery,
  value: 0,
  dataset: ship-start
}"
8157,Category,"{
  id: cat-ship-s0_breast_s0-3,
  label_en: (3) malignant,
  value: 3,
  dataset: ship-start
}"
8158,Category,"{
  id: cat-ship-s0_breast_s0-2,
  label_en: (2) unspecified breast surgery,
  value: 2,
  dataset: ship-start
}"
8159,Category,"{
  id: cat-ship-s0_breast_s0-1,
  label_en: (1) benign (incl. mastitis),
  value: 1,
  dataset: ship-start
}"
8160,Category,"{
  id: cat-ship-s0_breast_s0-99,
  label_en: (99) uncertain status (not yet 12 months without menstruation and natural menopause),
  value: 99,
  dataset: ship-start
}"
8161,Category,"{
  label_de: ja,
  id: cat-ship-s3_stu_dna08-1,
  label_en: yes,
  value: 1,
  dataset: ship-start
}"
8162,Category,"{
  label_de: nein,
  id: cat-ship-s3_stu_dna08-0,
  label_en: no,
  value: 0,
  dataset: ship-start
}"
8163,Category,"{
  label_de: (J) erlaubter Sprung,
  id: cat-ship-sl_g63bd1nd-99983,
  label_en: (J) allowed jump,
  value: 99983,
  dataset: ship-start
}"
8164,Category,"{
  label_de: (999) Unbekannt,
  id: cat-ship-sl_g63bd1nd-999,
  label_en: (999) Unknown,
  value: 999,
  dataset: ship-start
}"
8165,Category,"{
  label_de: (4) negativ,
  id: cat-ship-sl_g63bd1nd-4,
  label_en: (4) negative,
  value: 4,
  dataset: ship-start
}"
8166,Category,"{
  label_de: (1) sehr positiv,
  id: cat-ship-sl_g63bd1nd-1,
  label_en: (1) very positive,
  value: 1,
  dataset: ship-start
}"
8167,Category,"{
  label_de: (888) Trifft nicht zu,
  id: cat-ship-sl_g63bd1nd-888,
  label_en: (888) Does not apply,
  value: 888,
  dataset: ship-start
}"
8168,Category,"{
  label_de: (777) Weiß nicht,
  id: cat-ship-sl_g63bd1nd-777,
  label_en: (777) Don't know,
  value: 777,
  dataset: ship-start
}"
8169,Category,"{
  label_de: (3) neutral,
  id: cat-ship-sl_g63bd1nd-3,
  label_en: (3) neutral,
  value: 3,
  dataset: ship-start
}"
8170,Category,"{
  label_de: (2) positiv,
  id: cat-ship-sl_g63bd1nd-2,
  label_en: (2) positive,
  value: 2,
  dataset: ship-start
}"
8171,Category,"{
  label_de: (5) sehr negativ,
  id: cat-ship-sl_g63bd1nd-5,
  label_en: (5) very negative,
  value: 5,
  dataset: ship-start
}"
8172,Category,"{
  label_de: Antwortverweigerung,
  id: cat-ship-s0_ekgok-9,
  label_en: Refusal to answer,
  value: 9,
  dataset: ship-start
}"
8173,Category,"{
  label_de: Arzt hat nichts gesagt,
  id: cat-ship-s0_ekgok-3,
  label_en: Doctor did not say anything,
  value: 3,
  dataset: ship-start
}"
8174,Category,"{
  label_de: nicht normal,
  id: cat-ship-s0_ekgok-2,
  label_en: not normal,
  value: 2,
  dataset: ship-start
}"
8175,Category,"{
  label_de: normal,
  id: cat-ship-s0_ekgok-1,
  label_en: normal,
  value: 1,
  dataset: ship-start
}"
8176,Category,"{
  label_de: weiß nicht,
  id: cat-ship-s0_ekgok-8,
  label_en: does not know,
  value: 8,
  dataset: ship-start
}"
8177,Category,"{
  label_de: nicht betreffend,
  id: cat-ship-s0_werxfreq-997,
  label_en: not concerning,
  value: 997,
  dataset: ship-start
}"
8178,Category,"{
  label_de: weiß nicht,
  id: cat-ship-s0_werxfreq-998,
  label_en: do not know,
  value: 998,
  dataset: ship-start
}"
8179,Category,"{
  label_de: Antwortverweigerung,
  id: cat-ship-s0_werxfreq-999,
  label_en: Refusal to answer,
  value: 999,
  dataset: ship-start
}"
8180,Category,"{
  label_de: nein,
  id: cat-ship-s0_grund_7-0,
  label_en: no,
  value: 0,
  dataset: ship-start
}"
8181,Category,"{
  label_de: ja,
  id: cat-ship-s0_grund_7-1,
  label_en: yes,
  value: 1,
  dataset: ship-start
}"
8182,Category,"{
  label_de: Antwortverweigerung,
  id: cat-ship-s2_s2_belast_09-999,
  label_en: non-response,
  value: 999,
  dataset: ship-start
}"
8183,Category,"{
  label_de: Nicht zutreffend,
  id: cat-ship-s2_s2_belast_09-997,
  label_en: does not apply,
  value: 997,
  dataset: ship-start
}"
8184,Category,"{
  label_de: Weiß nicht,
  id: cat-ship-s2_s2_belast_09-998,
  label_en: I don't know,
  value: 998,
  dataset: ship-start
}"
8185,Category,"{
  label_de: Antwortverweigerung,
  id: cat-ship-s2_s2_belast_09-9999,
  label_en: non-response (datetime),
  value: 9999,
  dataset: ship-start
}"
8186,Category,"{
  label_de: Weiß nicht,
  id: cat-ship-s2_s2_belast_09-9998,
  label_en: I don't know (datetime),
  value: 9998,
  dataset: ship-start
}"
8187,Category,"{
  label_de: Messung nicht möglich,
  id: cat-ship-s2_s2_belast_09-996,
  label_en: measurement not done,
  value: 996,
  dataset: ship-start
}"
8188,Category,"{
  label_de: Antwortverweigerung,
  id: cat-ship-s2_s2_belast_08-999,
  label_en: refused to answer,
  value: 999,
  dataset: ship-start
}"
8189,Category,"{
  label_de: Ja,
  id: cat-ship-s2_s2_belast_08-1,
  label_en: Yes,
  value: 1,
  dataset: ship-start
}"
8190,Category,"{
  label_de: Nein,
  id: cat-ship-s2_s2_belast_08-2,
  label_en: No,
  value: 2,
  dataset: ship-start
}"
8191,Category,"{
  label_de: Weiß nicht,
  id: cat-ship-s2_s2_belast_08-998,
  label_en: do not know,
  value: 998,
  dataset: ship-start
}"
8192,Category,"{
  label_de: (J) erlaubter Sprung,
  id: cat-ship-sl_a40a12-99983,
  label_en: (J) jump allowed,
  value: 99983,
  dataset: ship-start
}"
8193,Category,"{
  label_de: (777) Weiß nicht,
  id: cat-ship-sl_a40a12-777,
  label_en: (777) Don't know,
  value: 777,
  dataset: ship-start
}"
8194,Category,"{
  label_de: (999) Unbekannt,
  id: cat-ship-sl_a40a12-999,
  label_en: (999) Unknown,
  value: 999,
  dataset: ship-start
}"
8195,Category,"{
  label_de: (888) Trifft nicht zu,
  id: cat-ship-sl_a40a12-888,
  label_en: (888) Does not apply,
  value: 888,
  dataset: ship-start
}"
8196,Category,"{
  label_de: (3) neutral,
  id: cat-ship-sl_k22bdze-3,
  label_en: (3) neutral,
  value: 3,
  dataset: ship-start
}"
8197,Category,"{
  label_de: (2) positiv,
  id: cat-ship-sl_k22bdze-2,
  label_en: (2) positive,
  value: 2,
  dataset: ship-start
}"
8198,Category,"{
  label_de: (5) sehr negativ,
  id: cat-ship-sl_k22bdze-5,
  label_en: (5) very negative,
  value: 5,
  dataset: ship-start
}"
8199,Category,"{
  label_de: (888) Trifft nicht zu,
  id: cat-ship-sl_k22bdze-888,
  label_en: (888) Does not apply,
  value: 888,
  dataset: ship-start
}"
8200,Category,"{
  label_de: (777) Weiß nicht,
  id: cat-ship-sl_k22bdze-777,
  label_en: (777) Don't know,
  value: 777,
  dataset: ship-start
}"
8201,Category,"{
  label_de: (J) erlaubter Sprung,
  id: cat-ship-sl_k22bdze-99983,
  label_en: (J) allowed jump,
  value: 99983,
  dataset: ship-start
}"
8202,Category,"{
  label_de: (999) Unbekannt,
  id: cat-ship-sl_k22bdze-999,
  label_en: (999) Unknown,
  value: 999,
  dataset: ship-start
}"
8203,Category,"{
  label_de: (4) negativ,
  id: cat-ship-sl_k22bdze-4,
  label_en: (4) negative,
  value: 4,
  dataset: ship-start
}"
8204,Category,"{
  label_de: (1) sehr positiv,
  id: cat-ship-sl_k22bdze-1,
  label_en: (1) very positive,
  value: 1,
  dataset: ship-start
}"
8205,Category,"{
  label_de: Antwortverweigerung,
  id: cat-ship-s0_diet1-9,
  label_en: Refusal to answer,
  value: 9,
  dataset: ship-start
}"
8206,Category,"{
  label_de: weiß nicht,
  id: cat-ship-s0_diet1-8,
  label_en: do not know,
  value: 8,
  dataset: ship-start
}"
8207,Category,"{
  label_de: nein,
  id: cat-ship-s0_diet1-2,
  label_en: no,
  value: 2,
  dataset: ship-start
}"
8208,Category,"{
  label_de: ja,
  id: cat-ship-s0_diet1-1,
  label_en: yes,
  value: 1,
  dataset: ship-start
}"
8209,Category,"{
  label_de: Nein,
  id: cat-ship-s1_ptsdc_5-2,
  label_en: No,
  value: 2,
  dataset: ship-start
}"
8210,Category,"{
  label_de: Antwort verweigert,
  id: cat-ship-s1_ptsdc_5-999,
  label_en: Refused to answer,
  value: 999,
  dataset: ship-start
}"
8211,Category,"{
  label_de: Ja,
  id: cat-ship-s1_ptsdc_5-1,
  label_en: Yes,
  value: 1,
  dataset: ship-start
}"
8212,Category,"{
  label_de: Weiß nicht,
  id: cat-ship-s1_ptsdc_5-998,
  label_en: Does not know,
  value: 998,
  dataset: ship-start
}"
8213,Category,"{
  label_de: Trifft nicht zu,
  id: cat-ship-s1_ptsdc_5-997,
  label_en: Does not apply,
  value: 997,
  dataset: ship-start
}"
8214,Category,"{
  label_de: Nein,
  id: cat-ship-s1_ina1_30d-2,
  label_en: No,
  value: 2,
  dataset: ship-start
}"
8215,Category,"{
  label_de: Antwort verweigert,
  id: cat-ship-s1_ina1_30d-999,
  label_en: Refused to answer,
  value: 999,
  dataset: ship-start
}"
8216,Category,"{
  label_de: Ja,
  id: cat-ship-s1_ina1_30d-1,
  label_en: Yes,
  value: 1,
  dataset: ship-start
}"
8217,Category,"{
  label_de: Weiß nicht,
  id: cat-ship-s1_ina1_30d-998,
  label_en: Does not know,
  value: 998,
  dataset: ship-start
}"
8218,Category,"{
  label_de: Trifft nicht zu,
  id: cat-ship-s1_ina1_30d-997,
  label_en: Does not apply,
  value: 997,
  dataset: ship-start
}"
8219,Category,"{
  label_de: (999) Unbekannt,
  id: cat-ship-sl_l33s1de-999,
  label_en: (999) Unknown,
  value: 999,
  dataset: ship-start
}"
8220,Category,"{
  label_de: (888) Trifft nicht zu,
  id: cat-ship-sl_l33s1de-888,
  label_en: (888) Does not apply,
  value: 888,
  dataset: ship-start
}"
8221,Category,"{
  label_de: (4) viel,
  id: cat-ship-sl_l33s1de-4,
  label_en: (4) much,
  value: 4,
  dataset: ship-start
}"
8222,Category,"{
  label_de: (0) nicht erwünscht,
  id: cat-ship-sl_l33s1de-0,
  label_en: (0) not desired,
  value: 0,
  dataset: ship-start
}"
8223,Category,"{
  label_de: (777) Weiß nicht,
  id: cat-ship-sl_l33s1de-777,
  label_en: (777) Don't know,
  value: 777,
  dataset: ship-start
}"
8224,Category,"{
  label_de: (3) mäßig,
  id: cat-ship-sl_l33s1de-3,
  label_en: (3) moderate,
  value: 3,
  dataset: ship-start
}"
8225,Category,"{
  label_de: (1) keine,
  id: cat-ship-sl_l33s1de-1,
  label_en: (1) none,
  value: 1,
  dataset: ship-start
}"
8226,Category,"{
  label_de: (2) wenig,
  id: cat-ship-sl_l33s1de-2,
  label_en: (2) little,
  value: 2,
  dataset: ship-start
}"
8227,Category,"{
  label_de: (J) erlaubter Sprung,
  id: cat-ship-sl_l33s1de-99983,
  label_en: (J) allowed jump,
  value: 99983,
  dataset: ship-start
}"
8228,Category,"{
  label_de: (999) Unbekannt,
  id: cat-ship-sl_w54ssde-999,
  label_en: (999) Unknown,
  value: 999,
  dataset: ship-start
}"
8229,Category,"{
  label_de: (888) Trifft nicht zu,
  id: cat-ship-sl_w54ssde-888,
  label_en: (888) Does not apply,
  value: 888,
  dataset: ship-start
}"
8230,Category,"{
  label_de: (4) viel,
  id: cat-ship-sl_w54ssde-4,
  label_en: (4) much,
  value: 4,
  dataset: ship-start
}"
8231,Category,"{
  label_de: (0) nicht erwünscht,
  id: cat-ship-sl_w54ssde-0,
  label_en: (0) not desired,
  value: 0,
  dataset: ship-start
}"
8232,Category,"{
  label_de: (777) Weiß nicht,
  id: cat-ship-sl_w54ssde-777,
  label_en: (777) Don't know,
  value: 777,
  dataset: ship-start
}"
8233,Category,"{
  label_de: (3) mäßig,
  id: cat-ship-sl_w54ssde-3,
  label_en: (3) moderate,
  value: 3,
  dataset: ship-start
}"
8234,Category,"{
  label_de: (1) keine,
  id: cat-ship-sl_w54ssde-1,
  label_en: (1) none,
  value: 1,
  dataset: ship-start
}"
8235,Category,"{
  label_de: (2) wenig,
  id: cat-ship-sl_w54ssde-2,
  label_en: (2) little,
  value: 2,
  dataset: ship-start
}"
8236,Category,"{
  label_de: (J) erlaubter Sprung,
  id: cat-ship-sl_w54ssde-99983,
  label_en: (J) allowed jump,
  value: 99983,
  dataset: ship-start
}"
8237,Category,"{
  label_de: (3) teils-teils,
  id: cat-ship-sl_ciss29zus-3,
  label_en: (3) partly-partly,
  value: 3,
  dataset: ship-start
}"
8238,Category,"{
  label_de: (2) eher untypisch,
  id: cat-ship-sl_ciss29zus-2,
  label_en: (2) rather atypical,
  value: 2,
  dataset: ship-start
}"
8239,Category,"{
  label_de: (J) erlaubter Sprung,
  id: cat-ship-sl_ciss29zus-99983,
  label_en: (J) allowed jump,
  value: 99983,
  dataset: ship-start
}"
8240,Category,"{
  label_de: (999) Unbekannt,
  id: cat-ship-sl_ciss29zus-999,
  label_en: (999) Unknown,
  value: 999,
  dataset: ship-start
}"
8241,Category,"{
  label_de: (888) Trifft nicht zu,
  id: cat-ship-sl_ciss29zus-888,
  label_en: (888) Does not apply,
  value: 888,
  dataset: ship-start
}"
8242,Category,"{
  label_de: (1) sehr untypisch,
  id: cat-ship-sl_ciss29zus-1,
  label_en: (1) very atypical,
  value: 1,
  dataset: ship-start
}"
8243,Category,"{
  label_de: (777) Weiß nicht,
  id: cat-ship-sl_ciss29zus-777,
  label_en: (777) Don't know,
  value: 777,
  dataset: ship-start
}"
8244,Category,"{
  label_de: (5) sehr typisch,
  id: cat-ship-sl_ciss29zus-5,
  label_en: (5) very typical,
  value: 5,
  dataset: ship-start
}"
8245,Category,"{
  label_de: (4) eher typisch,
  id: cat-ship-sl_ciss29zus-4,
  label_en: (4) rather typical,
  value: 4,
  dataset: ship-start
}"
8246,Category,"{
  label_de: (J) erlaubter Sprung,
  id: cat-ship-sl_a48bdlt-99983,
  label_en: (J) allowed jump,
  value: 99983,
  dataset: ship-start
}"
8247,Category,"{
  label_de: (999) Unbekannt,
  id: cat-ship-sl_a48bdlt-999,
  label_en: (999) Unknown,
  value: 999,
  dataset: ship-start
}"
8248,Category,"{
  label_de: (4) negativ,
  id: cat-ship-sl_a48bdlt-4,
  label_en: (4) negative,
  value: 4,
  dataset: ship-start
}"
8249,Category,"{
  label_de: (1) sehr positiv,
  id: cat-ship-sl_a48bdlt-1,
  label_en: (1) very positive,
  value: 1,
  dataset: ship-start
}"
8250,Category,"{
  label_de: (888) Trifft nicht zu,
  id: cat-ship-sl_a48bdlt-888,
  label_en: (888) Does not apply,
  value: 888,
  dataset: ship-start
}"
8251,Category,"{
  label_de: (777) Weiß nicht,
  id: cat-ship-sl_a48bdlt-777,
  label_en: (777) Don't know,
  value: 777,
  dataset: ship-start
}"
8252,Category,"{
  label_de: (3) neutral,
  id: cat-ship-sl_a48bdlt-3,
  label_en: (3) neutral,
  value: 3,
  dataset: ship-start
}"
8253,Category,"{
  label_de: (2) positiv,
  id: cat-ship-sl_a48bdlt-2,
  label_en: (2) positive,
  value: 2,
  dataset: ship-start
}"
8254,Category,"{
  label_de: (5) sehr negativ,
  id: cat-ship-sl_a48bdlt-5,
  label_en: (5) very negative,
  value: 5,
  dataset: ship-start
}"
8255,Category,"{
  label_de: (999) Unbekannt,
  id: cat-ship-sl_w53d5j-999,
  label_en: (999) Unknown,
  value: 999,
  dataset: ship-start
}"
8256,Category,"{
  label_de: (1) Ja,
  id: cat-ship-sl_w53d5j-1,
  label_en: (1) Yes,
  value: 1,
  dataset: ship-start
}"
8257,Category,"{
  label_de: (888) Trifft nicht zu,
  id: cat-ship-sl_w53d5j-888,
  label_en: (888) Does not apply,
  value: 888,
  dataset: ship-start
}"
8258,Category,"{
  label_de: (777) Weiß nicht,
  id: cat-ship-sl_w53d5j-777,
  label_en: (777) Don't know,
  value: 777,
  dataset: ship-start
}"
8259,Category,"{
  label_de: (0) Nein,
  id: cat-ship-sl_w53d5j-0,
  label_en: (0) No,
  value: 0,
  dataset: ship-start
}"
8260,Category,"{
  label_de: (J) erlaubter Sprung,
  id: cat-ship-sl_w53d5j-99983,
  label_en: (J) allowed jump,
  value: 99983,
  dataset: ship-start
}"
8261,Category,"{
  label_de: (999) Unbekannt,
  id: cat-ship-sl_o74lb4-999,
  label_en: (999) Unknown,
  value: 999,
  dataset: ship-start
}"
8262,Category,"{
  label_de: (1) Ja,
  id: cat-ship-sl_o74lb4-1,
  label_en: (1) Yes,
  value: 1,
  dataset: ship-start
}"
8263,Category,"{
  label_de: (888) Trifft nicht zu,
  id: cat-ship-sl_o74lb4-888,
  label_en: (888) Does not apply,
  value: 888,
  dataset: ship-start
}"
8264,Category,"{
  label_de: (777) Weiß nicht,
  id: cat-ship-sl_o74lb4-777,
  label_en: (777) Don't know,
  value: 777,
  dataset: ship-start
}"
8265,Category,"{
  label_de: (0) Nein,
  id: cat-ship-sl_o74lb4-0,
  label_en: (0) No,
  value: 0,
  dataset: ship-start
}"
8266,Category,"{
  label_de: (J) erlaubter Sprung,
  id: cat-ship-sl_o74lb4-99983,
  label_en: (J) allowed jump,
  value: 99983,
  dataset: ship-start
}"
8267,Category,"{
  label_de: Antwortverweigerung,
  id: cat-ship-s0_statmi1-9,
  label_en: Refusal to answer,
  value: 9,
  dataset: ship-start
}"
8268,Category,"{
  label_de: weiß nicht,
  id: cat-ship-s0_statmi1-8,
  label_en: do not know,
  value: 8,
  dataset: ship-start
}"
8269,Category,"{
  label_de: nein,
  id: cat-ship-s0_statmi1-2,
  label_en: no,
  value: 2,
  dataset: ship-start
}"
8270,Category,"{
  label_de: ja,
  id: cat-ship-s0_statmi1-1,
  label_en: yes,
  value: 1,
  dataset: ship-start
}"
8271,Category,"{
  label_de: Mehrmals im Monat,
  id: cat-ship-s2_s2_ernaehr_13-4,
  label_en: several times a month,
  value: 4,
  dataset: ship-start
}"
8272,Category,"{
  label_de: Täglich oder fast täglich,
  id: cat-ship-s2_s2_ernaehr_13-1,
  label_en: every day or almost every day,
  value: 1,
  dataset: ship-start
}"
8273,Category,"{
  label_de: Weiß nicht,
  id: cat-ship-s2_s2_ernaehr_13-998,
  label_en: I don't know,
  value: 998,
  dataset: ship-start
}"
8274,Category,"{
  label_de: Nie oder fast nie,
  id: cat-ship-s2_s2_ernaehr_13-6,
  label_en: never or almost never,
  value: 6,
  dataset: ship-start
}"
8275,Category,"{
  label_de: Etwa einmal in der Woche,
  id: cat-ship-s2_s2_ernaehr_13-3,
  label_en: about once a week,
  value: 3,
  dataset: ship-start
}"
8276,Category,"{
  label_de: Etwa einmal im Monat oder seltener,
  id: cat-ship-s2_s2_ernaehr_13-5,
  label_en: about once a month or fewer,
  value: 5,
  dataset: ship-start
}"
8277,Category,"{
  label_de: Antwortverweigerung,
  id: cat-ship-s2_s2_ernaehr_13-999,
  label_en: non-response,
  value: 999,
  dataset: ship-start
}"
8278,Category,"{
  label_de: Mehrmals in der Woche,
  id: cat-ship-s2_s2_ernaehr_13-2,
  label_en: several times a week,
  value: 2,
  dataset: ship-start
}"
8279,Category,"{
  label_de: (J) erlaubter Sprung,
  id: cat-ship-sl_h4bh1nd-99983,
  label_en: (J) allowed jump,
  value: 99983,
  dataset: ship-start
}"
8280,Category,"{
  label_de: (999) Unbekannt,
  id: cat-ship-sl_h4bh1nd-999,
  label_en: (999) Unknown,
  value: 999,
  dataset: ship-start
}"
8281,Category,"{
  label_de: (4) negativ,
  id: cat-ship-sl_h4bh1nd-4,
  label_en: (4) negative,
  value: 4,
  dataset: ship-start
}"
8282,Category,"{
  label_de: (1) sehr positiv,
  id: cat-ship-sl_h4bh1nd-1,
  label_en: (1) very positive,
  value: 1,
  dataset: ship-start
}"
8283,Category,"{
  label_de: (888) Trifft nicht zu,
  id: cat-ship-sl_h4bh1nd-888,
  label_en: (888) Does not apply,
  value: 888,
  dataset: ship-start
}"
8284,Category,"{
  label_de: (777) Weiß nicht,
  id: cat-ship-sl_h4bh1nd-777,
  label_en: (777) Don't know,
  value: 777,
  dataset: ship-start
}"
8285,Category,"{
  label_de: (3) neutral,
  id: cat-ship-sl_h4bh1nd-3,
  label_en: (3) neutral,
  value: 3,
  dataset: ship-start
}"
8286,Category,"{
  label_de: (2) positiv,
  id: cat-ship-sl_h4bh1nd-2,
  label_en: (2) positive,
  value: 2,
  dataset: ship-start
}"
8287,Category,"{
  label_de: (5) sehr negativ,
  id: cat-ship-sl_h4bh1nd-5,
  label_en: (5) very negative,
  value: 5,
  dataset: ship-start
}"
8288,Category,"{
  label_de: (999) Unbekannt,
  id: cat-ship-sl_k23spam-999,
  label_en: (999) Unknown,
  value: 999,
  dataset: ship-start
}"
8289,Category,"{
  label_de: (888) Trifft nicht zu,
  id: cat-ship-sl_k23spam-888,
  label_en: (888) Does not apply,
  value: 888,
  dataset: ship-start
}"
8290,Category,"{
  label_de: (4) viel,
  id: cat-ship-sl_k23spam-4,
  label_en: (4) much,
  value: 4,
  dataset: ship-start
}"
8291,Category,"{
  label_de: (0) nicht erwünscht,
  id: cat-ship-sl_k23spam-0,
  label_en: (0) not desired,
  value: 0,
  dataset: ship-start
}"
8292,Category,"{
  label_de: (777) Weiß nicht,
  id: cat-ship-sl_k23spam-777,
  label_en: (777) Don't know,
  value: 777,
  dataset: ship-start
}"
8293,Category,"{
  label_de: (3) mäßig,
  id: cat-ship-sl_k23spam-3,
  label_en: (3) moderate,
  value: 3,
  dataset: ship-start
}"
8294,Category,"{
  label_de: (1) keine,
  id: cat-ship-sl_k23spam-1,
  label_en: (1) none,
  value: 1,
  dataset: ship-start
}"
8295,Category,"{
  label_de: (2) wenig,
  id: cat-ship-sl_k23spam-2,
  label_en: (2) little,
  value: 2,
  dataset: ship-start
}"
8296,Category,"{
  label_de: (J) erlaubter Sprung,
  id: cat-ship-sl_k23spam-99983,
  label_en: (J) allowed jump,
  value: 99983,
  dataset: ship-start
}"
8297,Category,"{
  label_de: (999) Unbekannt,
  id: cat-ship-sl_a47dpam-999,
  label_en: (999) Unknown,
  value: 999,
  dataset: ship-start
}"
8298,Category,"{
  label_de: (1) Ja,
  id: cat-ship-sl_a47dpam-1,
  label_en: (1) Yes,
  value: 1,
  dataset: ship-start
}"
8299,Category,"{
  label_de: (888) Trifft nicht zu,
  id: cat-ship-sl_a47dpam-888,
  label_en: (888) Does not apply,
  value: 888,
  dataset: ship-start
}"
8300,Category,"{
  label_de: (777) Weiß nicht,
  id: cat-ship-sl_a47dpam-777,
  label_en: (777) Don't know,
  value: 777,
  dataset: ship-start
}"
8301,Category,"{
  label_de: (0) Nein,
  id: cat-ship-sl_a47dpam-0,
  label_en: (0) No,
  value: 0,
  dataset: ship-start
}"
8302,Category,"{
  label_de: (J) erlaubter Sprung,
  id: cat-ship-sl_a47dpam-99983,
  label_en: (J) allowed jump,
  value: 99983,
  dataset: ship-start
}"
8303,Category,"{
  label_de: keine Angabe,
  id: cat-ship-s1_inv_f07g-997,
  label_en: not specified,
  value: 997,
  dataset: ship-start
}"
8304,Category,"{
  label_de: nichts,
  id: cat-ship-s1_inv_f07g-4,
  label_en: nothing,
  value: 4,
  dataset: ship-start
}"
8305,Category,"{
  label_de: nur rechts,
  id: cat-ship-s1_inv_f07g-1,
  label_en: only right,
  value: 1,
  dataset: ship-start
}"
8306,Category,"{
  label_de: beidseitig,
  id: cat-ship-s1_inv_f07g-3,
  label_en: both sides,
  value: 3,
  dataset: ship-start
}"
8307,Category,"{
  label_de: nur links,
  id: cat-ship-s1_inv_f07g-2,
  label_en: left only,
  value: 2,
  dataset: ship-start
}"
8308,Category,"{
  label_de: Weiß nicht,
  id: cat-ship-s2_od_7-998,
  label_en: no idea,
  value: 998,
  dataset: ship-start
}"
8309,Category,"{
  label_de: Ja,
  id: cat-ship-s2_od_7-1,
  label_en: Yes,
  value: 1,
  dataset: ship-start
}"
8310,Category,"{
  label_de: Antwort verweigert,
  id: cat-ship-s2_od_7-999,
  label_en: answer denied,
  value: 999,
  dataset: ship-start
}"
8311,Category,"{
  label_de: Nein,
  id: cat-ship-s2_od_7-2,
  label_en: No,
  value: 2,
  dataset: ship-start
}"
8312,Category,"{
  label_de: Antwortverweigerung,
  id: cat-ship-s2_s2_inan_01-999,
  label_en: refused to answer,
  value: 999,
  dataset: ship-start
}"
8313,Category,"{
  label_de: Weiß nicht,
  id: cat-ship-s2_s2_inan_01-998,
  label_en: don't know,
  value: 998,
  dataset: ship-start
}"
8314,Category,"{
  label_de: Weniger gut,
  id: cat-ship-s2_s2_inan_01-3,
  label_en: not so good,
  value: 3,
  dataset: ship-start
}"
8315,Category,"{
  label_de: Gut,
  id: cat-ship-s2_s2_inan_01-2,
  label_en: good,
  value: 2,
  dataset: ship-start
}"
8316,Category,"{
  label_de: Sehr gut,
  id: cat-ship-s2_s2_inan_01-1,
  label_en: very good,
  value: 1,
  dataset: ship-start
}"
8317,Category,"{
  label_de: Schlecht,
  id: cat-ship-s2_s2_inan_01-4,
  label_en: bad,
  value: 4,
  dataset: ship-start
}"
8318,Category,"{
  label_de: Mehrmals im Monat,
  id: cat-ship-s2_s2_ernaehr_16-4,
  label_en: several times a month,
  value: 4,
  dataset: ship-start
}"
8319,Category,"{
  label_de: Täglich oder fast täglich,
  id: cat-ship-s2_s2_ernaehr_16-1,
  label_en: every day or almost every day,
  value: 1,
  dataset: ship-start
}"
8320,Category,"{
  label_de: Trifft nicht zu,
  id: cat-ship-s1_frau_1-997,
  label_en: Does not apply,
  value: 997,
  dataset: ship-start
}"
8321,Category,"{
  label_de: Nein,
  id: cat-ship-s1_frau_1-2,
  label_en: No,
  value: 2,
  dataset: ship-start
}"
8322,Category,"{
  label_de: Antwortverweigerung,
  id: cat-ship-s2_s2_belast_15-9999,
  label_en: non-response (datetime),
  value: 9999,
  dataset: ship-start
}"
8323,Category,"{
  label_de: Weiß nicht,
  id: cat-ship-s2_s2_belast_15-9998,
  label_en: I don't know (datetime),
  value: 9998,
  dataset: ship-start
}"
8324,Category,"{
  label_de: Messung nicht möglich,
  id: cat-ship-s2_s2_belast_15-996,
  label_en: measurement not done,
  value: 996,
  dataset: ship-start
}"
8325,Category,"{
  label_de: Antwortverweigerung,
  id: cat-ship-s2_s2_belast_15-999,
  label_en: non-response,
  value: 999,
  dataset: ship-start
}"
8326,Category,"{
  label_de: Nicht zutreffend,
  id: cat-ship-s2_s2_belast_15-997,
  label_en: does not apply,
  value: 997,
  dataset: ship-start
}"
8327,Category,"{
  label_de: Weiß nicht,
  id: cat-ship-s2_s2_belast_15-998,
  label_en: I don't know,
  value: 998,
  dataset: ship-start
}"
8328,Category,"{
  label_de: Weiß nicht,
  id: cat-ship-s2_s2_inan_04c-998,
  label_en: do not know,
  value: 998,
  dataset: ship-start
}"
8329,Category,"{
  label_de: Antwortverweigerung,
  id: cat-ship-s2_s2_inan_04c-999,
  label_en: refused to answer,
  value: 999,
  dataset: ship-start
}"
8330,Category,"{
  label_de: Ja,
  id: cat-ship-s2_s2_inan_04c-1,
  label_en: Yes,
  value: 1,
  dataset: ship-start
}"
8331,Category,"{
  label_de: Nein,
  id: cat-ship-s2_s2_inan_04c-2,
  label_en: No,
  value: 2,
  dataset: ship-start
}"
8332,Category,"{
  label_de: Abbruch nach 30 Sekunden Lesezeit,
  id: cat-ship-s2_nahvisus_2-0,
  label_en: ended after 30 seconds of reading time,
  value: 0,
  dataset: ship-start
}"
8333,Category,"{
  label_de: Ja,
  id: cat-ship-s2_nahvisus_2-1,
  label_en: Yes,
  value: 1,
  dataset: ship-start
}"
8334,Category,"{
  label_de: Nein,
  id: cat-ship-s2_nahvisus_2-2,
  label_en: No,
  value: 2,
  dataset: ship-start
}"
8335,Category,"{
  label_de: nicht mehr dargeboten,
  id: cat-ship-s2_nahvisus_2-3,
  label_en: no longer offered,
  value: 3,
  dataset: ship-start
}"
8336,Category,"{
  label_de: per Hand,
  id: cat-ship-s3_nc_ident-0,
  label_en: by hand,
  value: 0,
  dataset: ship-start
}"
8337,Category,"{
  label_de: per IDOM,
  id: cat-ship-s3_nc_ident-1,
  label_en: per IDOM,
  value: 1,
  dataset: ship-start
}"
8338,Category,"{
  label_de: (3) neutral,
  id: cat-ship-sl_a47bh5j-3,
  label_en: (3) neutral,
  value: 3,
  dataset: ship-start
}"
8339,Category,"{
  label_de: (2) positiv,
  id: cat-ship-sl_a47bh5j-2,
  label_en: (2) positive,
  value: 2,
  dataset: ship-start
}"
8340,Category,"{
  label_de: (5) sehr negativ,
  id: cat-ship-sl_a47bh5j-5,
  label_en: (5) very negative,
  value: 5,
  dataset: ship-start
}"
8341,Category,"{
  label_de: (J) erlaubter Sprung,
  id: cat-ship-sl_a47bh5j-99983,
  label_en: (J) allowed jump,
  value: 99983,
  dataset: ship-start
}"
8342,Category,"{
  label_de: (999) Unbekannt,
  id: cat-ship-sl_a47bh5j-999,
  label_en: (999) Unknown,
  value: 999,
  dataset: ship-start
}"
8343,Category,"{
  label_de: (4) negativ,
  id: cat-ship-sl_a47bh5j-4,
  label_en: (4) negative,
  value: 4,
  dataset: ship-start
}"
8344,Category,"{
  label_de: (1) sehr positiv,
  id: cat-ship-sl_a47bh5j-1,
  label_en: (1) very positive,
  value: 1,
  dataset: ship-start
}"
8345,Category,"{
  label_de: (888) Trifft nicht zu,
  id: cat-ship-sl_a47bh5j-888,
  label_en: (888) Does not apply,
  value: 888,
  dataset: ship-start
}"
8346,Category,"{
  label_de: (777) Weiß nicht,
  id: cat-ship-sl_a47bh5j-777,
  label_en: (777) Don't know,
  value: 777,
  dataset: ship-start
}"
8347,Category,"{
  label_de: (J) erlaubter Sprung,
  id: cat-ship-sl_a40aze-99983,
  label_en: (J) jump allowed,
  value: 99983,
  dataset: ship-start
}"
8348,Category,"{
  label_de: (777) Weiß nicht,
  id: cat-ship-sl_a40aze-777,
  label_en: (777) Don't know,
  value: 777,
  dataset: ship-start
}"
8349,Category,"{
  label_de: (999) Unbekannt,
  id: cat-ship-sl_a40aze-999,
  label_en: (999) Unknown,
  value: 999,
  dataset: ship-start
}"
8350,Category,"{
  label_de: (888) Trifft nicht zu,
  id: cat-ship-sl_a40aze-888,
  label_en: (888) Does not apply,
  value: 888,
  dataset: ship-start
}"
8351,Category,"{
  label_de: Antwortverweigerung,
  id: cat-ship-s0_ncig2-99,
  label_en: Refusal to answer,
  value: 99,
  dataset: ship-start
}"
8352,Category,"{
  label_de: weiß nicht,
  id: cat-ship-s0_ncig2-98,
  label_en: do not know,
  value: 98,
  dataset: ship-start
}"
8353,Category,"{
  label_de: nicht erinnerlich,
  id: cat-ship-s1_kom_f06c-998,
  label_en: not remembered,
  value: 998,
  dataset: ship-start
}"
8354,Category,"{
  label_de: nicht,
  id: cat-ship-s1_kom_f06c-1,
  label_en: not,
  value: 1,
  dataset: ship-start
}"
8355,Category,"{
  label_de: keine Angabe,
  id: cat-ship-s1_kom_f06c-997,
  label_en: not specified,
  value: 997,
  dataset: ship-start
}"
8356,Category,"{
  label_de: immer,
  id: cat-ship-s1_kom_f06c-4,
  label_en: always,
  value: 4,
  dataset: ship-start
}"
8357,Category,"{
  label_de: gelegentlich,
  id: cat-ship-s1_kom_f06c-2,
  label_en: occasionally,
  value: 2,
  dataset: ship-start
}"
8358,Category,"{
  label_de: meistens,
  id: cat-ship-s1_kom_f06c-3,
  label_en: mostly,
  value: 3,
  dataset: ship-start
}"
8359,Category,"{
  label_de: Ja,
  id: cat-ship-s3_pre_sport_jogging-1,
  label_en: Yes,
  value: 1,
  dataset: ship-start
}"
8360,Category,"{
  label_de: Nein,
  id: cat-ship-s3_pre_sport_jogging-0,
  label_en: No,
  value: 0,
  dataset: ship-start
}"
8361,Category,"{
  label_de: (2) wenig,
  id: cat-ship-sl_l33s1nd-2,
  label_en: (2) little,
  value: 2,
  dataset: ship-start
}"
8362,Category,"{
  label_de: (J) erlaubter Sprung,
  id: cat-ship-sl_l33s1nd-99983,
  label_en: (J) allowed jump,
  value: 99983,
  dataset: ship-start
}"
8363,Category,"{
  label_de: (777) Weiß nicht,
  id: cat-ship-sl_l33s1nd-777,
  label_en: (777) Don't know,
  value: 777,
  dataset: ship-start
}"
8364,Category,"{
  label_de: (3) mäßig,
  id: cat-ship-sl_l33s1nd-3,
  label_en: (3) moderate,
  value: 3,
  dataset: ship-start
}"
8365,Category,"{
  label_de: (1) keine,
  id: cat-ship-sl_l33s1nd-1,
  label_en: (1) none,
  value: 1,
  dataset: ship-start
}"
8366,Category,"{
  label_de: (999) Unbekannt,
  id: cat-ship-sl_l33s1nd-999,
  label_en: (999) Unknown,
  value: 999,
  dataset: ship-start
}"
8367,Category,"{
  label_de: (888) Trifft nicht zu,
  id: cat-ship-sl_l33s1nd-888,
  label_en: (888) Does not apply,
  value: 888,
  dataset: ship-start
}"
8368,Category,"{
  label_de: (4) viel,
  id: cat-ship-sl_l33s1nd-4,
  label_en: (4) much,
  value: 4,
  dataset: ship-start
}"
8369,Category,"{
  label_de: (0) nicht erwünscht,
  id: cat-ship-sl_l33s1nd-0,
  label_en: (0) not desired,
  value: 0,
  dataset: ship-start
}"
8370,Category,"{
  label_de: (J) erlaubter Sprung,
  id: cat-ship-sl_a44lb8-99983,
  label_en: (J) allowed jump,
  value: 99983,
  dataset: ship-start
}"
8371,Category,"{
  label_de: (0) Nein,
  id: cat-ship-sl_a44lb8-0,
  label_en: (0) No,
  value: 0,
  dataset: ship-start
}"
8372,Category,"{
  label_de: (888) Trifft nicht zu,
  id: cat-ship-sl_a44lb8-888,
  label_en: (888) Does not apply,
  value: 888,
  dataset: ship-start
}"
8373,Category,"{
  label_de: (777) Weiß nicht,
  id: cat-ship-sl_a44lb8-777,
  label_en: (777) Don't know,
  value: 777,
  dataset: ship-start
}"
8374,Category,"{
  label_de: (999) Unbekannt,
  id: cat-ship-sl_a44lb8-999,
  label_en: (999) Unknown,
  value: 999,
  dataset: ship-start
}"
8375,Category,"{
  label_de: (1) Ja,
  id: cat-ship-sl_a44lb8-1,
  label_en: (1) Yes,
  value: 1,
  dataset: ship-start
}"
8376,Category,"{
  label_de: (J) erlaubter Sprung,
  id: cat-ship-sl_b13dlt-99983,
  label_en: (J) allowed jump,
  value: 99983,
  dataset: ship-start
}"
8377,Category,"{
  label_de: (0) Nein,
  id: cat-ship-sl_b13dlt-0,
  label_en: (0) No,
  value: 0,
  dataset: ship-start
}"
8378,Category,"{
  label_de: (888) Trifft nicht zu,
  id: cat-ship-sl_b13dlt-888,
  label_en: (888) Does not apply,
  value: 888,
  dataset: ship-start
}"
8379,Category,"{
  label_de: (777) Weiß nicht,
  id: cat-ship-sl_b13dlt-777,
  label_en: (777) Don't know,
  value: 777,
  dataset: ship-start
}"
8380,Category,"{
  label_de: (999) Unbekannt,
  id: cat-ship-sl_b13dlt-999,
  label_en: (999) Unknown,
  value: 999,
  dataset: ship-start
}"
8381,Category,"{
  label_de: (1) Ja,
  id: cat-ship-sl_b13dlt-1,
  label_en: (1) Yes,
  value: 1,
  dataset: ship-start
}"
8382,Category,"{
  label_de: weiß nicht,
  id: cat-ship-s0_neural2-8,
  label_en: do not know,
  value: 8,
  dataset: ship-start
}"
8383,Category,"{
  label_de: Heilpraktiker,
  id: cat-ship-s0_neural2-2,
  label_en: alternative practitioner,
  value: 2,
  dataset: ship-start
}"
8384,Category,"{
  label_de: Antwortverweigerung,
  id: cat-ship-s0_neural2-9,
  label_en: Refusal to answer,
  value: 9,
  dataset: ship-start
}"
8385,Category,"{
  label_de: anderer,
  id: cat-ship-s0_neural2-3,
  label_en: other,
  value: 3,
  dataset: ship-start
}"
8386,Category,"{
  label_de: Arzt,
  id: cat-ship-s0_neural2-1,
  label_en: doctor,
  value: 1,
  dataset: ship-start
}"
8387,Category,"{
  label_de: Nicht auswertbar,
  id: cat-ship-s0_ern80ue-8,
  label_en: Not evaluable,
  value: 8,
  dataset: ship-start
}"
8388,Category,"{
  label_de: Stimme nicht zu,
  id: cat-ship-s0_ern80ue-2,
  label_en: Do not agree,
  value: 2,
  dataset: ship-start
}"
8389,Category,"{
  label_de: Keine Angabe,
  id: cat-ship-s0_ern80ue-9,
  label_en: No answer,
  value: 9,
  dataset: ship-start
}"
8390,Category,"{
  label_de: Stimme sehr zu,
  id: cat-ship-s0_ern80ue-5,
  label_en: Agree very much,
  value: 5,
  dataset: ship-start
}"
8391,Category,"{
  label_de: Stimme zu,
  id: cat-ship-s0_ern80ue-4,
  label_en: Agree,
  value: 4,
  dataset: ship-start
}"
8392,Category,"{
  label_de: Bin unsicher,
  id: cat-ship-s0_ern80ue-3,
  label_en: Am unsure,
  value: 3,
  dataset: ship-start
}"
8393,Category,"{
  label_de: Stimme überhaupt nicht zu,
  id: cat-ship-s0_ern80ue-1,
  label_en: Do not agree at all,
  value: 1,
  dataset: ship-start
}"
8394,Category,"{
  label_de: Stark,
  id: cat-ship-s2_ges_bl_12-4,
  label_en: highly,
  value: 4,
  dataset: ship-start
}"
8395,Category,"{
  label_de: Kaum,
  id: cat-ship-s2_ges_bl_12-2,
  label_en: little,
  value: 2,
  dataset: ship-start
}"
8396,Category,"{
  label_de: Gar nicht,
  id: cat-ship-s2_ges_bl_12-1,
  label_en: none,
  value: 1,
  dataset: ship-start
}"
8397,Category,"{
  label_de: Mäßig,
  id: cat-ship-s2_ges_bl_12-3,
  label_en: moderate,
  value: 3,
  dataset: ship-start
}"
8398,Category,"{
  label_de: (999) Unbekannt,
  id: cat-ship-sl_u78slt-999,
  label_en: (999) Unknown,
  value: 999,
  dataset: ship-start
}"
8399,Category,"{
  label_de: (888) Trifft nicht zu,
  id: cat-ship-sl_u78slt-888,
  label_en: (888) Does not apply,
  value: 888,
  dataset: ship-start
}"
8400,Category,"{
  label_de: (4) viel,
  id: cat-ship-sl_u78slt-4,
  label_en: (4) much,
  value: 4,
  dataset: ship-start
}"
8401,Category,"{
  label_de: (0) nicht erwünscht,
  id: cat-ship-sl_u78slt-0,
  label_en: (0) not desired,
  value: 0,
  dataset: ship-start
}"
8402,Category,"{
  label_de: (777) Weiß nicht,
  id: cat-ship-sl_u78slt-777,
  label_en: (777) Don't know,
  value: 777,
  dataset: ship-start
}"
8403,Category,"{
  label_de: (3) mäßig,
  id: cat-ship-sl_u78slt-3,
  label_en: (3) moderate,
  value: 3,
  dataset: ship-start
}"
8404,Category,"{
  label_de: (1) keine,
  id: cat-ship-sl_u78slt-1,
  label_en: (1) none,
  value: 1,
  dataset: ship-start
}"
8405,Category,"{
  label_de: (2) wenig,
  id: cat-ship-sl_u78slt-2,
  label_en: (2) little,
  value: 2,
  dataset: ship-start
}"
8406,Category,"{
  label_de: (J) erlaubter Sprung,
  id: cat-ship-sl_u78slt-99983,
  label_en: (J) allowed jump,
  value: 99983,
  dataset: ship-start
}"
8407,Category,"{
  label_de: Antwortverweigerung,
  id: cat-ship-s0_rrwann-9,
  label_en: Refusal to answer,
  value: 9,
  dataset: ship-start
}"
8408,Category,"{
  label_de: innerhalb letzte 2-12 Monate,
  id: cat-ship-s0_rrwann-2,
  label_en: within last 2-12 months,
  value: 2,
  dataset: ship-start
}"
8409,Category,"{
  label_de: vor mehr als 1 Jahr,
  id: cat-ship-s0_rrwann-3,
  label_en: more than 1 year ago,
  value: 3,
  dataset: ship-start
}"
8410,Category,"{
  label_de: weiß nicht,
  id: cat-ship-s0_rrwann-8,
  label_en: do not know,
  value: 8,
  dataset: ship-start
}"
8411,Category,"{
  label_de: innerhalb letzte 4 Wochen,
  id: cat-ship-s0_rrwann-1,
  label_en: within last 4 weeks,
  value: 1,
  dataset: ship-start
}"
8412,Category,"{
  label_de: Antwortverweigerung,
  id: cat-ship-s0_ortho-9,
  label_en: Refusal to answer,
  value: 9,
  dataset: ship-start
}"
8413,Category,"{
  label_de: weiß nicht,
  id: cat-ship-s0_ortho-8,
  label_en: do not know,
  value: 8,
  dataset: ship-start
}"
8414,Category,"{
  label_de: nein,
  id: cat-ship-s0_ortho-2,
  label_en: no,
  value: 2,
  dataset: ship-start
}"
8415,Category,"{
  label_de: ja,
  id: cat-ship-s0_ortho-1,
  label_en: yes,
  value: 1,
  dataset: ship-start
}"
8416,Category,"{
  id: cat-ship-s0_hemophilia_s0-0,
  label_en: (0) No,
  value: 0,
  dataset: ship-start
}"
8417,Category,"{
  id: cat-ship-s0_hemophilia_s0-1,
  label_en: (1) Yes,
  value: 1,
  dataset: ship-start
}"
8418,Category,"{
  label_de: Nein,
  id: cat-ship-s1_unruhe-2,
  label_en: No,
  value: 2,
  dataset: ship-start
}"
8419,Category,"{
  label_de: Weiß nicht,
  id: cat-ship-s1_unruhe-997,
  label_en: Does not know,
  value: 997,
  dataset: ship-start
}"
8420,Category,"{
  label_de: Ja,
  id: cat-ship-s1_unruhe-1,
  label_en: Yes,
  value: 1,
  dataset: ship-start
}"
8421,Category,"{
  label_de: Antwortverweigerung,
  id: cat-ship-s2_s2_inan_04b-999,
  label_en: non-response,
  value: 999,
  dataset: ship-start
}"
8422,Category,"{
  label_de: Nicht zutreffend,
  id: cat-ship-s2_s2_inan_04b-997,
  label_en: does not apply,
  value: 997,
  dataset: ship-start
}"
8423,Category,"{
  label_de: Weiß nicht,
  id: cat-ship-s2_s2_inan_04b-998,
  label_en: I don't know,
  value: 998,
  dataset: ship-start
}"
8424,Category,"{
  label_de: Antwortverweigerung,
  id: cat-ship-s2_s2_inan_04b-9999,
  label_en: non-response (datetime),
  value: 9999,
  dataset: ship-start
}"
8425,Category,"{
  label_de: Weiß nicht,
  id: cat-ship-s2_s2_inan_04b-9998,
  label_en: I don't know (datetime),
  value: 9998,
  dataset: ship-start
}"
8426,Category,"{
  label_de: Messung nicht möglich,
  id: cat-ship-s2_s2_inan_04b-996,
  label_en: measurement not done,
  value: 996,
  dataset: ship-start
}"
8427,Category,"{
  label_de: Ja,
  id: cat-ship-s2_nahvisus_5-1,
  label_en: Yes,
  value: 1,
  dataset: ship-start
}"
8428,Category,"{
  label_de: Nein,
  id: cat-ship-s2_nahvisus_5-2,
  label_en: No,
  value: 2,
  dataset: ship-start
}"
8429,Category,"{
  label_de: nicht mehr dargeboten,
  id: cat-ship-s2_nahvisus_5-3,
  label_en: no longer offered,
  value: 3,
  dataset: ship-start
}"
8430,Category,"{
  label_de: Abbruch nach 30 Sekunden Lesezeit,
  id: cat-ship-s2_nahvisus_5-0,
  label_en: ended after 30 seconds of reading time,
  value: 0,
  dataset: ship-start
}"
8431,Category,"{
  label_de: jeden 4. Tag = 2 x pro Woche,
  id: cat-ship-s2_einnahmeintervall-4,
  label_en: every 4th day = 2x a week,
  value: 4,
  dataset: ship-start
}"
8432,Category,"{
  label_de: jeden 15. Tag = alle 2 Wochen,
  id: cat-ship-s2_einnahmeintervall-15,
  label_en: every 15th day = every two weeks,
  value: 15,
  dataset: ship-start
}"
8433,Category,"{
  label_de: jeden 3. Tag,
  id: cat-ship-s2_einnahmeintervall-3,
  label_en: every 3rd day,
  value: 3,
  dataset: ship-start
}"
8434,Category,"{
  label_de: jeden 2. Tag,
  id: cat-ship-s2_einnahmeintervall-2,
  label_en: every 2nd day,
  value: 2,
  dataset: ship-start
}"
8435,Category,"{
  label_de: täglich,
  id: cat-ship-s2_einnahmeintervall-1,
  label_en: daily,
  value: 1,
  dataset: ship-start
}"
8436,Category,"{
  label_de: unbekannt,
  id: cat-ship-s2_einnahmeintervall-999,
  label_en: unknown,
  value: 999,
  dataset: ship-start
}"
8437,Category,"{
  label_de: jeden 8. Tag = 1 x pro Woche,
  id: cat-ship-s2_einnahmeintervall-8,
  label_en: every 8th day = once a week,
  value: 8,
  dataset: ship-start
}"
8438,Category,"{
  label_de: jeden 30. Tag = 1 x pro Monat,
  id: cat-ship-s2_einnahmeintervall-30,
  label_en: every 30th day = 1x per month,
  value: 30,
  dataset: ship-start
}"
8439,Category,"{
  label_de: nicht geschallt,
  id: cat-ship-s4_ech_pk-9,
  label_en: no image,
  value: 9,
  dataset: ship-start
}"
8440,Category,"{
  label_de: nicht beurteilbar,
  id: cat-ship-s4_ech_pk-8,
  label_en: not assessable,
  value: 8,
  dataset: ship-start
}"
8441,Category,"{
  label_de: schlecht schallbar,
  id: cat-ship-s4_ech_pk-1,
  label_en: poor image,
  value: 1,
  dataset: ship-start
}"
8442,Category,"{
  label_de: gut schallbar,
  id: cat-ship-s4_ech_pk-0,
  label_en: good image,
  value: 0,
  dataset: ship-start
}"
8443,Category,"{
  label_de: (999) Unbekannt,
  id: cat-ship-sl_u78s1nd-999,
  label_en: (999) Unknown,
  value: 999,
  dataset: ship-start
}"
8444,Category,"{
  label_de: (888) Trifft nicht zu,
  id: cat-ship-sl_u78s1nd-888,
  label_en: (888) Does not apply,
  value: 888,
  dataset: ship-start
}"
8445,Category,"{
  label_de: (4) viel,
  id: cat-ship-sl_u78s1nd-4,
  label_en: (4) much,
  value: 4,
  dataset: ship-start
}"
8446,Category,"{
  label_de: (0) nicht erwünscht,
  id: cat-ship-sl_u78s1nd-0,
  label_en: (0) not desired,
  value: 0,
  dataset: ship-start
}"
8447,Category,"{
  label_de: (777) Weiß nicht,
  id: cat-ship-sl_u78s1nd-777,
  label_en: (777) Don't know,
  value: 777,
  dataset: ship-start
}"
8448,Category,"{
  label_de: (2) positiv,
  id: cat-ship-sl_l37bh1de-2,
  label_en: (2) positive,
  value: 2,
  dataset: ship-start
}"
8449,Category,"{
  label_de: (5) sehr negativ,
  id: cat-ship-sl_l37bh1de-5,
  label_en: (5) very negative,
  value: 5,
  dataset: ship-start
}"
8450,Category,"{
  label_de: (J) erlaubter Sprung,
  id: cat-ship-sl_l37bh1de-99983,
  label_en: (J) allowed jump,
  value: 99983,
  dataset: ship-start
}"
8451,Category,"{
  label_de: (999) Unbekannt,
  id: cat-ship-sl_l37bh1de-999,
  label_en: (999) Unknown,
  value: 999,
  dataset: ship-start
}"
8452,Category,"{
  label_de: (4) negativ,
  id: cat-ship-sl_l37bh1de-4,
  label_en: (4) negative,
  value: 4,
  dataset: ship-start
}"
8453,Category,"{
  label_de: (1) sehr positiv,
  id: cat-ship-sl_l37bh1de-1,
  label_en: (1) very positive,
  value: 1,
  dataset: ship-start
}"
8454,Category,"{
  label_de: (888) Trifft nicht zu,
  id: cat-ship-sl_l37bh1de-888,
  label_en: (888) Does not apply,
  value: 888,
  dataset: ship-start
}"
8455,Category,"{
  label_de: (777) Weiß nicht,
  id: cat-ship-sl_l37bh1de-777,
  label_en: (777) Don't know,
  value: 777,
  dataset: ship-start
}"
8456,Category,"{
  label_de: (2) wenig,
  id: cat-ship-sl_t67spam-2,
  label_en: (2) little,
  value: 2,
  dataset: ship-start
}"
8457,Category,"{
  label_de: (J) erlaubter Sprung,
  id: cat-ship-sl_t67spam-99983,
  label_en: (J) allowed jump,
  value: 99983,
  dataset: ship-start
}"
8458,Category,"{
  label_de: (999) Unbekannt,
  id: cat-ship-sl_t67spam-999,
  label_en: (999) Unknown,
  value: 999,
  dataset: ship-start
}"
8459,Category,"{
  label_de: (888) Trifft nicht zu,
  id: cat-ship-sl_t67spam-888,
  label_en: (888) Does not apply,
  value: 888,
  dataset: ship-start
}"
8460,Category,"{
  label_de: (4) viel,
  id: cat-ship-sl_t67spam-4,
  label_en: (4) much,
  value: 4,
  dataset: ship-start
}"
8461,Category,"{
  label_de: (0) nicht erwünscht,
  id: cat-ship-sl_t67spam-0,
  label_en: (0) not desired,
  value: 0,
  dataset: ship-start
}"
8462,Category,"{
  label_de: (777) Weiß nicht,
  id: cat-ship-sl_t67spam-777,
  label_en: (777) Don't know,
  value: 777,
  dataset: ship-start
}"
8463,Category,"{
  label_de: (3) mäßig,
  id: cat-ship-sl_t67spam-3,
  label_en: (3) moderate,
  value: 3,
  dataset: ship-start
}"
8464,Category,"{
  label_de: (1) keine,
  id: cat-ship-sl_t67spam-1,
  label_en: (1) none,
  value: 1,
  dataset: ship-start
}"
8465,Category,"{
  label_de: (J) erlaubter Sprung,
  id: cat-ship-sl_a40d5j-99983,
  label_en: (J) allowed jump,
  value: 99983,
  dataset: ship-start
}"
8466,Category,"{
  label_de: (999) Unbekannt,
  id: cat-ship-sl_a40d5j-999,
  label_en: (999) Unknown,
  value: 999,
  dataset: ship-start
}"
8467,Category,"{
  label_de: (1) Ja,
  id: cat-ship-sl_a40d5j-1,
  label_en: (1) Yes,
  value: 1,
  dataset: ship-start
}"
8468,Category,"{
  label_de: (888) Trifft nicht zu,
  id: cat-ship-sl_a40d5j-888,
  label_en: (888) Does not apply,
  value: 888,
  dataset: ship-start
}"
8469,Category,"{
  label_de: (777) Weiß nicht,
  id: cat-ship-sl_a40d5j-777,
  label_en: (777) Don't know,
  value: 777,
  dataset: ship-start
}"
8470,Category,"{
  label_de: (0) Nein,
  id: cat-ship-sl_a40d5j-0,
  label_en: (0) No,
  value: 0,
  dataset: ship-start
}"
8471,Dataset,"{
  lastUpdated: 2026-01-23,
  name: IDEFICS T2 CORE,
  format: XLSX,
  fullName: IDEFICS - T2 Data Dictionary CORE,
  totalCategories: 122,
  language: EN,
  totalVariables: 62,
  id: nfdi4health-2982,
  type: Data dictionary,
  version: 6.0,
  hshUrl: https://health-study-hub.de/resource/nfdi4health-2982
}"
8472,Study,"{
  name: IDEFICS T2,
  fullName: IDEFICS T2 Wave CORE Dataset,
  id: idefics-t2,
  collection: BIPS
}"
8473,Person,"{
  role: Project leader,
  name: Wolfgang Ahrens,
  id: ahrens-wolfgang
}"
8474,Person,"{
  role: Contact,
  name: Ina B. Alvarez Franco,
  id: alvarez-ina,
  email: alvarez@leibniz-bips.de
}"
8475,Institution,"{
  ror: 02c22vc57,
  name: BIPS,
  fullName: Leibniz Institute for Prevention Research and Epidemiology,
  id: bips-bremen
}"
8476,Keyword,"{
  code: http://id.nlm.nih.gov/mesh/D000886,
  name: Anthropometry,
  id: kw-Anthropometry
}"
8477,Keyword,"{
  code: http://snomed.info/id/248113009,
  name: Eating behavior,
  id: kw-Eating_behavior
}"
8478,Keyword,"{
  code: http://snomed.info/id/129861002,
  name: Physical activity,
  id: kw-Physical_activity
}"
8479,Keyword,"{
  code: http://id.nlm.nih.gov/mesh/D007899,
  name: Leisure Activities,
  id: kw-Leisure_Activities
}"
8480,Keyword,"{
  code: http://id.nlm.nih.gov/mesh/D009273,
  name: Age Groups,
  id: kw-Age_Groups
}"
8481,Keyword,"{
  code: http://id.nlm.nih.gov/mesh/D012723,
  name: Sex,
  id: kw-Sex
}"
8482,Variable,"{
  unit: ,
  label_de: ,
  valueType: integer,
  name: ID_no,
  id: var-idefics-ID_no,
  label: ID-Number,
  source: Questionnaire,
  dataset: idefics-t2,
  target: Participant
}"
8483,Area,"{
  name: Administrative information,
  id: area-idefics-administrative_information,
  dataset: idefics-t2
}"
8484,Variable,"{
  unit: ,
  label_de: ,
  valueType: decimal,
  name: age_T2,
  id: var-idefics-age_T2,
  label: Age of the child [years],
  source: Questionnaire,
  dataset: idefics-t2,
  target: Participant
}"
8485,Area,"{
  name: Sociodemographic economic characteristics,
  id: area-idefics-sociodemographic_economic_characteristics,
  dataset: idefics-t2
}"
8486,Variable,"{
  unit: ,
  label_de: ,
  valueType: integer,
  name: sex_child_T2,
  id: var-idefics-sex_child_T2,
  label: Sex of the child ,
  source: Questionnaire,
  dataset: idefics-t2,
  target: Participant
}"
8487,Variable,"{
  unit: ,
  label_de: ,
  valueType: date,
  name: dofill_T2,
  id: var-idefics-dofill_T2,
  label: Date of filling in of the parental questionnaire,
  source: Questionnaire,
  dataset: idefics-t2,
  target: Participant
}"
8488,Variable,"{
  unit: ,
  label_de: ,
  valueType: decimal,
  name: weight_T2,
  id: var-idefics-weight_T2,
  label: Weight [kg],
  source: Questionnaire,
  dataset: idefics-t2,
  target: Participant
}"
8489,Area,"{
  name: Physical measures,
  id: area-idefics-physical_measures,
  dataset: idefics-t2
}"
8490,Variable,"{
  unit: ,
  label_de: ,
  valueType: date,
  name: doe_T2,
  id: var-idefics-doe_T2,
  label: Examination Date,
  source: Questionnaire,
  dataset: idefics-t2,
  target: Participant
}"
8491,Variable,"{
  unit: ,
  label_de: ,
  valueType: decimal,
  name: height_T2,
  id: var-idefics-height_T2,
  label: Height [cm],
  source: Questionnaire,
  dataset: idefics-t2,
  target: Participant
}"
8492,Variable,"{
  unit: ,
  label_de: ,
  valueType: decimal,
  name: waist_T2,
  id: var-idefics-waist_T2,
  label: Waist [cm],
  source: Questionnaire,
  dataset: idefics-t2,
  target: Participant
}"
8493,Variable,"{
  unit: ,
  label_de: ,
  valueType: integer,
  name: pq_in_T2,
  id: var-idefics-pq_in_T2,
  label: Dataset in Parental Questionnaire?,
  source: Questionnaire,
  dataset: idefics-t2,
  target: Participant
}"
8494,Variable,"{
  unit: ,
  label_de: ,
  valueType: integer,
  name: ex_in_T2,
  id: var-idefics-ex_in_T2,
  label: Dataset in Examination Sheet,
  source: Questionnaire,
  dataset: idefics-t2,
  target: Participant
}"
8495,Variable,"{
  unit: ,
  label_de: ,
  valueType: integer,
  name: gwas_in_T2,
  id: var-idefics-gwas_in_T2,
  label: Available (successful) derived genotype of participant,
  source: Questionnaire,
  dataset: idefics-t2,
  target: Participant
}"
8496,Area,"{
  name: Laboratory measures,
  id: area-idefics-laboratory_measures,
  dataset: idefics-t2
}"
8497,Variable,"{
  unit: ,
  label_de: ,
  valueType: decimal,
  name: bmi_T2,
  id: var-idefics-bmi_T2,
  label: Body Mass Index [kg/m^2],
  source: Questionnaire,
  dataset: idefics-t2,
  target: Participant
}"
8498,Variable,"{
  unit: ,
  label_de: ,
  valueType: integer,
  name: country_T2,
  id: var-idefics-country_T2,
  label: Country (Country-Code ),
  source: Questionnaire,
  dataset: idefics-t2,
  target: Participant
}"
8499,Variable,"{
  unit: ,
  label_de: ,
  valueType: integer,
  name: center_T2,
  id: var-idefics-center_T2,
  label: Center (Center Code ),
  source: Questionnaire,
  dataset: idefics-t2,
  target: Participant
}"
8500,Variable,"{
  unit: ,
  label_de: ,
  valueType: integer,
  name: contr_interv_T2,
  id: var-idefics-contr_interv_T2,
  label: Study group (Control or Intervention),
  source: Questionnaire,
  dataset: idefics-t2,
  target: Participant
}"
8501,Variable,"{
  unit: ,
  label_de: ,
  valueType: integer,
  name: bmi_cat_COLE_T2,
  id: var-idefics-bmi_cat_COLE_T2,
  label: BMI in categories by COLE,
  source: Questionnaire,
  dataset: idefics-t2,
  target: Participant
}"
8502,Variable,"{
  unit: ,
  label_de: ,
  valueType: decimal,
  name: height_score_cole_T2,
  id: var-idefics-height_score_cole_T2,
  label: Z-Scores for height according to Cole,
  source: Questionnaire,
  dataset: idefics-t2,
  target: Participant
}"
8503,Variable,"{
  unit: ,
  label_de: ,
  valueType: decimal,
  name: height_pct_cole_T2,
  id: var-idefics-height_pct_cole_T2,
  label: Height in percent of the distribution function according to Cole,
  source: Questionnaire,
  dataset: idefics-t2,
  target: Participant
}"
8504,Variable,"{
  unit: ,
  label_de: ,
  valueType: decimal,
  name: weight_score_cole_T2,
  id: var-idefics-weight_score_cole_T2,
  label: Z-Scores for weight according to Cole,
  source: Questionnaire,
  dataset: idefics-t2,
  target: Participant
}"
8505,Variable,"{
  unit: ,
  label_de: ,
  valueType: decimal,
  name: weight_pct_cole_T2,
  id: var-idefics-weight_pct_cole_T2,
  label: Weight in percent of the distribution function according to Cole,
  source: Questionnaire,
  dataset: idefics-t2,
  target: Participant
}"
8506,Variable,"{
  unit: ,
  label_de: ,
  valueType: decimal,
  name: waist_score_cole_T2,
  id: var-idefics-waist_score_cole_T2,
  label: Z-Scores for waist according to Cole,
  source: Questionnaire,
  dataset: idefics-t2,
  target: Participant
}"
8507,Variable,"{
  unit: ,
  label_de: ,
  valueType: decimal,
  name: waist_pct_cole_T2,
  id: var-idefics-waist_pct_cole_T2,
  label: Waist in percent of the distribution function according to Cole,
  source: Questionnaire,
  dataset: idefics-t2,
  target: Participant
}"
8508,Variable,"{
  unit: ,
  label_de: ,
  valueType: decimal,
  name: BMI_score_cole_T2,
  id: var-idefics-BMI_score_cole_T2,
  label: Z-Scores for BMI according to Cole,
  source: Questionnaire,
  dataset: idefics-t2,
  target: Participant
}"
8509,Variable,"{
  unit: ,
  label_de: ,
  valueType: decimal,
  name: BMI_pct_cole_T2,
  id: var-idefics-BMI_pct_cole_T2,
  label: BMI in percent of the distribution function according to Cole ,
  source: Questionnaire,
  dataset: idefics-t2,
  target: Participant
}"
8510,Variable,"{
  unit: ,
  label_de: ,
  valueType: integer,
  name: bmi_cat_COLE_12_T2,
  id: var-idefics-bmi_cat_COLE_12_T2,
  label: BMI in categories by COLE (Extended definition; Cole 2012),
  source: Questionnaire,
  dataset: idefics-t2,
  target: Participant
}"
8511,Variable,"{
  unit: ,
  label_de: ,
  valueType: decimal,
  name: BMI_score_cole_12_T2,
  id: var-idefics-BMI_score_cole_12_T2,
  label: Z-Scores for BMI according to Cole (Extended definition; Cole 2012),
  source: Questionnaire,
  dataset: idefics-t2,
  target: Participant
}"
8512,Variable,"{
  unit: ,
  label_de: ,
  valueType: decimal,
  name: BMI_pct_cole_12_T2,
  id: var-idefics-BMI_pct_cole_12_T2,
  label: BMI in percent of the distribution function according to Cole (Extended definiti,
  source: Questionnaire,
  dataset: idefics-t2,
  target: Participant
}"
8513,Variable,"{
  unit: ,
  label_de: ,
  valueType: integer,
  name: att_bmi_cat_WHO_T2,
  id: var-idefics-att_bmi_cat_WHO_T2,
  label: BMI in categories by WHO,
  source: Questionnaire,
  dataset: idefics-t2,
  target: Participant
}"
8514,Variable,"{
  unit: ,
  label_de: ,
  valueType: decimal,
  name: bmi_score_WHO_T2,
  id: var-idefics-bmi_score_WHO_T2,
  label: Z-score of BMI by WHO,
  source: Questionnaire,
  dataset: idefics-t2,
  target: Participant
}"
8515,Variable,"{
  unit: ,
  label_de: ,
  valueType: decimal,
  name: bmi_pct_WHO_T2,
  id: var-idefics-bmi_pct_WHO_T2,
  label: BMI in percent of distribution function by WHO,
  source: Questionnaire,
  dataset: idefics-t2,
  target: Participant
}"
8516,Variable,"{
  unit: ,
  label_de: ,
  valueType: integer,
  name: bmi_cat_WHO_5years_T2,
  id: var-idefics-bmi_cat_WHO_5years_T2,
  label: BMI in categories by WHO for children older (>) than 5 years (based on the varia,
  source: Questionnaire,
  dataset: idefics-t2,
  target: Participant
}"
8517,Variable,"{
  unit: ,
  label_de: ,
  valueType: decimal,
  name: bmi_score_WHO_5years_T2,
  id: var-idefics-bmi_score_WHO_5years_T2,
  label: Z-score of BMI by WHO for children older (>) than 5 years,
  source: Questionnaire,
  dataset: idefics-t2,
  target: Participant
}"
8518,Variable,"{
  unit: ,
  label_de: ,
  valueType: decimal,
  name: weight_score_WHO_5years_T2,
  id: var-idefics-weight_score_WHO_5years_T2,
  label: Z-score of weight by WHO for children older (>) than 5 years,
  source: Questionnaire,
  dataset: idefics-t2,
  target: Participant
}"
8519,Variable,"{
  unit: ,
  label_de: ,
  valueType: decimal,
  name: height_score_WHO_5years_T2,
  id: var-idefics-height_score_WHO_5years_T2,
  label: Z-score of height by WHO for children older (>) than 5 years,
  source: Questionnaire,
  dataset: idefics-t2,
  target: Participant
}"
8520,Variable,"{
  unit: ,
  label_de: ,
  valueType: integer,
  name: bmi_cat_CDC_T2,
  id: var-idefics-bmi_cat_CDC_T2,
  label: BMI in categories by CDC,
  source: Questionnaire,
  dataset: idefics-t2,
  target: Participant
}"
8521,Variable,"{
  unit: ,
  label_de: ,
  valueType: decimal,
  name: bmi_score_CDC_T2,
  id: var-idefics-bmi_score_CDC_T2,
  label: Z-score of BMI by CDC,
  source: Questionnaire,
  dataset: idefics-t2,
  target: Participant
}"
8522,Variable,"{
  unit: ,
  label_de: ,
  valueType: decimal,
  name: bmi_adj_CDC_T2,
  id: var-idefics-bmi_adj_CDC_T2,
  label: Adjusted bmi for age of 18 years,
  source: Questionnaire,
  dataset: idefics-t2,
  target: Participant
}"
8523,Variable,"{
  unit: ,
  label_de: ,
  valueType: decimal,
  name: bmi_pct_CDC_T2,
  id: var-idefics-bmi_pct_CDC_T2,
  label: BMI in percent of distribution function by CDC,
  source: Questionnaire,
  dataset: idefics-t2,
  target: Participant
}"
8524,Variable,"{
  unit: ,
  label_de: ,
  valueType: integer,
  name: bmi_cat2_CDC_T2,
  id: var-idefics-bmi_cat2_CDC_T2,
  label: BMI in original categories by CDC,
  source: Questionnaire,
  dataset: idefics-t2,
  target: Participant
}"
8525,Variable,"{
  unit: ,
  label_de: ,
  valueType: decimal,
  name: hei_Score_CDC_T2,
  id: var-idefics-hei_Score_CDC_T2,
  label: Z-score of height by CDC,
  source: Questionnaire,
  dataset: idefics-t2,
  target: Participant
}"
8526,Variable,"{
  unit: ,
  label_de: ,
  valueType: decimal,
  name: hei_pct_CDC_T2,
  id: var-idefics-hei_pct_CDC_T2,
  label: Height in percent of distribution function by CDC,
  source: Questionnaire,
  dataset: idefics-t2,
  target: Participant
}"
8527,Variable,"{
  unit: ,
  label_de: ,
  valueType: integer,
  name: Height_cat_T2,
  id: var-idefics-Height_cat_T2,
  label: Height in categories,
  source: Questionnaire,
  dataset: idefics-t2,
  target: Participant
}"
8528,Variable,"{
  unit: ,
  label_de: ,
  valueType: integer,
  name: waist_cat_CDC_T2,
  id: var-idefics-waist_cat_CDC_T2,
  label: Waist circumference in categories of CDC,
  source: Questionnaire,
  dataset: idefics-t2,
  target: Participant
}"
8529,Variable,"{
  unit: ,
  label_de: ,
  valueType: integer,
  name: agekat_T2,
  id: var-idefics-agekat_T2,
  label: One-year age categories,
  source: Questionnaire,
  dataset: idefics-t2,
  target: Participant
}"
8530,Variable,"{
  unit: ,
  label_de: ,
  valueType: integer,
  name: agekat__T2,
  id: var-idefics-agekat__T2,
  label: One-year age categories.,
  source: Questionnaire,
  dataset: idefics-t2,
  target: Participant
}"
8531,Variable,"{
  unit: ,
  label_de: ,
  valueType: integer,
  name: ag_T2,
  id: var-idefics-ag_T2,
  label: Age groups,
  source: Questionnaire,
  dataset: idefics-t2,
  target: Participant
}"
8532,Variable,"{
  unit: ,
  label_de: ,
  valueType: integer,
  name: gen_studies_T2,
  id: var-idefics-gen_studies_T2,
  label: Children included in genetic studies,
  source: Questionnaire,
  dataset: idefics-t2,
  target: Participant
}"
8533,Variable,"{
  unit: ,
  label_de: ,
  valueType: integer,
  name: CC_Obesity_T2,
  id: var-idefics-CC_Obesity_T2,
  label: Children in case control study - obesity,
  source: Questionnaire,
  dataset: idefics-t2,
  target: Participant
}"
8534,Area,"{
  name: Diseases,
  id: area-idefics-diseases,
  dataset: idefics-t2
}"
8535,Variable,"{
  unit: ,
  label_de: ,
  valueType: integer,
  name: CC_Insulin_T2,
  id: var-idefics-CC_Insulin_T2,
  label: Children in case control study - insulin resistance,
  source: Questionnaire,
  dataset: idefics-t2,
  target: Participant
}"
8536,Variable,"{
  unit: ,
  label_de: ,
  valueType: integer,
  name: CC_Stiffness_T2,
  id: var-idefics-CC_Stiffness_T2,
  label: Children in case control study - bone stiffness,
  source: Questionnaire,
  dataset: idefics-t2,
  target: Participant
}"
8537,Variable,"{
  unit: ,
  label_de: ,
  valueType: integer,
  name: CC_obesity_link_T2,
  id: var-idefics-CC_obesity_link_T2,
  label: Children in case control study - Obesity. Variable identifying matching pairs (l,
  source: Questionnaire,
  dataset: idefics-t2,
  target: Participant
}"
8538,Variable,"{
  unit: ,
  label_de: ,
  valueType: integer,
  name: CC_insu_link_T2,
  id: var-idefics-CC_insu_link_T2,
  label: Children in case control study - insulin resistance. Variable identifying matchi,
  source: Questionnaire,
  dataset: idefics-t2,
  target: Participant
}"
8539,Variable,"{
  unit: ,
  label_de: ,
  valueType: integer,
  name: CC_stiff_link_T2,
  id: var-idefics-CC_stiff_link_T2,
  label: Children in case control study - bone stiffness. Variable identifying matching p,
  source: Questionnaire,
  dataset: idefics-t2,
  target: Participant
}"
8540,Variable,"{
  unit: ,
  label_de: ,
  valueType: integer,
  name: ATT_FV_1_T2,
  id: var-idefics-ATT_FV_1_T2,
  label: Fruit and/or vegetables frequency ,
  source: Questionnaire,
  dataset: idefics-t2,
  target: Participant
}"
8541,Area,"{
  name: Social environment,
  id: area-idefics-social_environment,
  dataset: idefics-t2
}"
8542,Area,"{
  name: Life events plans beliefs,
  id: area-idefics-life_events_plans_beliefs,
  dataset: idefics-t2
}"
8543,Area,"{
  name: Lifestyle behaviours,
  id: area-idefics-lifestyle_behaviours,
  dataset: idefics-t2
}"
8544,Variable,"{
  unit: ,
  label_de: ,
  valueType: integer,
  name: ATT_FV_1_week_T2,
  id: var-idefics-ATT_FV_1_week_T2,
  label: Fruit and/or vegetables frequency [times/week],
  source: Questionnaire,
  dataset: idefics-t2,
  target: Participant
}"
8545,Variable,"{
  unit: ,
  label_de: ,
  valueType: decimal,
  name: FV_2_T2,
  id: var-idefics-FV_2_T2,
  label: Fresh vs. preserved fruit ratio,
  source: Questionnaire,
  dataset: idefics-t2,
  target: Participant
}"
8546,Variable,"{
  unit: ,
  label_de: ,
  valueType: decimal,
  name: distwalkcy_T2,
  id: var-idefics-distwalkcy_T2,
  label: Distance of active transportation [km/day],
  source: Questionnaire,
  dataset: idefics-t2,
  target: Participant
}"
8547,Area,"{
  name: Preschool school work,
  id: area-idefics-preschool_school_work,
  dataset: idefics-t2
}"
8548,Area,"{
  name: Physical environment,
  id: area-idefics-physical_environment,
  dataset: idefics-t2
}"
8549,Variable,"{
  unit: ,
  label_de: ,
  valueType: integer,
  name: PHYS_ACTIV_T2,
  id: var-idefics-PHYS_ACTIV_T2,
  label: Hours of physical activity per week [h/week],
  source: Questionnaire,
  dataset: idefics-t2,
  target: Participant
}"
8550,Variable,"{
  unit: ,
  label_de: ,
  valueType: integer,
  name: LEIS_ACTIV_T2,
  id: var-idefics-LEIS_ACTIV_T2,
  label: Hours of leisure time activities per week [h/week],
  source: Questionnaire,
  dataset: idefics-t2,
  target: Participant
}"
8551,Variable,"{
  unit: ,
  label_de: ,
  valueType: decimal,
  name: AVM_1_weekday_T2,
  id: var-idefics-AVM_1_weekday_T2,
  label: Time spent with audiovisual media (AVM) on weekdays [h],
  source: Questionnaire,
  dataset: idefics-t2,
  target: Participant
}"
8552,Variable,"{
  unit: ,
  label_de: ,
  valueType: decimal,
  name: AVM_1_weekendday_T2,
  id: var-idefics-AVM_1_weekendday_T2,
  label: Time spent with audiovisual media (AVM) on weekend-days [h],
  source: Questionnaire,
  dataset: idefics-t2,
  target: Participant
}"
8553,Variable,"{
  unit: ,
  label_de: ,
  valueType: decimal,
  name: AVM_1_week_T2,
  id: var-idefics-AVM_1_week_T2,
  label: Time spent with audiovisual media (AVM) during the whole week [h],
  source: Questionnaire,
  dataset: idefics-t2,
  target: Participant
}"
8554,Category,"{
  id: cat-idefics-ag_T2-1,
  label: 2<=age<6,
  value: 1,
  dataset: idefics-t2
}"
8555,Category,"{
  id: cat-idefics-ag_T2-2,
  label: 6<=age<10,
  value: 2,
  dataset: idefics-t2
}"
8556,Category,"{
  id: cat-idefics-ag_T2-3,
  label: 10<=age<12,
  value: 3,
  dataset: idefics-t2
}"
8557,Category,"{
  id: cat-idefics-ag_T2-4,
  label: 12<=age<20,
  value: 4,
  dataset: idefics-t2
}"
8558,Category,"{
  id: cat-idefics-ag_T2-5,
  label: age>=20,
  value: 5,
  dataset: idefics-t2
}"
8559,Category,"{
  id: cat-idefics-agekat__T2-_,
  label: Missing,
  value: .,
  dataset: idefics-t2
}"
8560,Category,"{
  id: cat-idefics-agekat__T2-4,
  label: 2-<4 years,
  value: 4,
  dataset: idefics-t2
}"
8561,Category,"{
  id: cat-idefics-agekat__T2-5,
  label: 4-<5 years,
  value: 5,
  dataset: idefics-t2
}"
8562,Category,"{
  id: cat-idefics-agekat__T2-6,
  label: 5-<6 years,
  value: 6,
  dataset: idefics-t2
}"
8563,Category,"{
  id: cat-idefics-agekat__T2-7,
  label: 6-<7 years,
  value: 7,
  dataset: idefics-t2
}"
8564,Category,"{
  id: cat-idefics-agekat__T2-8,
  label: 7-<8 years,
  value: 8,
  dataset: idefics-t2
}"
8565,Category,"{
  id: cat-idefics-agekat__T2-9,
  label: 8-<10 years,
  value: 9,
  dataset: idefics-t2
}"
8566,Category,"{
  id: cat-idefics-agekat_T2-_,
  label: Missing,
  value: .,
  dataset: idefics-t2
}"
8567,Category,"{
  id: cat-idefics-agekat_T2-1,
  label: <1 years,
  value: 1,
  dataset: idefics-t2
}"
8568,Category,"{
  id: cat-idefics-agekat_T2-2,
  label: 1-<2 years,
  value: 2,
  dataset: idefics-t2
}"
8569,Category,"{
  id: cat-idefics-agekat_T2-3,
  label: 2-<3 years,
  value: 3,
  dataset: idefics-t2
}"
8570,Category,"{
  id: cat-idefics-agekat_T2-4,
  label: 3-<4 years,
  value: 4,
  dataset: idefics-t2
}"
8571,Category,"{
  id: cat-idefics-agekat_T2-5,
  label: 4-<5 years,
  value: 5,
  dataset: idefics-t2
}"
8572,Category,"{
  id: cat-idefics-agekat_T2-6,
  label: 5-<6 years,
  value: 6,
  dataset: idefics-t2
}"
8573,Category,"{
  id: cat-idefics-agekat_T2-7,
  label: 6-<7 years,
  value: 7,
  dataset: idefics-t2
}"
8574,Category,"{
  id: cat-idefics-agekat_T2-8,
  label: 7-<8 years,
  value: 8,
  dataset: idefics-t2
}"
8575,Category,"{
  id: cat-idefics-agekat_T2-9,
  label: 8-<9 years,
  value: 9,
  dataset: idefics-t2
}"
24192,Category,"{
  label_de: Stark,
  id: cat-ship-s2_ges_bl_10-4,
  label_en: highly,
  value: 4,
  dataset: ship-start
}"
24193,Category,"{
  label_de: Kaum,
  id: cat-ship-s2_ges_bl_10-2,
  label_en: little,
  value: 2,
  dataset: ship-start
}"
24194,Category,"{
  label_de: Gar nicht,
  id: cat-ship-s2_ges_bl_10-1,
  label_en: none,
  value: 1,
  dataset: ship-start
}"
24195,Category,"{
  label_de: Mäßig,
  id: cat-ship-s2_ges_bl_10-3,
  label_en: moderate,
  value: 3,
  dataset: ship-start
}"
24196,Category,"{
  label_de: Nein, wurde noch nicht erfasst,
  id: cat-ship-s4_bye_bank-2,
  label_en: no, not collected yet,
  value: 2,
  dataset: ship-start
}"
24197,Category,"{
  label_de: Nein, sondern muss bar ausgezahlt werden!,
  id: cat-ship-s4_bye_bank-3,
  label_en: no, has to be paid in cash,
  value: 3,
  dataset: ship-start
}"
24198,Category,"{
  label_de: Ja, wurde erfasst,
  id: cat-ship-s4_bye_bank-1,
  label_en: yes, collected,
  value: 1,
  dataset: ship-start
}"
24199,Category,"{
  label_de: jeden 8. Tag = 1 x pro Woche,
  id: cat-ship-s4_pha_einnahmeintervall-8,
  label_en: every 8th day = once a week,
  value: 8,
  dataset: ship-start
}"
24200,Category,"{
  label_de: jeden 3. Tag,
  id: cat-ship-s4_pha_einnahmeintervall-3,
  label_en: every 3rd day,
  value: 3,
  dataset: ship-start
}"
24201,Category,"{
  label_de: jeden 30. Tag = 1 x pro Monat,
  id: cat-ship-s4_pha_einnahmeintervall-30,
  label_en: every 30th day = 1x per month,
  value: 30,
  dataset: ship-start
}"
24202,Category,"{
  label_de: jeden 15. Tag = alle 2 Wochen,
  id: cat-ship-s4_pha_einnahmeintervall-15,
  label_en: every 15th day = every two weeks,
  value: 15,
  dataset: ship-start
}"
24203,Category,"{
  label_de: jeden 4. Tag = 2 x pro Woche,
  id: cat-ship-s4_pha_einnahmeintervall-4,
  label_en: every 4th day = 2x a week,
  value: 4,
  dataset: ship-start
}"
24204,Category,"{
  label_de: unbekannt,
  id: cat-ship-s4_pha_einnahmeintervall-999,
  label_en: unknown,
  value: 999,
  dataset: ship-start
}"
24205,Category,"{
  label_de: täglich,
  id: cat-ship-s4_pha_einnahmeintervall-1,
  label_en: daily,
  value: 1,
  dataset: ship-start
}"
24206,Category,"{
  label_de: jeden 2. Tag,
  id: cat-ship-s4_pha_einnahmeintervall-2,
  label_en: every 2nd day,
  value: 2,
  dataset: ship-start
}"
24207,Category,"{
  label_de: (999) Unbekannt,
  id: cat-ship-sl_s10lb7-999,
  label_en: (999) Unknown,
  value: 999,
  dataset: ship-start
}"
24208,Category,"{
  label_de: (1) Ja,
  id: cat-ship-sl_s10lb7-1,
  label_en: (1) Yes,
  value: 1,
  dataset: ship-start
}"
24209,Category,"{
  label_de: (888) Trifft nicht zu,
  id: cat-ship-sl_s10lb7-888,
  label_en: (888) Does not apply,
  value: 888,
  dataset: ship-start
}"
24210,Category,"{
  label_de: (777) Weiß nicht,
  id: cat-ship-sl_s10lb7-777,
  label_en: (777) Don't know,
  value: 777,
  dataset: ship-start
}"
24211,Category,"{
  label_de: (0) Nein,
  id: cat-ship-sl_s10lb7-0,
  label_en: (0) No,
  value: 0,
  dataset: ship-start
}"
24212,Category,"{
  label_de: (J) erlaubter Sprung,
  id: cat-ship-sl_s10lb7-99983,
  label_en: (J) allowed jump,
  value: 99983,
  dataset: ship-start
}"
24213,Category,"{
  label_de: (J) erlaubter Sprung,
  id: cat-ship-sl_t72bh1de-99983,
  label_en: (J) allowed jump,
  value: 99983,
  dataset: ship-start
}"
24214,Category,"{
  label_de: (999) Unbekannt,
  id: cat-ship-sl_t72bh1de-999,
  label_en: (999) Unknown,
  value: 999,
  dataset: ship-start
}"
24215,Category,"{
  label_de: (4) negativ,
  id: cat-ship-sl_t72bh1de-4,
  label_en: (4) negative,
  value: 4,
  dataset: ship-start
}"
24216,Category,"{
  label_de: (1) sehr positiv,
  id: cat-ship-sl_t72bh1de-1,
  label_en: (1) very positive,
  value: 1,
  dataset: ship-start
}"
24217,Category,"{
  label_de: (888) Trifft nicht zu,
  id: cat-ship-sl_t72bh1de-888,
  label_en: (888) Does not apply,
  value: 888,
  dataset: ship-start
}"
24218,Category,"{
  label_de: (777) Weiß nicht,
  id: cat-ship-sl_t72bh1de-777,
  label_en: (777) Don't know,
  value: 777,
  dataset: ship-start
}"
24219,Category,"{
  label_de: (3) neutral,
  id: cat-ship-sl_t72bh1de-3,
  label_en: (3) neutral,
  value: 3,
  dataset: ship-start
}"
24220,Category,"{
  label_de: (2) positiv,
  id: cat-ship-sl_t72bh1de-2,
  label_en: (2) positive,
  value: 2,
  dataset: ship-start
}"
24221,Category,"{
  label_de: (5) sehr negativ,
  id: cat-ship-sl_t72bh1de-5,
  label_en: (5) very negative,
  value: 5,
  dataset: ship-start
}"
24222,Category,"{
  label_de: (999) Unbekannt,
  id: cat-ship-sl_o74lb5-999,
  label_en: (999) Unknown,
  value: 999,
  dataset: ship-start
}"
24223,Category,"{
  label_de: (1) Ja,
  id: cat-ship-sl_o74lb5-1,
  label_en: (1) Yes,
  value: 1,
  dataset: ship-start
}"
24224,Category,"{
  label_de: (888) Trifft nicht zu,
  id: cat-ship-sl_o74lb5-888,
  label_en: (888) Does not apply,
  value: 888,
  dataset: ship-start
}"
24225,Category,"{
  label_de: (777) Weiß nicht,
  id: cat-ship-sl_o74lb5-777,
  label_en: (777) Don't know,
  value: 777,
  dataset: ship-start
}"
24226,Category,"{
  label_de: (0) Nein,
  id: cat-ship-sl_o74lb5-0,
  label_en: (0) No,
  value: 0,
  dataset: ship-start
}"
24227,Category,"{
  label_de: (J) erlaubter Sprung,
  id: cat-ship-sl_o74lb5-99983,
  label_en: (J) allowed jump,
  value: 99983,
  dataset: ship-start
}"
24228,Category,"{
  label_de: (999) Unbekannt,
  id: cat-ship-sl_w53dpam-999,
  label_en: (999) Unknown,
  value: 999,
  dataset: ship-start
}"
24229,Category,"{
  label_de: (1) Ja,
  id: cat-ship-sl_w53dpam-1,
  label_en: (1) Yes,
  value: 1,
  dataset: ship-start
}"
24230,Category,"{
  label_de: (888) Trifft nicht zu,
  id: cat-ship-sl_w53dpam-888,
  label_en: (888) Does not apply,
  value: 888,
  dataset: ship-start
}"
24231,Category,"{
  label_de: (777) Weiß nicht,
  id: cat-ship-sl_w53dpam-777,
  label_en: (777) Don't know,
  value: 777,
  dataset: ship-start
}"
24232,Category,"{
  label_de: (0) Nein,
  id: cat-ship-sl_w53dpam-0,
  label_en: (0) No,
  value: 0,
  dataset: ship-start
}"
24233,Category,"{
  label_de: (J) erlaubter Sprung,
  id: cat-ship-sl_w53dpam-99983,
  label_en: (J) allowed jump,
  value: 99983,
  dataset: ship-start
}"
24234,Category,"{
  label_de: (J) erlaubter Sprung,
  id: cat-ship-sl_k21bhpap-99983,
  label_en: (J) allowed jump,
  value: 99983,
  dataset: ship-start
}"
24235,Category,"{
  label_de: (999) Unbekannt,
  id: cat-ship-sl_k21bhpap-999,
  label_en: (999) Unknown,
  value: 999,
  dataset: ship-start
}"
24236,Category,"{
  label_de: (4) negativ,
  id: cat-ship-sl_k21bhpap-4,
  label_en: (4) negative,
  value: 4,
  dataset: ship-start
}"
24237,Category,"{
  label_de: (1) sehr positiv,
  id: cat-ship-sl_k21bhpap-1,
  label_en: (1) very positive,
  value: 1,
  dataset: ship-start
}"
24238,Category,"{
  label_de: (888) Trifft nicht zu,
  id: cat-ship-sl_k21bhpap-888,
  label_en: (888) Does not apply,
  value: 888,
  dataset: ship-start
}"
24239,Category,"{
  label_de: (777) Weiß nicht,
  id: cat-ship-sl_k21bhpap-777,
  label_en: (777) Don't know,
  value: 777,
  dataset: ship-start
}"
24240,Category,"{
  label_de: (3) neutral,
  id: cat-ship-sl_k21bhpap-3,
  label_en: (3) neutral,
  value: 3,
  dataset: ship-start
}"
24241,Category,"{
  label_de: (2) positiv,
  id: cat-ship-sl_k21bhpap-2,
  label_en: (2) positive,
  value: 2,
  dataset: ship-start
}"
24242,Category,"{
  label_de: (5) sehr negativ,
  id: cat-ship-sl_k21bhpap-5,
  label_en: (5) very negative,
  value: 5,
  dataset: ship-start
}"
24243,Category,"{
  label_de: (222) Missing,
  id: cat-ship-sl_dg1fapo-222,
  label_en: (222) Missing,
  value: 222,
  dataset: ship-start
}"
24244,Category,"{
  label_de: (J) erlaubter Sprung,
  id: cat-ship-sl_dg1fapo-99983,
  label_en: (J) allowed jump,
  value: 99983,
  dataset: ship-start
}"
24245,Category,"{
  label_de: (999) unbekannt,
  id: cat-ship-sl_dg1fapo-999,
  label_en: (999) unknown,
  value: 999,
  dataset: ship-start
}"
24246,Category,"{
  label_de: (888) unzutreffend,
  id: cat-ship-sl_dg1fapo-888,
  label_en: (888) Not applicable,
  value: 888,
  dataset: ship-start
}"
24247,Category,"{
  label_de: (777) Weiß nicht,
  id: cat-ship-sl_dg1fapo-777,
  label_en: (777) Don't know,
  value: 777,
  dataset: ship-start
}"
24248,Category,"{
  label_de: nein,
  id: cat-ship-s0_grund_9-0,
  label_en: no,
  value: 0,
  dataset: ship-start
}"
24249,Category,"{
  label_de: ja,
  id: cat-ship-s0_grund_9-1,
  label_en: yes,
  value: 1,
  dataset: ship-start
}"
24250,Category,"{
  label_de: Antwortverweigerung,
  id: cat-ship-s2_s2_inan_04v-999,
  label_en: non-response,
  value: 999,
  dataset: ship-start
}"
24251,Category,"{
  label_de: Nicht zutreffend,
  id: cat-ship-s2_s2_inan_04v-997,
  label_en: does not apply,
  value: 997,
  dataset: ship-start
}"
24252,Category,"{
  label_de: Weiß nicht,
  id: cat-ship-s2_s2_inan_04v-998,
  label_en: I don't know,
  value: 998,
  dataset: ship-start
}"
24253,Category,"{
  label_de: Antwortverweigerung,
  id: cat-ship-s2_s2_inan_04v-9999,
  label_en: non-response (datetime),
  value: 9999,
  dataset: ship-start
}"
24254,Category,"{
  label_de: Weiß nicht,
  id: cat-ship-s2_s2_inan_04v-9998,
  label_en: I don't know (datetime),
  value: 9998,
  dataset: ship-start
}"
24255,Category,"{
  label_de: Messung nicht möglich,
  id: cat-ship-s2_s2_inan_04v-996,
  label_en: measurement not done,
  value: 996,
  dataset: ship-start
}"
24256,Category,"{
  label_de: Antwortverweigerung,
  id: cat-ship-s2_s2_inan_04s-999,
  label_en: refused to answer,
  value: 999,
  dataset: ship-start
}"
24257,Category,"{
  label_de: Ja,
  id: cat-ship-s2_s2_inan_04s-1,
  label_en: Yes,
  value: 1,
  dataset: ship-start
}"
24258,Category,"{
  label_de: Nein,
  id: cat-ship-s2_s2_inan_04s-2,
  label_en: No,
  value: 2,
  dataset: ship-start
}"
24259,Category,"{
  label_de: Weiß nicht,
  id: cat-ship-s2_s2_inan_04s-998,
  label_en: do not know,
  value: 998,
  dataset: ship-start
}"
24260,Category,"{
  label_de: Antwortverweigerung,
  id: cat-ship-s2_s2_belast_17-999,
  label_en: non-response,
  value: 999,
  dataset: ship-start
}"
24261,Category,"{
  label_de: Nicht zutreffend,
  id: cat-ship-s2_s2_belast_17-997,
  label_en: does not apply,
  value: 997,
  dataset: ship-start
}"
24262,Category,"{
  label_de: Weiß nicht,
  id: cat-ship-s2_s2_belast_17-998,
  label_en: I don't know,
  value: 998,
  dataset: ship-start
}"
24263,Category,"{
  label_de: Antwortverweigerung,
  id: cat-ship-s2_s2_belast_17-9999,
  label_en: non-response (datetime),
  value: 9999,
  dataset: ship-start
}"
24264,Category,"{
  label_de: Weiß nicht,
  id: cat-ship-s2_s2_belast_17-9998,
  label_en: I don't know (datetime),
  value: 9998,
  dataset: ship-start
}"
24265,Category,"{
  label_de: Messung nicht möglich,
  id: cat-ship-s2_s2_belast_17-996,
  label_en: measurement not done,
  value: 996,
  dataset: ship-start
}"
24266,Category,"{
  label_de: >400,
  id: cat-ship-s2_leuco_u-3,
  label_en: >400,
  value: 3,
  dataset: ship-start
}"
24267,Category,"{
  label_de: 0-10,
  id: cat-ship-s2_leuco_u-0,
  label_en: 0–10,
  value: 0,
  dataset: ship-start
}"
24268,Category,"{
  label_de: 50-400,
  id: cat-ship-s2_leuco_u-2,
  label_en: 50–400,
  value: 2,
  dataset: ship-start
}"
24269,Category,"{
  label_de: 10-50,
  id: cat-ship-s2_leuco_u-1,
  label_en: 10–50,
  value: 1,
  dataset: ship-start
}"
24270,Category,"{
  label_de: Nein,
  id: cat-ship-s2_ech_akl-2,
  label_en: No,
  value: 2,
  dataset: ship-start
}"
24271,Category,"{
  label_de: Ja,
  id: cat-ship-s2_ech_akl-1,
  label_en: Yes,
  value: 1,
  dataset: ship-start
}"
24272,Category,"{
  label_de: (J) erlaubter Sprung,
  id: cat-ship-sl_l32bhlt-99983,
  label_en: (J) allowed jump,
  value: 99983,
  dataset: ship-start
}"
24273,Category,"{
  label_de: (999) Unbekannt,
  id: cat-ship-sl_l32bhlt-999,
  label_en: (999) Unknown,
  value: 999,
  dataset: ship-start
}"
24274,Category,"{
  label_de: (4) negativ,
  id: cat-ship-sl_l32bhlt-4,
  label_en: (4) negative,
  value: 4,
  dataset: ship-start
}"
24275,Category,"{
  label_de: (1) sehr positiv,
  id: cat-ship-sl_l32bhlt-1,
  label_en: (1) very positive,
  value: 1,
  dataset: ship-start
}"
24276,Category,"{
  label_de: (888) Trifft nicht zu,
  id: cat-ship-sl_l32bhlt-888,
  label_en: (888) Does not apply,
  value: 888,
  dataset: ship-start
}"
24277,Category,"{
  label_de: (777) Weiß nicht,
  id: cat-ship-sl_l32bhlt-777,
  label_en: (777) Don't know,
  value: 777,
  dataset: ship-start
}"
24278,Category,"{
  label_de: (3) neutral,
  id: cat-ship-sl_l32bhlt-3,
  label_en: (3) neutral,
  value: 3,
  dataset: ship-start
}"
24279,Category,"{
  label_de: (2) positiv,
  id: cat-ship-sl_l32bhlt-2,
  label_en: (2) positive,
  value: 2,
  dataset: ship-start
}"
24280,Category,"{
  label_de: (5) sehr negativ,
  id: cat-ship-sl_l32bhlt-5,
  label_en: (5) very negative,
  value: 5,
  dataset: ship-start
}"
24281,Category,"{
  label_de: richtige Antwort,
  id: cat-ship-s1_mini_12a-1,
  label_en: correct answer,
  value: 1,
  dataset: ship-start
}"
24282,Category,"{
  label_de: falsche/ gar keine Antwort,
  id: cat-ship-s1_mini_12a-0,
  label_en: wrong/ no answer,
  value: 0,
  dataset: ship-start
}"
24283,Category,"{
  label_de: Nein,
  id: cat-ship-s2_nc-0,
  label_en: No,
  value: 0,
  dataset: ship-start
}"
24284,Category,"{
  label_de: Ja,
  id: cat-ship-s2_nc-1,
  label_en: Yes,
  value: 1,
  dataset: ship-start
}"
24285,Category,"{
  label_de: Ja,
  id: cat-ship-s3_int_vlmt_garden_3-1,
  label_en: Yes,
  value: 1,
  dataset: ship-start
}"
24286,Category,"{
  label_de: Nein,
  id: cat-ship-s3_int_vlmt_garden_3-0,
  label_en: No,
  value: 0,
  dataset: ship-start
}"
24287,Category,"{
  label_de: (999) Unbekannt,
  id: cat-ship-sl_s10lb4-999,
  label_en: (999) Unknown,
  value: 999,
  dataset: ship-start
}"
24288,Category,"{
  label_de: (1) Ja,
  id: cat-ship-sl_s10lb4-1,
  label_en: (1) Yes,
  value: 1,
  dataset: ship-start
}"
24289,Category,"{
  label_de: (888) Trifft nicht zu,
  id: cat-ship-sl_s10lb4-888,
  label_en: (888) Does not apply,
  value: 888,
  dataset: ship-start
}"
24290,Category,"{
  label_de: (777) Weiß nicht,
  id: cat-ship-sl_s10lb4-777,
  label_en: (777) Don't know,
  value: 777,
  dataset: ship-start
}"
24291,Category,"{
  label_de: (0) Nein,
  id: cat-ship-sl_s10lb4-0,
  label_en: (0) No,
  value: 0,
  dataset: ship-start
}"
24292,Category,"{
  label_de: (J) erlaubter Sprung,
  id: cat-ship-sl_s10lb4-99983,
  label_en: (J) allowed jump,
  value: 99983,
  dataset: ship-start
}"
24293,Category,"{
  label_de: Nein,
  id: cat-ship-s0_zahnblut-3,
  label_en: No,
  value: 3,
  dataset: ship-start
}"
24294,Category,"{
  label_de: Ja, manchmal,
  id: cat-ship-s0_zahnblut-2,
  label_en: Yes, sometimes,
  value: 2,
  dataset: ship-start
}"
24295,Category,"{
  label_de: Ja, häufig,
  id: cat-ship-s0_zahnblut-1,
  label_en: Yes, often,
  value: 1,
  dataset: ship-start
}"
24296,Category,"{
  label_de: Beantwortung teilweise durch Dritte,
  id: cat-ship-s1_dritte-2,
  label_en: Partial response by third party,
  value: 2,
  dataset: ship-start
}"
24297,Category,"{
  label_de: keine Beantwortung durch Dritte,
  id: cat-ship-s1_dritte-0,
  label_en: No response by third party,
  value: 0,
  dataset: ship-start
}"
24298,Category,"{
  label_de: Beantwortung vollständig durch Dritte,
  id: cat-ship-s1_dritte-1,
  label_en: Completely answered by third party,
  value: 1,
  dataset: ship-start
}"
24299,Category,"{
  label_de: verweigert,
  id: cat-ship-s2_dex_prosthes_zprot-9,
  label_en: refused,
  value: 9,
  dataset: ship-start
}"
24300,Category,"{
  label_de: nicht erhebbar,
  id: cat-ship-s2_dex_prosthes_zprot-8,
  label_en: not collectible,
  value: 8,
  dataset: ship-start
}"
24301,Category,"{
  label_de: Nein,
  id: cat-ship-s2_dex_prosthes_zprot-2,
  label_en: No,
  value: 2,
  dataset: ship-start
}"
24302,Category,"{
  label_de: Ja,
  id: cat-ship-s2_dex_prosthes_zprot-1,
  label_en: Yes,
  value: 1,
  dataset: ship-start
}"
24303,Category,"{
  label_de: perfekte Qualität,
  id: cat-ship-s2_er_tapse_merk-3,
  label_en: excellent quality,
  value: 3,
  dataset: ship-start
}"
24304,Category,"{
  label_de: Zertifizierung,
  id: cat-ship-s2_er_tapse_merk-1,
  label_en: certification,
  value: 1,
  dataset: ship-start
}"
24305,Category,"{
  label_de: Schulung,
  id: cat-ship-s2_er_tapse_merk-2,
  label_en: training,
  value: 2,
  dataset: ship-start
}"
24306,Category,"{
  label_de: keine,
  id: cat-ship-s2_er_tapse_merk-0,
  label_en: none,
  value: 0,
  dataset: ship-start
}"
24307,Category,"{
  label_de: Besprechung im Team,
  id: cat-ship-s2_er_tapse_merk-5,
  label_en: confer with team,
  value: 5,
  dataset: ship-start
}"
24308,Category,"{
  label_de: fraglich auswertbar,
  id: cat-ship-s2_er_tapse_merk-4,
  label_en: doubtfully readable,
  value: 4,
  dataset: ship-start
}"
24309,Category,"{
  label_de: nie,
  id: cat-ship-s2_frs_alltag_erledig-3,
  label_en: never,
  value: 3,
  dataset: ship-start
}"
24310,Category,"{
  label_de: manchmal,
  id: cat-ship-s2_frs_alltag_erledig-2,
  label_en: sometimes,
  value: 2,
  dataset: ship-start
}"
24311,Category,"{
  label_de: kein Feld angekreuzt,
  id: cat-ship-s2_frs_alltag_erledig-9,
  label_en: no fields marked/no boxes checked,
  value: 9,
  dataset: ship-start
}"
24312,Category,"{
  label_de: oft,
  id: cat-ship-s2_frs_alltag_erledig-1,
  label_en: often,
  value: 1,
  dataset: ship-start
}"
24313,Category,"{
  label_de: verweigert,
  id: cat-ship-s4_dex_prosthes_zprot-9,
  label_en: refused,
  value: 9,
  dataset: ship-start
}"
24314,Category,"{
  label_de: nicht erhebbar,
  id: cat-ship-s4_dex_prosthes_zprot-8,
  label_en: not collectible,
  value: 8,
  dataset: ship-start
}"
24315,Category,"{
  label_de: Nein,
  id: cat-ship-s4_dex_prosthes_zprot-0,
  label_en: No,
  value: 0,
  dataset: ship-start
}"
24316,Category,"{
  label_de: Ja,
  id: cat-ship-s4_dex_prosthes_zprot-1,
  label_en: Yes,
  value: 1,
  dataset: ship-start
}"
24317,Category,"{
  label_de: (999) Unbekannt,
  id: cat-ship-sl_u79spap-999,
  label_en: (999) Unknown,
  value: 999,
  dataset: ship-start
}"
24318,Category,"{
  label_de: (888) Trifft nicht zu,
  id: cat-ship-sl_u79spap-888,
  label_en: (888) Does not apply,
  value: 888,
  dataset: ship-start
}"
24319,Category,"{
  label_de: (4) viel,
  id: cat-ship-sl_u79spap-4,
  label_en: (4) much,
  value: 4,
  dataset: ship-start
}"
24320,Category,"{
  label_de: Weiß nicht,
  id: cat-ship-s2_s2_ernaehr_16-998,
  label_en: I don't know,
  value: 998,
  dataset: ship-start
}"
24321,Category,"{
  label_de: Nie oder fast nie,
  id: cat-ship-s2_s2_ernaehr_16-6,
  label_en: never or almost never,
  value: 6,
  dataset: ship-start
}"
24322,Category,"{
  label_de: Etwa einmal in der Woche,
  id: cat-ship-s2_s2_ernaehr_16-3,
  label_en: about once a week,
  value: 3,
  dataset: ship-start
}"
24323,Category,"{
  label_de: Etwa einmal im Monat oder seltener,
  id: cat-ship-s2_s2_ernaehr_16-5,
  label_en: about once a month or fewer,
  value: 5,
  dataset: ship-start
}"
24324,Category,"{
  label_de: Antwortverweigerung,
  id: cat-ship-s2_s2_ernaehr_16-999,
  label_en: non-response,
  value: 999,
  dataset: ship-start
}"
24325,Category,"{
  label_de: Mehrmals in der Woche,
  id: cat-ship-s2_s2_ernaehr_16-2,
  label_en: several times a week,
  value: 2,
  dataset: ship-start
}"
24326,Category,"{
  label_de: (999) Unbekannt,
  id: cat-ship-sl_f49a1nd-999,
  label_en: (999) Unknown,
  value: 999,
  dataset: ship-start
}"
24327,Category,"{
  label_de: (888) Trifft nicht zu,
  id: cat-ship-sl_f49a1nd-888,
  label_en: (888) Does not apply,
  value: 888,
  dataset: ship-start
}"
24328,Category,"{
  label_de: (J) erlaubter Sprung,
  id: cat-ship-sl_f49a1nd-99983,
  label_en: (J) jump allowed,
  value: 99983,
  dataset: ship-start
}"
24329,Category,"{
  label_de: (777) Weiß nicht,
  id: cat-ship-sl_f49a1nd-777,
  label_en: (777) Don't know,
  value: 777,
  dataset: ship-start
}"
24330,Category,"{
  label_de: (999) Unbekannt,
  id: cat-ship-sl_a39d12-999,
  label_en: (999) Unknown,
  value: 999,
  dataset: ship-start
}"
24331,Category,"{
  label_de: (1) Ja,
  id: cat-ship-sl_a39d12-1,
  label_en: (1) Yes,
  value: 1,
  dataset: ship-start
}"
24332,Category,"{
  label_de: (888) Trifft nicht zu,
  id: cat-ship-sl_a39d12-888,
  label_en: (888) Does not apply,
  value: 888,
  dataset: ship-start
}"
24333,Category,"{
  label_de: (777) Weiß nicht,
  id: cat-ship-sl_a39d12-777,
  label_en: (777) Don't know,
  value: 777,
  dataset: ship-start
}"
24334,Category,"{
  label_de: (0) Nein,
  id: cat-ship-sl_a39d12-0,
  label_en: (0) No,
  value: 0,
  dataset: ship-start
}"
24335,Category,"{
  label_de: (J) erlaubter Sprung,
  id: cat-ship-sl_a39d12-99983,
  label_en: (J) allowed jump,
  value: 99983,
  dataset: ship-start
}"
24336,Category,"{
  label_de: (999) Unbekannt,
  id: cat-ship-sl_f51sze-999,
  label_en: (999) Unknown,
  value: 999,
  dataset: ship-start
}"
24337,Category,"{
  label_de: (888) Trifft nicht zu,
  id: cat-ship-sl_f51sze-888,
  label_en: (888) Does not apply,
  value: 888,
  dataset: ship-start
}"
24338,Category,"{
  label_de: (4) viel,
  id: cat-ship-sl_f51sze-4,
  label_en: (4) much,
  value: 4,
  dataset: ship-start
}"
24339,Category,"{
  label_de: (0) nicht erwünscht,
  id: cat-ship-sl_f51sze-0,
  label_en: (0) not desired,
  value: 0,
  dataset: ship-start
}"
24340,Category,"{
  label_de: (777) Weiß nicht,
  id: cat-ship-sl_f51sze-777,
  label_en: (777) Don't know,
  value: 777,
  dataset: ship-start
}"
24341,Category,"{
  label_de: (3) mäßig,
  id: cat-ship-sl_f51sze-3,
  label_en: (3) moderate,
  value: 3,
  dataset: ship-start
}"
24342,Category,"{
  label_de: (1) keine,
  id: cat-ship-sl_f51sze-1,
  label_en: (1) none,
  value: 1,
  dataset: ship-start
}"
24343,Category,"{
  label_de: (2) wenig,
  id: cat-ship-sl_f51sze-2,
  label_en: (2) little,
  value: 2,
  dataset: ship-start
}"
24344,Category,"{
  label_de: (J) erlaubter Sprung,
  id: cat-ship-sl_f51sze-99983,
  label_en: (J) allowed jump,
  value: 99983,
  dataset: ship-start
}"
24345,Category,"{
  label_de: Antwortverweigerung,
  id: cat-ship-s2_s2_inan_07-999,
  label_en: refused to answer,
  value: 999,
  dataset: ship-start
}"
24346,Category,"{
  label_de: Ja,
  id: cat-ship-s2_s2_inan_07-1,
  label_en: Yes,
  value: 1,
  dataset: ship-start
}"
24347,Category,"{
  label_de: Nein,
  id: cat-ship-s2_s2_inan_07-2,
  label_en: No,
  value: 2,
  dataset: ship-start
}"
24348,Category,"{
  label_de: Weiß nicht,
  id: cat-ship-s2_s2_inan_07-998,
  label_en: do not know,
  value: 998,
  dataset: ship-start
}"
24349,Category,"{
  label_de: (999) Unbekannt,
  id: cat-ship-sl_d59s1de-999,
  label_en: (999) Unknown,
  value: 999,
  dataset: ship-start
}"
24350,Category,"{
  label_de: (888) Trifft nicht zu,
  id: cat-ship-sl_d59s1de-888,
  label_en: (888) Does not apply,
  value: 888,
  dataset: ship-start
}"
24351,Category,"{
  label_de: (4) viel,
  id: cat-ship-sl_d59s1de-4,
  label_en: (4) much,
  value: 4,
  dataset: ship-start
}"
24352,Category,"{
  label_de: (0) nicht erwünscht,
  id: cat-ship-sl_d59s1de-0,
  label_en: (0) not desired,
  value: 0,
  dataset: ship-start
}"
24353,Category,"{
  label_de: (777) Weiß nicht,
  id: cat-ship-sl_d59s1de-777,
  label_en: (777) Don't know,
  value: 777,
  dataset: ship-start
}"
24354,Category,"{
  label_de: (3) mäßig,
  id: cat-ship-sl_d59s1de-3,
  label_en: (3) moderate,
  value: 3,
  dataset: ship-start
}"
24355,Category,"{
  label_de: (1) keine,
  id: cat-ship-sl_d59s1de-1,
  label_en: (1) none,
  value: 1,
  dataset: ship-start
}"
24356,Category,"{
  label_de: (2) wenig,
  id: cat-ship-sl_d59s1de-2,
  label_en: (2) little,
  value: 2,
  dataset: ship-start
}"
24357,Category,"{
  label_de: (J) erlaubter Sprung,
  id: cat-ship-sl_d59s1de-99983,
  label_en: (J) allowed jump,
  value: 99983,
  dataset: ship-start
}"
24358,Category,"{
  label_de: (999) Unbekannt,
  id: cat-ship-sl_l34dze-999,
  label_en: (999) Unknown,
  value: 999,
  dataset: ship-start
}"
24359,Category,"{
  label_de: (1) Ja,
  id: cat-ship-sl_l34dze-1,
  label_en: (1) Yes,
  value: 1,
  dataset: ship-start
}"
24360,Category,"{
  label_de: (888) Trifft nicht zu,
  id: cat-ship-sl_l34dze-888,
  label_en: (888) Does not apply,
  value: 888,
  dataset: ship-start
}"
24361,Category,"{
  label_de: (777) Weiß nicht,
  id: cat-ship-sl_l34dze-777,
  label_en: (777) Don't know,
  value: 777,
  dataset: ship-start
}"
24362,Category,"{
  label_de: (0) Nein,
  id: cat-ship-sl_l34dze-0,
  label_en: (0) No,
  value: 0,
  dataset: ship-start
}"
24363,Category,"{
  label_de: (J) erlaubter Sprung,
  id: cat-ship-sl_l34dze-99983,
  label_en: (J) allowed jump,
  value: 99983,
  dataset: ship-start
}"
24364,Category,"{
  label_de: (999) Unbekannt,
  id: cat-ship-sl_b17slt-999,
  label_en: (999) Unknown,
  value: 999,
  dataset: ship-start
}"
24365,Category,"{
  label_de: (888) Trifft nicht zu,
  id: cat-ship-sl_b17slt-888,
  label_en: (888) Does not apply,
  value: 888,
  dataset: ship-start
}"
24366,Category,"{
  label_de: (4) viel,
  id: cat-ship-sl_b17slt-4,
  label_en: (4) much,
  value: 4,
  dataset: ship-start
}"
24367,Category,"{
  label_de: (0) nicht erwünscht,
  id: cat-ship-sl_b17slt-0,
  label_en: (0) not desired,
  value: 0,
  dataset: ship-start
}"
24368,Category,"{
  label_de: (777) Weiß nicht,
  id: cat-ship-sl_b17slt-777,
  label_en: (777) Don't know,
  value: 777,
  dataset: ship-start
}"
24369,Category,"{
  label_de: (3) mäßig,
  id: cat-ship-sl_b17slt-3,
  label_en: (3) moderate,
  value: 3,
  dataset: ship-start
}"
24370,Category,"{
  label_de: (1) keine,
  id: cat-ship-sl_b17slt-1,
  label_en: (1) none,
  value: 1,
  dataset: ship-start
}"
24371,Category,"{
  label_de: (2) wenig,
  id: cat-ship-sl_b17slt-2,
  label_en: (2) little,
  value: 2,
  dataset: ship-start
}"
24372,Category,"{
  label_de: (J) erlaubter Sprung,
  id: cat-ship-sl_b17slt-99983,
  label_en: (J) allowed jump,
  value: 99983,
  dataset: ship-start
}"
24373,Category,"{
  label_de: Nein,
  id: cat-ship-s1_ptsdc_7-2,
  label_en: No,
  value: 2,
  dataset: ship-start
}"
24374,Category,"{
  label_de: Antwort verweigert,
  id: cat-ship-s1_ptsdc_7-999,
  label_en: Refused to answer,
  value: 999,
  dataset: ship-start
}"
24375,Category,"{
  label_de: Ja,
  id: cat-ship-s1_ptsdc_7-1,
  label_en: Yes,
  value: 1,
  dataset: ship-start
}"
24376,Category,"{
  label_de: Weiß nicht,
  id: cat-ship-s1_ptsdc_7-998,
  label_en: Does not know,
  value: 998,
  dataset: ship-start
}"
24377,Category,"{
  label_de: Trifft nicht zu,
  id: cat-ship-s1_ptsdc_7-997,
  label_en: Does not apply,
  value: 997,
  dataset: ship-start
}"
24378,Category,"{
  label_de: (J) erlaubter Sprung,
  id: cat-ship-sl_l37bh1nd-99983,
  label_en: (J) allowed jump,
  value: 99983,
  dataset: ship-start
}"
24379,Category,"{
  label_de: (999) Unbekannt,
  id: cat-ship-sl_l37bh1nd-999,
  label_en: (999) Unknown,
  value: 999,
  dataset: ship-start
}"
24380,Category,"{
  label_de: (4) negativ,
  id: cat-ship-sl_l37bh1nd-4,
  label_en: (4) negative,
  value: 4,
  dataset: ship-start
}"
24381,Category,"{
  label_de: (1) sehr positiv,
  id: cat-ship-sl_l37bh1nd-1,
  label_en: (1) very positive,
  value: 1,
  dataset: ship-start
}"
24382,Category,"{
  label_de: (888) Trifft nicht zu,
  id: cat-ship-sl_l37bh1nd-888,
  label_en: (888) Does not apply,
  value: 888,
  dataset: ship-start
}"
24383,Category,"{
  label_de: (777) Weiß nicht,
  id: cat-ship-sl_l37bh1nd-777,
  label_en: (777) Don't know,
  value: 777,
  dataset: ship-start
}"
24384,Category,"{
  label_de: (3) neutral,
  id: cat-ship-sl_l37bh1nd-3,
  label_en: (3) neutral,
  value: 3,
  dataset: ship-start
}"
24385,Category,"{
  label_de: (2) positiv,
  id: cat-ship-sl_l37bh1nd-2,
  label_en: (2) positive,
  value: 2,
  dataset: ship-start
}"
24386,Category,"{
  label_de: (5) sehr negativ,
  id: cat-ship-sl_l37bh1nd-5,
  label_en: (5) very negative,
  value: 5,
  dataset: ship-start
}"
24387,Category,"{
  label_de: (J) erlaubter Sprung,
  id: cat-ship-sl_w53bhze-99983,
  label_en: (J) allowed jump,
  value: 99983,
  dataset: ship-start
}"
24388,Category,"{
  label_de: (999) Unbekannt,
  id: cat-ship-sl_w53bhze-999,
  label_en: (999) Unknown,
  value: 999,
  dataset: ship-start
}"
24389,Category,"{
  label_de: (4) negativ,
  id: cat-ship-sl_w53bhze-4,
  label_en: (4) negative,
  value: 4,
  dataset: ship-start
}"
24390,Category,"{
  label_de: (1) sehr positiv,
  id: cat-ship-sl_w53bhze-1,
  label_en: (1) very positive,
  value: 1,
  dataset: ship-start
}"
24391,Category,"{
  label_de: (888) Trifft nicht zu,
  id: cat-ship-sl_w53bhze-888,
  label_en: (888) Does not apply,
  value: 888,
  dataset: ship-start
}"
24392,Category,"{
  label_de: (777) Weiß nicht,
  id: cat-ship-sl_w53bhze-777,
  label_en: (777) Don't know,
  value: 777,
  dataset: ship-start
}"
24393,Category,"{
  label_de: (3) neutral,
  id: cat-ship-sl_w53bhze-3,
  label_en: (3) neutral,
  value: 3,
  dataset: ship-start
}"
24394,Category,"{
  label_de: (2) positiv,
  id: cat-ship-sl_w53bhze-2,
  label_en: (2) positive,
  value: 2,
  dataset: ship-start
}"
24395,Category,"{
  label_de: (5) sehr negativ,
  id: cat-ship-sl_w53bhze-5,
  label_en: (5) very negative,
  value: 5,
  dataset: ship-start
}"
24396,Category,"{
  label_de: (999) Unbekannt,
  id: cat-ship-sl_a40a5j-999,
  label_en: (999) Unknown,
  value: 999,
  dataset: ship-start
}"
24397,Category,"{
  label_de: (888) Trifft nicht zu,
  id: cat-ship-sl_a40a5j-888,
  label_en: (888) Does not apply,
  value: 888,
  dataset: ship-start
}"
24398,Category,"{
  label_de: (J) erlaubter Sprung,
  id: cat-ship-sl_a40a5j-99983,
  label_en: (J) jump allowed,
  value: 99983,
  dataset: ship-start
}"
24399,Category,"{
  label_de: (777) Weiß nicht,
  id: cat-ship-sl_a40a5j-777,
  label_en: (777) Don't know,
  value: 777,
  dataset: ship-start
}"
24400,Category,"{
  label_de: Nicht auswertbar,
  id: cat-ship-s0_ern80ku-8,
  label_en: Not evaluable,
  value: 8,
  dataset: ship-start
}"
24401,Category,"{
  label_de: Stimme nicht zu,
  id: cat-ship-s0_ern80ku-2,
  label_en: Do not agree,
  value: 2,
  dataset: ship-start
}"
24402,Category,"{
  label_de: Keine Angabe,
  id: cat-ship-s0_ern80ku-9,
  label_en: No answer,
  value: 9,
  dataset: ship-start
}"
24403,Category,"{
  label_de: Stimme sehr zu,
  id: cat-ship-s0_ern80ku-5,
  label_en: Agree very much,
  value: 5,
  dataset: ship-start
}"
24404,Category,"{
  label_de: Stimme zu,
  id: cat-ship-s0_ern80ku-4,
  label_en: Agree,
  value: 4,
  dataset: ship-start
}"
24405,Category,"{
  label_de: Bin unsicher,
  id: cat-ship-s0_ern80ku-3,
  label_en: Am unsure,
  value: 3,
  dataset: ship-start
}"
24406,Category,"{
  label_de: Stimme überhaupt nicht zu,
  id: cat-ship-s0_ern80ku-1,
  label_en: Do not agree at all,
  value: 1,
  dataset: ship-start
}"
24407,Category,"{
  label_de: (999) Unbekannt,
  id: cat-ship-sl_o74lb12-999,
  label_en: (999) Unknown,
  value: 999,
  dataset: ship-start
}"
24408,Category,"{
  label_de: (1) Ja,
  id: cat-ship-sl_o74lb12-1,
  label_en: (1) Yes,
  value: 1,
  dataset: ship-start
}"
24409,Category,"{
  label_de: (888) Trifft nicht zu,
  id: cat-ship-sl_o74lb12-888,
  label_en: (888) Does not apply,
  value: 888,
  dataset: ship-start
}"
24410,Category,"{
  label_de: (777) Weiß nicht,
  id: cat-ship-sl_o74lb12-777,
  label_en: (777) Don't know,
  value: 777,
  dataset: ship-start
}"
24411,Category,"{
  label_de: (0) Nein,
  id: cat-ship-sl_o74lb12-0,
  label_en: (0) No,
  value: 0,
  dataset: ship-start
}"
24412,Category,"{
  label_de: (J) erlaubter Sprung,
  id: cat-ship-sl_o74lb12-99983,
  label_en: (J) allowed jump,
  value: 99983,
  dataset: ship-start
}"
24413,Category,"{
  label_de: Weiß nicht,
  id: cat-ship-s1_jod_2-998,
  label_en: Does not know,
  value: 998,
  dataset: ship-start
}"
24414,Category,"{
  label_de: Trifft nicht zu,
  id: cat-ship-s1_jod_2-997,
  label_en: Does not apply,
  value: 997,
  dataset: ship-start
}"
24415,Category,"{
  label_de: Antwortverweigerung,
  id: cat-ship-s1_jod_2-999,
  label_en: Refused to answer,
  value: 999,
  dataset: ship-start
}"
24416,Category,"{
  label_de: kein Feld angekreuzt,
  id: cat-ship-s2_frs_alltag_brief-9,
  label_en: no fields marked/no boxes checked,
  value: 9,
  dataset: ship-start
}"
24417,Category,"{
  label_de: oft,
  id: cat-ship-s2_frs_alltag_brief-1,
  label_en: often,
  value: 1,
  dataset: ship-start
}"
24418,Category,"{
  label_de: nie,
  id: cat-ship-s2_frs_alltag_brief-3,
  label_en: never,
  value: 3,
  dataset: ship-start
}"
24419,Category,"{
  label_de: manchmal,
  id: cat-ship-s2_frs_alltag_brief-2,
  label_en: sometimes,
  value: 2,
  dataset: ship-start
}"
24420,Category,"{
  label_de: nein,
  id: cat-ship-s0_grund_8-0,
  label_en: no,
  value: 0,
  dataset: ship-start
}"
24421,Category,"{
  label_de: ja,
  id: cat-ship-s0_grund_8-1,
  label_en: yes,
  value: 1,
  dataset: ship-start
}"
24422,Category,"{
  id: cat-ship-s0_thyr_s0-0,
  label_en: (0) No,
  value: 0,
  dataset: ship-start
}"
24423,Category,"{
  id: cat-ship-s0_thyr_s0-1,
  label_en: (1) Yes,
  value: 1,
  dataset: ship-start
}"
24424,Category,"{
  label_de: nicht erfasst,
  id: cat-ship-s2_mrt_adhoc_obl--1,
  label_en: not captured,
  value: -1,
  dataset: ship-start
}"
24425,Category,"{
  label_de: Nein,
  id: cat-ship-s2_mrt_adhoc_obl-0,
  label_en: No,
  value: 0,
  dataset: ship-start
}"
24426,Category,"{
  label_de: fraglich,
  id: cat-ship-s2_mrt_adhoc_obl-88,
  label_en: maybe,
  value: 88,
  dataset: ship-start
}"
24427,Category,"{
  label_de: Ja,
  id: cat-ship-s2_mrt_adhoc_obl-1,
  label_en: Yes,
  value: 1,
  dataset: ship-start
}"
24428,Category,"{
  label_de: (J) erlaubter Sprung,
  id: cat-ship-sl_fa_11b-99983,
  label_en: (J) allowed jump,
  value: 99983,
  dataset: ship-start
}"
24429,Category,"{
  label_de: (999) Unbekannt,
  id: cat-ship-sl_fa_11b-999,
  label_en: (999) Unknown,
  value: 999,
  dataset: ship-start
}"
24430,Category,"{
  label_de: (1) Ja,
  id: cat-ship-sl_fa_11b-1,
  label_en: (1) Yes,
  value: 1,
  dataset: ship-start
}"
24431,Category,"{
  label_de: (888) Trifft nicht zu,
  id: cat-ship-sl_fa_11b-888,
  label_en: (888) Does not apply,
  value: 888,
  dataset: ship-start
}"
24432,Category,"{
  label_de: (777) Weiß nicht,
  id: cat-ship-sl_fa_11b-777,
  label_en: (777) Don't know,
  value: 777,
  dataset: ship-start
}"
24433,Category,"{
  label_de: (0) Nein,
  id: cat-ship-sl_fa_11b-0,
  label_en: (0) No,
  value: 0,
  dataset: ship-start
}"
24434,Category,"{
  label_de: Weiß nicht,
  id: cat-ship-s2_cvi_arz_08-9998,
  label_en: don’t know,
  value: 9998,
  dataset: ship-start
}"
24435,Category,"{
  label_de: Weiß nicht,
  id: cat-ship-s2_cvi_arz_08-998,
  label_en: dont know,
  value: 998,
  dataset: ship-start
}"
24436,Category,"{
  label_de: Weiß nicht,
  id: cat-ship-s2_s2_inan_04q-998,
  label_en: do not know,
  value: 998,
  dataset: ship-start
}"
24437,Category,"{
  label_de: Antwortverweigerung,
  id: cat-ship-s2_s2_inan_04q-999,
  label_en: refused to answer,
  value: 999,
  dataset: ship-start
}"
24438,Category,"{
  label_de: Ja,
  id: cat-ship-s2_s2_inan_04q-1,
  label_en: Yes,
  value: 1,
  dataset: ship-start
}"
24439,Category,"{
  label_de: Nein,
  id: cat-ship-s2_s2_inan_04q-2,
  label_en: No,
  value: 2,
  dataset: ship-start
}"
24440,Category,"{
  label_de: (J) erlaubter Sprung,
  id: cat-ship-sl_o74lb10-99983,
  label_en: (J) allowed jump,
  value: 99983,
  dataset: ship-start
}"
24441,Category,"{
  label_de: (999) Unbekannt,
  id: cat-ship-sl_o74lb10-999,
  label_en: (999) Unknown,
  value: 999,
  dataset: ship-start
}"
24442,Category,"{
  label_de: (1) Ja,
  id: cat-ship-sl_o74lb10-1,
  label_en: (1) Yes,
  value: 1,
  dataset: ship-start
}"
24443,Category,"{
  label_de: (888) Trifft nicht zu,
  id: cat-ship-sl_o74lb10-888,
  label_en: (888) Does not apply,
  value: 888,
  dataset: ship-start
}"
24444,Category,"{
  label_de: (777) Weiß nicht,
  id: cat-ship-sl_o74lb10-777,
  label_en: (777) Don't know,
  value: 777,
  dataset: ship-start
}"
24445,Category,"{
  label_de: (0) Nein,
  id: cat-ship-sl_o74lb10-0,
  label_en: (0) No,
  value: 0,
  dataset: ship-start
}"
24446,Category,"{
  label_de: Mäßig,
  id: cat-ship-s2_ges_bl_28-3,
  label_en: moderate,
  value: 3,
  dataset: ship-start
}"
24447,Category,"{
  label_de: Stark,
  id: cat-ship-s2_ges_bl_28-4,
  label_en: highly,
  value: 4,
  dataset: ship-start
}"
24448,Category,"{
  label_de: (3) mäßig,
  id: cat-ship-sl_u78s1nd-3,
  label_en: (3) moderate,
  value: 3,
  dataset: ship-start
}"
24449,Category,"{
  label_de: (1) keine,
  id: cat-ship-sl_u78s1nd-1,
  label_en: (1) none,
  value: 1,
  dataset: ship-start
}"
24450,Category,"{
  label_de: (2) wenig,
  id: cat-ship-sl_u78s1nd-2,
  label_en: (2) little,
  value: 2,
  dataset: ship-start
}"
24451,Category,"{
  label_de: (J) erlaubter Sprung,
  id: cat-ship-sl_u78s1nd-99983,
  label_en: (J) allowed jump,
  value: 99983,
  dataset: ship-start
}"
24452,Category,"{
  label_de: (J) erlaubter Sprung,
  id: cat-ship-sl_k21bdlt-99983,
  label_en: (J) allowed jump,
  value: 99983,
  dataset: ship-start
}"
24453,Category,"{
  label_de: (999) Unbekannt,
  id: cat-ship-sl_k21bdlt-999,
  label_en: (999) Unknown,
  value: 999,
  dataset: ship-start
}"
24454,Category,"{
  label_de: (4) negativ,
  id: cat-ship-sl_k21bdlt-4,
  label_en: (4) negative,
  value: 4,
  dataset: ship-start
}"
24455,Category,"{
  label_de: (1) sehr positiv,
  id: cat-ship-sl_k21bdlt-1,
  label_en: (1) very positive,
  value: 1,
  dataset: ship-start
}"
24456,Category,"{
  label_de: (888) Trifft nicht zu,
  id: cat-ship-sl_k21bdlt-888,
  label_en: (888) Does not apply,
  value: 888,
  dataset: ship-start
}"
24457,Category,"{
  label_de: (777) Weiß nicht,
  id: cat-ship-sl_k21bdlt-777,
  label_en: (777) Don't know,
  value: 777,
  dataset: ship-start
}"
24458,Category,"{
  label_de: (3) neutral,
  id: cat-ship-sl_k21bdlt-3,
  label_en: (3) neutral,
  value: 3,
  dataset: ship-start
}"
24459,Category,"{
  label_de: (2) positiv,
  id: cat-ship-sl_k21bdlt-2,
  label_en: (2) positive,
  value: 2,
  dataset: ship-start
}"
24460,Category,"{
  label_de: (5) sehr negativ,
  id: cat-ship-sl_k21bdlt-5,
  label_en: (5) very negative,
  value: 5,
  dataset: ship-start
}"
24461,Category,"{
  label_de: (999) Unbekannt,
  id: cat-ship-sl_s10lb8-999,
  label_en: (999) Unknown,
  value: 999,
  dataset: ship-start
}"
24462,Category,"{
  label_de: (1) Ja,
  id: cat-ship-sl_s10lb8-1,
  label_en: (1) Yes,
  value: 1,
  dataset: ship-start
}"
24463,Category,"{
  label_de: (888) Trifft nicht zu,
  id: cat-ship-sl_s10lb8-888,
  label_en: (888) Does not apply,
  value: 888,
  dataset: ship-start
}"
24464,Category,"{
  label_de: (777) Weiß nicht,
  id: cat-ship-sl_s10lb8-777,
  label_en: (777) Don't know,
  value: 777,
  dataset: ship-start
}"
24465,Category,"{
  label_de: (0) Nein,
  id: cat-ship-sl_s10lb8-0,
  label_en: (0) No,
  value: 0,
  dataset: ship-start
}"
24466,Category,"{
  label_de: (J) erlaubter Sprung,
  id: cat-ship-sl_s10lb8-99983,
  label_en: (J) allowed jump,
  value: 99983,
  dataset: ship-start
}"
24467,Category,"{
  label_de: Ja,
  id: cat-ship-s0_wohn19_6-1,
  label_en: Yes,
  value: 1,
  dataset: ship-start
}"
24468,Category,"{
  label_de: Keine Angabe,
  id: cat-ship-s0_wohn19_6-9,
  label_en: No information,
  value: 9,
  dataset: ship-start
}"
24469,Category,"{
  label_de: Nicht auswertbar,
  id: cat-ship-s0_wohn19_6-8,
  label_en: Not evaluable,
  value: 8,
  dataset: ship-start
}"
24470,Category,"{
  label_de: Nein,
  id: cat-ship-s0_wohn19_6-0,
  label_en: No,
  value: 0,
  dataset: ship-start
}"
24471,Category,"{
  label_de: keine Angabe,
  id: cat-ship-s1_kom_f06e-997,
  label_en: not specified,
  value: 997,
  dataset: ship-start
}"
24472,Category,"{
  label_de: ja,
  id: cat-ship-s1_kom_f06e-1,
  label_en: yes,
  value: 1,
  dataset: ship-start
}"
24473,Category,"{
  label_de: Antwortverweigerung,
  id: cat-ship-s1_kom_f06e-999,
  label_en: Refusal to answer,
  value: 999,
  dataset: ship-start
}"
24474,Category,"{
  label_de: weiß nicht,
  id: cat-ship-s1_kom_f06e-998,
  label_en: do not know,
  value: 998,
  dataset: ship-start
}"
24475,Category,"{
  label_de: nein,
  id: cat-ship-s1_kom_f06e-2,
  label_en: no,
  value: 2,
  dataset: ship-start
}"
24476,Category,"{
  label_de: Antwortverweigerung,
  id: cat-ship-s2_s2_claud_04-999,
  label_en: non-response,
  value: 999,
  dataset: ship-start
}"
24477,Category,"{
  label_de: Nicht zutreffend,
  id: cat-ship-s2_s2_claud_04-997,
  label_en: does not apply,
  value: 997,
  dataset: ship-start
}"
24478,Category,"{
  label_de: Weiß nicht,
  id: cat-ship-s2_s2_claud_04-998,
  label_en: I don't know,
  value: 998,
  dataset: ship-start
}"
24479,Category,"{
  label_de: Antwortverweigerung,
  id: cat-ship-s2_s2_claud_04-9999,
  label_en: non-response (datetime),
  value: 9999,
  dataset: ship-start
}"
24480,Category,"{
  label_de: Weiß nicht,
  id: cat-ship-s2_s2_claud_04-9998,
  label_en: I don't know (datetime),
  value: 9998,
  dataset: ship-start
}"
24481,Category,"{
  label_de: Messung nicht möglich,
  id: cat-ship-s2_s2_claud_04-996,
  label_en: measurement not done,
  value: 996,
  dataset: ship-start
}"
24482,Category,"{
  label_de: Stark,
  id: cat-ship-s2_ges_bl_06-4,
  label_en: highly,
  value: 4,
  dataset: ship-start
}"
24483,Category,"{
  label_de: Kaum,
  id: cat-ship-s2_ges_bl_06-2,
  label_en: little,
  value: 2,
  dataset: ship-start
}"
24484,Category,"{
  label_de: Gar nicht,
  id: cat-ship-s2_ges_bl_06-1,
  label_en: none,
  value: 1,
  dataset: ship-start
}"
24485,Category,"{
  label_de: Mäßig,
  id: cat-ship-s2_ges_bl_06-3,
  label_en: moderate,
  value: 3,
  dataset: ship-start
}"
24486,Category,"{
  label_de: (J) erlaubter Sprung,
  id: cat-ship-sl_g63bd1de-99983,
  label_en: (J) allowed jump,
  value: 99983,
  dataset: ship-start
}"
24487,Category,"{
  label_de: (999) Unbekannt,
  id: cat-ship-sl_g63bd1de-999,
  label_en: (999) Unknown,
  value: 999,
  dataset: ship-start
}"
24488,Category,"{
  label_de: (4) negativ,
  id: cat-ship-sl_g63bd1de-4,
  label_en: (4) negative,
  value: 4,
  dataset: ship-start
}"
24489,Category,"{
  label_de: (1) sehr positiv,
  id: cat-ship-sl_g63bd1de-1,
  label_en: (1) very positive,
  value: 1,
  dataset: ship-start
}"
24490,Category,"{
  label_de: (888) Trifft nicht zu,
  id: cat-ship-sl_g63bd1de-888,
  label_en: (888) Does not apply,
  value: 888,
  dataset: ship-start
}"
24491,Category,"{
  label_de: (777) Weiß nicht,
  id: cat-ship-sl_g63bd1de-777,
  label_en: (777) Don't know,
  value: 777,
  dataset: ship-start
}"
24492,Category,"{
  label_de: (3) neutral,
  id: cat-ship-sl_g63bd1de-3,
  label_en: (3) neutral,
  value: 3,
  dataset: ship-start
}"
24493,Category,"{
  label_de: (2) positiv,
  id: cat-ship-sl_g63bd1de-2,
  label_en: (2) positive,
  value: 2,
  dataset: ship-start
}"
24494,Category,"{
  label_de: (5) sehr negativ,
  id: cat-ship-sl_g63bd1de-5,
  label_en: (5) very negative,
  value: 5,
  dataset: ship-start
}"
24495,Category,"{
  label_de: (999) Unbekannt,
  id: cat-ship-sl_k22s1nd-999,
  label_en: (999) Unknown,
  value: 999,
  dataset: ship-start
}"
24496,Category,"{
  label_de: (888) Trifft nicht zu,
  id: cat-ship-sl_k22s1nd-888,
  label_en: (888) Does not apply,
  value: 888,
  dataset: ship-start
}"
24497,Category,"{
  label_de: (4) viel,
  id: cat-ship-sl_k22s1nd-4,
  label_en: (4) much,
  value: 4,
  dataset: ship-start
}"
24498,Category,"{
  label_de: (0) nicht erwünscht,
  id: cat-ship-sl_k22s1nd-0,
  label_en: (0) not desired,
  value: 0,
  dataset: ship-start
}"
24499,Category,"{
  label_de: (777) Weiß nicht,
  id: cat-ship-sl_k22s1nd-777,
  label_en: (777) Don't know,
  value: 777,
  dataset: ship-start
}"
24500,Category,"{
  label_de: (3) mäßig,
  id: cat-ship-sl_k22s1nd-3,
  label_en: (3) moderate,
  value: 3,
  dataset: ship-start
}"
24501,Category,"{
  label_de: (1) keine,
  id: cat-ship-sl_k22s1nd-1,
  label_en: (1) none,
  value: 1,
  dataset: ship-start
}"
24502,Category,"{
  label_de: (2) wenig,
  id: cat-ship-sl_k22s1nd-2,
  label_en: (2) little,
  value: 2,
  dataset: ship-start
}"
24503,Category,"{
  label_de: (J) erlaubter Sprung,
  id: cat-ship-sl_k22s1nd-99983,
  label_en: (J) allowed jump,
  value: 99983,
  dataset: ship-start
}"
24504,Category,"{
  label_de: (J) erlaubter Sprung,
  id: cat-ship-sl_k22bh1de-99983,
  label_en: (J) allowed jump,
  value: 99983,
  dataset: ship-start
}"
24505,Category,"{
  label_de: (999) Unbekannt,
  id: cat-ship-sl_k22bh1de-999,
  label_en: (999) Unknown,
  value: 999,
  dataset: ship-start
}"
24506,Category,"{
  label_de: (4) negativ,
  id: cat-ship-sl_k22bh1de-4,
  label_en: (4) negative,
  value: 4,
  dataset: ship-start
}"
24507,Category,"{
  label_de: (1) sehr positiv,
  id: cat-ship-sl_k22bh1de-1,
  label_en: (1) very positive,
  value: 1,
  dataset: ship-start
}"
24508,Category,"{
  label_de: (888) Trifft nicht zu,
  id: cat-ship-sl_k22bh1de-888,
  label_en: (888) Does not apply,
  value: 888,
  dataset: ship-start
}"
24509,Category,"{
  label_de: (777) Weiß nicht,
  id: cat-ship-sl_k22bh1de-777,
  label_en: (777) Don't know,
  value: 777,
  dataset: ship-start
}"
24510,Category,"{
  label_de: (3) neutral,
  id: cat-ship-sl_k22bh1de-3,
  label_en: (3) neutral,
  value: 3,
  dataset: ship-start
}"
24511,Category,"{
  label_de: (2) positiv,
  id: cat-ship-sl_k22bh1de-2,
  label_en: (2) positive,
  value: 2,
  dataset: ship-start
}"
24512,Category,"{
  label_de: (5) sehr negativ,
  id: cat-ship-sl_k22bh1de-5,
  label_en: (5) very negative,
  value: 5,
  dataset: ship-start
}"
24513,Category,"{
  label_de: Trifft nicht zu,
  id: cat-ship-s1_frau_5-997,
  label_en: Does not apply,
  value: 997,
  dataset: ship-start
}"
24514,Category,"{
  label_de: Antwortverweigerung,
  id: cat-ship-s1_frau_5-999,
  label_en: Refused to answer,
  value: 999,
  dataset: ship-start
}"
24515,Category,"{
  label_de: Weiß nicht,
  id: cat-ship-s1_frau_5-998,
  label_en: Does not know,
  value: 998,
  dataset: ship-start
}"
24516,Category,"{
  label_de: Antwortverweigerung,
  id: cat-ship-s2_s2_reflux_01-999,
  label_en: refused to answer,
  value: 999,
  dataset: ship-start
}"
24517,Category,"{
  label_de: Ja,
  id: cat-ship-s2_s2_reflux_01-1,
  label_en: Yes,
  value: 1,
  dataset: ship-start
}"
24518,Category,"{
  label_de: Nein,
  id: cat-ship-s2_s2_reflux_01-2,
  label_en: No,
  value: 2,
  dataset: ship-start
}"
24519,Category,"{
  label_de: Weiß nicht,
  id: cat-ship-s2_s2_reflux_01-998,
  label_en: do not know,
  value: 998,
  dataset: ship-start
}"
24520,Category,"{
  label_de: (J) erlaubter Sprung,
  id: cat-ship-sl_w54bd12-99983,
  label_en: (J) allowed jump,
  value: 99983,
  dataset: ship-start
}"
24521,Category,"{
  label_de: (999) Unbekannt,
  id: cat-ship-sl_w54bd12-999,
  label_en: (999) Unknown,
  value: 999,
  dataset: ship-start
}"
24522,Category,"{
  label_de: (4) negativ,
  id: cat-ship-sl_w54bd12-4,
  label_en: (4) negative,
  value: 4,
  dataset: ship-start
}"
24523,Category,"{
  label_de: (1) sehr positiv,
  id: cat-ship-sl_w54bd12-1,
  label_en: (1) very positive,
  value: 1,
  dataset: ship-start
}"
24524,Category,"{
  label_de: (888) Trifft nicht zu,
  id: cat-ship-sl_w54bd12-888,
  label_en: (888) Does not apply,
  value: 888,
  dataset: ship-start
}"
24525,Category,"{
  label_de: (777) Weiß nicht,
  id: cat-ship-sl_w54bd12-777,
  label_en: (777) Don't know,
  value: 777,
  dataset: ship-start
}"
24526,Category,"{
  label_de: (3) neutral,
  id: cat-ship-sl_w54bd12-3,
  label_en: (3) neutral,
  value: 3,
  dataset: ship-start
}"
24527,Category,"{
  label_de: (2) positiv,
  id: cat-ship-sl_w54bd12-2,
  label_en: (2) positive,
  value: 2,
  dataset: ship-start
}"
24528,Category,"{
  label_de: (5) sehr negativ,
  id: cat-ship-sl_w54bd12-5,
  label_en: (5) very negative,
  value: 5,
  dataset: ship-start
}"
24529,Category,"{
  label_de: weiß nicht,
  id: cat-ship-s0_ncig1-98,
  label_en: do not know,
  value: 98,
  dataset: ship-start
}"
24530,Category,"{
  label_de: Antwortverweigerung,
  id: cat-ship-s0_ncig1-99,
  label_en: Refusal to answer,
  value: 99,
  dataset: ship-start
}"
24531,Category,"{
  label_de: Ja,
  id: cat-ship-s2_nahvisus_3-1,
  label_en: Yes,
  value: 1,
  dataset: ship-start
}"
24532,Category,"{
  label_de: Nein,
  id: cat-ship-s2_nahvisus_3-2,
  label_en: No,
  value: 2,
  dataset: ship-start
}"
24533,Category,"{
  label_de: nicht mehr dargeboten,
  id: cat-ship-s2_nahvisus_3-3,
  label_en: no longer offered,
  value: 3,
  dataset: ship-start
}"
24534,Category,"{
  label_de: Abbruch nach 30 Sekunden Lesezeit,
  id: cat-ship-s2_nahvisus_3-0,
  label_en: ended after 30 seconds of reading time,
  value: 0,
  dataset: ship-start
}"
24535,Category,"{
  label_de: (999) Unbekannt,
  id: cat-ship-sl_l34aze-999,
  label_en: (999) Unknown,
  value: 999,
  dataset: ship-start
}"
24536,Category,"{
  label_de: (888) Trifft nicht zu,
  id: cat-ship-sl_l34aze-888,
  label_en: (888) Does not apply,
  value: 888,
  dataset: ship-start
}"
24537,Category,"{
  label_de: (J) erlaubter Sprung,
  id: cat-ship-sl_l34aze-99983,
  label_en: (J) jump allowed,
  value: 99983,
  dataset: ship-start
}"
24538,Category,"{
  label_de: (777) Weiß nicht,
  id: cat-ship-sl_l34aze-777,
  label_en: (777) Don't know,
  value: 777,
  dataset: ship-start
}"
24539,Category,"{
  label_de: (999) Unbekannt,
  id: cat-ship-sl_a44lbw-999,
  label_en: (999) Unknown,
  value: 999,
  dataset: ship-start
}"
24540,Category,"{
  label_de: (02) 11-15,
  id: cat-ship-sl_a44lbw-2,
  label_en: (02) 11-15,
  value: 2,
  dataset: ship-start
}"
24541,Category,"{
  label_de: (J) erlaubter Sprung,
  id: cat-ship-sl_a44lbw-99983,
  label_en: (J) jump allowed,
  value: 99983,
  dataset: ship-start
}"
24542,Category,"{
  label_de: (03) 16-20,
  id: cat-ship-sl_a44lbw-3,
  label_en: (03) 16-20,
  value: 3,
  dataset: ship-start
}"
24543,Category,"{
  label_de: (01) 5-10,
  id: cat-ship-sl_a44lbw-1,
  label_en: (01) 5-10,
  value: 1,
  dataset: ship-start
}"
24544,Category,"{
  label_de: (888) Trifft nicht zu,
  id: cat-ship-sl_a44lbw-888,
  label_en: (888) Does not apply,
  value: 888,
  dataset: ship-start
}"
24545,Category,"{
  label_de: (777) Weiß nicht,
  id: cat-ship-sl_a44lbw-777,
  label_en: (777) Don't know,
  value: 777,
  dataset: ship-start
}"
24546,Category,"{
  label_de: (999) Unbekannt,
  id: cat-ship-sl_o74lb1-999,
  label_en: (999) Unknown,
  value: 999,
  dataset: ship-start
}"
24547,Category,"{
  label_de: (1) Ja,
  id: cat-ship-sl_o74lb1-1,
  label_en: (1) Yes,
  value: 1,
  dataset: ship-start
}"
24548,Category,"{
  label_de: (888) Trifft nicht zu,
  id: cat-ship-sl_o74lb1-888,
  label_en: (888) Does not apply,
  value: 888,
  dataset: ship-start
}"
24549,Category,"{
  label_de: (777) Weiß nicht,
  id: cat-ship-sl_o74lb1-777,
  label_en: (777) Don't know,
  value: 777,
  dataset: ship-start
}"
24550,Category,"{
  label_de: (0) Nein,
  id: cat-ship-sl_o74lb1-0,
  label_en: (0) No,
  value: 0,
  dataset: ship-start
}"
24551,Category,"{
  label_de: (J) erlaubter Sprung,
  id: cat-ship-sl_o74lb1-99983,
  label_en: (J) allowed jump,
  value: 99983,
  dataset: ship-start
}"
24552,Category,"{
  label_de: (J) erlaubter Sprung,
  id: cat-ship-sl_k21bhlt-99983,
  label_en: (J) allowed jump,
  value: 99983,
  dataset: ship-start
}"
24553,Category,"{
  label_de: (999) Unbekannt,
  id: cat-ship-sl_k21bhlt-999,
  label_en: (999) Unknown,
  value: 999,
  dataset: ship-start
}"
24554,Category,"{
  label_de: (4) negativ,
  id: cat-ship-sl_k21bhlt-4,
  label_en: (4) negative,
  value: 4,
  dataset: ship-start
}"
24555,Category,"{
  label_de: (1) sehr positiv,
  id: cat-ship-sl_k21bhlt-1,
  label_en: (1) very positive,
  value: 1,
  dataset: ship-start
}"
24556,Category,"{
  label_de: (888) Trifft nicht zu,
  id: cat-ship-sl_k21bhlt-888,
  label_en: (888) Does not apply,
  value: 888,
  dataset: ship-start
}"
24557,Category,"{
  label_de: (777) Weiß nicht,
  id: cat-ship-sl_k21bhlt-777,
  label_en: (777) Don't know,
  value: 777,
  dataset: ship-start
}"
24558,Category,"{
  label_de: (3) neutral,
  id: cat-ship-sl_k21bhlt-3,
  label_en: (3) neutral,
  value: 3,
  dataset: ship-start
}"
24559,Category,"{
  label_de: (2) positiv,
  id: cat-ship-sl_k21bhlt-2,
  label_en: (2) positive,
  value: 2,
  dataset: ship-start
}"
24560,Category,"{
  label_de: (5) sehr negativ,
  id: cat-ship-sl_k21bhlt-5,
  label_en: (5) very negative,
  value: 5,
  dataset: ship-start
}"
24561,Category,"{
  label_de: Nein,
  id: cat-ship-s1_ptsdd_5-2,
  label_en: No,
  value: 2,
  dataset: ship-start
}"
24562,Category,"{
  label_de: Antwort verweigert,
  id: cat-ship-s1_ptsdd_5-999,
  label_en: Refused to answer,
  value: 999,
  dataset: ship-start
}"
24563,Category,"{
  label_de: Ja,
  id: cat-ship-s1_ptsdd_5-1,
  label_en: Yes,
  value: 1,
  dataset: ship-start
}"
24564,Category,"{
  label_de: Weiß nicht,
  id: cat-ship-s1_ptsdd_5-998,
  label_en: Does not know,
  value: 998,
  dataset: ship-start
}"
24565,Category,"{
  label_de: Trifft nicht zu,
  id: cat-ship-s1_ptsdd_5-997,
  label_en: Does not apply,
  value: 997,
  dataset: ship-start
}"
24566,Category,"{
  label_de: Trifft nicht zu,
  id: cat-ship-s1_frau_2-997,
  label_en: Does not apply,
  value: 997,
  dataset: ship-start
}"
24567,Category,"{
  label_de: Antwortverweigerung,
  id: cat-ship-s1_frau_2-999,
  label_en: Refused to answer,
  value: 999,
  dataset: ship-start
}"
24568,Category,"{
  label_de: Weiß nicht,
  id: cat-ship-s1_frau_2-998,
  label_en: Does not know,
  value: 998,
  dataset: ship-start
}"
24569,Category,"{
  label_de: Antwortverweigerung,
  id: cat-ship-s2_s2_inan_04k-999,
  label_en: refused to answer,
  value: 999,
  dataset: ship-start
}"
24570,Category,"{
  label_de: Ja,
  id: cat-ship-s2_s2_inan_04k-1,
  label_en: Yes,
  value: 1,
  dataset: ship-start
}"
24571,Category,"{
  label_de: Nein,
  id: cat-ship-s2_s2_inan_04k-2,
  label_en: No,
  value: 2,
  dataset: ship-start
}"
24572,Category,"{
  label_de: Weiß nicht,
  id: cat-ship-s2_s2_inan_04k-998,
  label_en: do not know,
  value: 998,
  dataset: ship-start
}"
24573,Category,"{
  label_de: ja,
  id: cat-ship-s2_ges_pain_01-1,
  label_en: yes,
  value: 1,
  dataset: ship-start
}"
24574,Category,"{
  label_de: nein,
  id: cat-ship-s2_ges_pain_01-0,
  label_en: no,
  value: 0,
  dataset: ship-start
}"
24575,Category,"{
  label_de: (999) Unbekannt,
  id: cat-ship-sl_o74lb14-999,
  label_en: (999) Unknown,
  value: 999,
  dataset: ship-start
}"
24576,Category,"{
  id: cat-idefics-agekat_T2-10,
  label: 9+   years,
  value: 10,
  dataset: idefics-t2
}"
24577,Category,"{
  id: cat-idefics-att_bmi_cat_WHO_T2-,
  label: Normal weight,
  value: ,
  dataset: idefics-t2
}"
24578,Category,"{
  id: cat-idefics-att_bmi_cat_WHO_T2-1,
  label: risk of overweight,
  value: 1,
  dataset: idefics-t2
}"
24579,Category,"{
  id: cat-idefics-att_bmi_cat_WHO_T2-2,
  label: overweight,
  value: 2,
  dataset: idefics-t2
}"
24580,Category,"{
  id: cat-idefics-att_bmi_cat_WHO_T2-3,
  label: obese,
  value: 3,
  dataset: idefics-t2
}"
24581,Category,"{
  id: cat-idefics-ATT_FV_1_T2-_,
  label: Missing,
  value: .,
  dataset: idefics-t2
}"
24582,Category,"{
  id: cat-idefics-ATT_FV_1_week_T2-_,
  label: Missing,
  value: .,
  dataset: idefics-t2
}"
24583,Category,"{
  id: cat-idefics-AVM_1_week_T2-_,
  label: Missing,
  value: .,
  dataset: idefics-t2
}"
24584,Category,"{
  id: cat-idefics-AVM_1_weekday_T2-_,
  label: Missing,
  value: .,
  dataset: idefics-t2
}"
24585,Category,"{
  id: cat-idefics-AVM_1_weekendday_T2-_,
  label: Missing,
  value: .,
  dataset: idefics-t2
}"
24586,Category,"{
  id: cat-idefics-bmi_cat_CDC_T2-_,
  label: missing,
  value: .,
  dataset: idefics-t2
}"
24587,Category,"{
  id: cat-idefics-bmi_cat_CDC_T2--3,
  label: thinness grade 3: BMI < 16,
  value: -3,
  dataset: idefics-t2
}"
24588,Category,"{
  id: cat-idefics-bmi_cat_CDC_T2--2,
  label: thinness grade 2: 16 ? BMI < 17,
  value: -2,
  dataset: idefics-t2
}"
24589,Category,"{
  id: cat-idefics-bmi_cat_CDC_T2--1,
  label: thinness grade 1: 17 ? BMI < 18.5,
  value: -1,
  dataset: idefics-t2
}"
24590,Category,"{
  id: cat-idefics-bmi_cat_CDC_T2-,
  label: normal weight: 18.5 ? BMI < 25,
  value: ,
  dataset: idefics-t2
}"
24591,Category,"{
  id: cat-idefics-bmi_cat_CDC_T2-1,
  label: overweight: 25 ? BMI < 30,
  value: 1,
  dataset: idefics-t2
}"
24592,Category,"{
  id: cat-idefics-bmi_cat_CDC_T2-2,
  label: obese: 30 ? BMI,
  value: 2,
  dataset: idefics-t2
}"
24593,Category,"{
  id: cat-idefics-bmi_cat_COLE_12_T2-_,
  label: missing,
  value: .,
  dataset: idefics-t2
}"
24594,Category,"{
  id: cat-idefics-bmi_cat_COLE_12_T2--3,
  label: thinness grade 3: BMI < 16,
  value: -3,
  dataset: idefics-t2
}"
24595,Category,"{
  id: cat-idefics-bmi_cat_COLE_12_T2--2,
  label: thinness grade 2: 16 ? BMI < 17,
  value: -2,
  dataset: idefics-t2
}"
24596,Category,"{
  id: cat-idefics-bmi_cat_COLE_12_T2--1,
  label: thinness grade 1: 17 ? BMI < 18.5,
  value: -1,
  dataset: idefics-t2
}"
24597,Category,"{
  id: cat-idefics-bmi_cat_COLE_12_T2-,
  label: normal weight: 18.5 ? BMI < 25,
  value: ,
  dataset: idefics-t2
}"
24598,Category,"{
  id: cat-idefics-bmi_cat_COLE_12_T2-1,
  label: overweight: 25 ? BMI < 30,
  value: 1,
  dataset: idefics-t2
}"
24599,Category,"{
  id: cat-idefics-bmi_cat_COLE_12_T2-2,
  label: obese: 30 ? BMI,
  value: 2,
  dataset: idefics-t2
}"
24600,Category,"{
  id: cat-idefics-bmi_cat_COLE_T2-_,
  label: missing,
  value: .,
  dataset: idefics-t2
}"
24601,Category,"{
  id: cat-idefics-bmi_cat_COLE_T2--3,
  label: thinness grade 3: BMI < 16,
  value: -3,
  dataset: idefics-t2
}"
24602,Category,"{
  id: cat-idefics-bmi_cat_COLE_T2--2,
  label: thinness grade 2: 16 ? BMI < 17,
  value: -2,
  dataset: idefics-t2
}"
24603,Category,"{
  id: cat-idefics-bmi_cat_COLE_T2--1,
  label: thinness grade 1: 17 ? BMI < 18.5,
  value: -1,
  dataset: idefics-t2
}"
24604,Category,"{
  id: cat-idefics-bmi_cat_COLE_T2-,
  label: normal weight: 18.5 ? BMI < 25,
  value: ,
  dataset: idefics-t2
}"
24605,Category,"{
  id: cat-idefics-bmi_cat_COLE_T2-1,
  label: overweight: 25 ? BMI < 30,
  value: 1,
  dataset: idefics-t2
}"
24606,Category,"{
  id: cat-idefics-bmi_cat_COLE_T2-2,
  label: obese: 30 ? BMI,
  value: 2,
  dataset: idefics-t2
}"
24607,Category,"{
  id: cat-idefics-bmi_cat_WHO_5years_T2-_,
  label: missing,
  value: .,
  dataset: idefics-t2
}"
24608,Category,"{
  id: cat-idefics-bmi_cat_WHO_5years_T2--3,
  label: thinness grade 3: BMI < 16,
  value: -3,
  dataset: idefics-t2
}"
24609,Category,"{
  id: cat-idefics-bmi_cat_WHO_5years_T2--2,
  label: thinness grade 2: 16 ? BMI < 17,
  value: -2,
  dataset: idefics-t2
}"
24610,Category,"{
  id: cat-idefics-bmi_cat_WHO_5years_T2--1,
  label: thinness grade 1: 17 ? BMI < 18.5,
  value: -1,
  dataset: idefics-t2
}"
24611,Category,"{
  id: cat-idefics-bmi_cat_WHO_5years_T2-,
  label: normal weight: 18.5 ? BMI < 25,
  value: ,
  dataset: idefics-t2
}"
24612,Category,"{
  id: cat-idefics-bmi_cat_WHO_5years_T2-1,
  label: overweight: 25 ? BMI < 30,
  value: 1,
  dataset: idefics-t2
}"
24613,Category,"{
  id: cat-idefics-bmi_cat_WHO_5years_T2-2,
  label: obese: 30 ? BMI,
  value: 2,
  dataset: idefics-t2
}"
24614,Category,"{
  id: cat-idefics-bmi_cat2_CDC_T2-_,
  label: missing,
  value: .,
  dataset: idefics-t2
}"
24615,Category,"{
  id: cat-idefics-bmi_cat2_CDC_T2--2,
  label: underweight: cdf ? 0.05,
  value: -2,
  dataset: idefics-t2
}"
24616,Category,"{
  id: cat-idefics-bmi_cat2_CDC_T2--1,
  label: risk for underweight: 0.05 < cdf ?0.15,
  value: -1,
  dataset: idefics-t2
}"
24617,Category,"{
  id: cat-idefics-bmi_cat2_CDC_T2-,
  label: normal weight: 0.15 < cdf <0.85,
  value: ,
  dataset: idefics-t2
}"
24618,Category,"{
  id: cat-idefics-bmi_cat2_CDC_T2-1,
  label: risk for overweight: 0.85 ? cdf < 0.95,
  value: 1,
  dataset: idefics-t2
}"
24619,Category,"{
  id: cat-idefics-bmi_cat2_CDC_T2-2,
  label: overweight: 0.95 ? cdf,
  value: 2,
  dataset: idefics-t2
}"
24620,Category,"{
  id: cat-idefics-CC_Insulin_T2-_,
  label: Not included,
  value: .,
  dataset: idefics-t2
}"
24621,Category,"{
  id: cat-idefics-CC_Insulin_T2-,
  label: Control,
  value: ,
  dataset: idefics-t2
}"
24622,Category,"{
  id: cat-idefics-CC_Insulin_T2-1,
  label: Case,
  value: 1,
  dataset: idefics-t2
}"
24623,Category,"{
  id: cat-idefics-CC_Obesity_T2-_,
  label: Not included,
  value: .,
  dataset: idefics-t2
}"
24624,Category,"{
  id: cat-idefics-CC_Obesity_T2-,
  label: Control,
  value: ,
  dataset: idefics-t2
}"
24625,Category,"{
  id: cat-idefics-CC_Obesity_T2-1,
  label: Case,
  value: 1,
  dataset: idefics-t2
}"
24626,Category,"{
  id: cat-idefics-CC_Stiffness_T2-_,
  label: Not included,
  value: .,
  dataset: idefics-t2
}"
24627,Category,"{
  id: cat-idefics-CC_Stiffness_T2-,
  label: Control,
  value: ,
  dataset: idefics-t2
}"
24628,Category,"{
  id: cat-idefics-CC_Stiffness_T2-1,
  label: Case,
  value: 1,
  dataset: idefics-t2
}"
24629,Category,"{
  id: cat-idefics-contr_interv_T2-_,
  label: Missing,
  value: .,
  dataset: idefics-t2
}"
24630,Category,"{
  id: cat-idefics-contr_interv_T2-1,
  label: Intervention region,
  value: 1,
  dataset: idefics-t2
}"
24631,Category,"{
  id: cat-idefics-contr_interv_T2-2,
  label: Control region,
  value: 2,
  dataset: idefics-t2
}"
24632,Category,"{
  id: cat-idefics-country_T2-1,
  label: ITA,
  value: 1,
  dataset: idefics-t2
}"
24633,Category,"{
  id: cat-idefics-country_T2-2,
  label: EST,
  value: 2,
  dataset: idefics-t2
}"
24634,Category,"{
  id: cat-idefics-country_T2-3,
  label: CYP,
  value: 3,
  dataset: idefics-t2
}"
24635,Category,"{
  id: cat-idefics-country_T2-4,
  label: BEL,
  value: 4,
  dataset: idefics-t2
}"
24636,Category,"{
  id: cat-idefics-country_T2-5,
  label: POL,
  value: 5,
  dataset: idefics-t2
}"
24637,Category,"{
  id: cat-idefics-country_T2-6,
  label: SWE,
  value: 6,
  dataset: idefics-t2
}"
24638,Category,"{
  id: cat-idefics-country_T2-7,
  label: GER,
  value: 7,
  dataset: idefics-t2
}"
24639,Category,"{
  id: cat-idefics-country_T2-8,
  label: HUN,
  value: 8,
  dataset: idefics-t2
}"
24640,Category,"{
  id: cat-idefics-country_T2-9,
  label: ESP,
  value: 9,
  dataset: idefics-t2
}"
24641,Category,"{
  id: cat-idefics-country_T2-11,
  label: ITA,
  value: 11,
  dataset: idefics-t2
}"
24642,Category,"{
  id: cat-idefics-country_T2-12,
  label: EST,
  value: 12,
  dataset: idefics-t2
}"
24643,Category,"{
  id: cat-idefics-country_T2-13,
  label: CYP,
  value: 13,
  dataset: idefics-t2
}"
24644,Category,"{
  id: cat-idefics-country_T2-14,
  label: BEL,
  value: 14,
  dataset: idefics-t2
}"
24645,Category,"{
  id: cat-idefics-country_T2-15,
  label: POL,
  value: 15,
  dataset: idefics-t2
}"
24646,Category,"{
  id: cat-idefics-country_T2-16,
  label: SWE,
  value: 16,
  dataset: idefics-t2
}"
24647,Category,"{
  id: cat-idefics-country_T2-17,
  label: GER,
  value: 17,
  dataset: idefics-t2
}"
24648,Category,"{
  id: cat-idefics-country_T2-18,
  label: HUN,
  value: 18,
  dataset: idefics-t2
}"
24649,Category,"{
  id: cat-idefics-country_T2-19,
  label: ESP,
  value: 19,
  dataset: idefics-t2
}"
24650,Category,"{
  id: cat-idefics-ex_in_T2-_,
  label: No or missing,
  value: .,
  dataset: idefics-t2
}"
24651,Category,"{
  id: cat-idefics-ex_in_T2-1,
  label: Yes,
  value: 1,
  dataset: idefics-t2
}"
24652,Category,"{
  id: cat-idefics-FV_2_T2-_,
  label: Missing,
  value: .,
  dataset: idefics-t2
}"
24653,Category,"{
  id: cat-idefics-gwas_in_T2-_,
  label: No or missing,
  value: .,
  dataset: idefics-t2
}"
24654,Category,"{
  id: cat-idefics-gwas_in_T2-1,
  label: Yes,
  value: 1,
  dataset: idefics-t2
}"
24655,Category,"{
  id: cat-idefics-Height_cat_T2-_,
  label: missing,
  value: .,
  dataset: idefics-t2
}"
24656,Category,"{
  id: cat-idefics-Height_cat_T2-,
  label: normal height: cdf < 0.90,
  value: ,
  dataset: idefics-t2
}"
24657,Category,"{
  id: cat-idefics-Height_cat_T2-1,
  label: large: 0.90 ? cdf < 0.95,
  value: 1,
  dataset: idefics-t2
}"
24658,Category,"{
  id: cat-idefics-Height_cat_T2-2,
  label: extra large: 0.95 ? cdf,
  value: 2,
  dataset: idefics-t2
}"
24659,Category,"{
  id: cat-idefics-LEIS_ACTIV_T2-_,
  label: Missing,
  value: .,
  dataset: idefics-t2
}"
24660,Category,"{
  id: cat-idefics-PHYS_ACTIV_T2-_,
  label: Missing,
  value: .,
  dataset: idefics-t2
}"
24661,Category,"{
  id: cat-idefics-pq_in_T2-_,
  label: No or missing,
  value: .,
  dataset: idefics-t2
}"
24662,Category,"{
  id: cat-idefics-pq_in_T2-1,
  label: Yes,
  value: 1,
  dataset: idefics-t2
}"
24663,Category,"{
  id: cat-idefics-sex_child_T2-_,
  label: Missing,
  value: .,
  dataset: idefics-t2
}"
24664,Category,"{
  id: cat-idefics-sex_child_T2-,
  label: Missing sex,
  value: ,
  dataset: idefics-t2
}"
24665,Category,"{
  id: cat-idefics-sex_child_T2-1,
  label: Male,
  value: 1,
  dataset: idefics-t2
}"
24666,Category,"{
  id: cat-idefics-sex_child_T2-2,
  label: Female,
  value: 2,
  dataset: idefics-t2
}"
24667,Category,"{
  id: cat-idefics-sex_child_T2-3,
  label: Both,
  value: 3,
  dataset: idefics-t2
}"
24668,Category,"{
  id: cat-idefics-sex_child_T2-9,
  label: not specified,
  value: 9,
  dataset: idefics-t2
}"
24669,Category,"{
  id: cat-idefics-waist_cat_CDC_T2--3,
  label: cdf <= 0.10,
  value: -3,
  dataset: idefics-t2
}"
24670,Category,"{
  id: cat-idefics-waist_cat_CDC_T2--2,
  label: 0.10 < cdf <= 0.15,
  value: -2,
  dataset: idefics-t2
}"
24671,Category,"{
  id: cat-idefics-waist_cat_CDC_T2--1,
  label: 0.15 < cdf <= 0.25,
  value: -1,
  dataset: idefics-t2
}"
24672,Category,"{
  id: cat-idefics-waist_cat_CDC_T2-,
  label: 0.25 < cdf <= 0.75,
  value: ,
  dataset: idefics-t2
}"
24673,Category,"{
  id: cat-idefics-waist_cat_CDC_T2-1,
  label: 0.75 <= cdf <= 0.85,
  value: 1,
  dataset: idefics-t2
}"
24674,Category,"{
  id: cat-idefics-waist_cat_CDC_T2-2,
  label: 0.85 <= cdf <= 0.90,
  value: 2,
  dataset: idefics-t2
}"
24675,Category,"{
  id: cat-idefics-waist_cat_CDC_T2-3,
  label: 0.90 <= cdf,
  value: 3,
  dataset: idefics-t2
}"
27972,Dataset,"{
  lastUpdated: 2026-04-27,
  sampledVariables: 950,
  name: SHIP-START Data Dictionary,
  format: XLSX,
  fullName: Data Dictionary of the Study of Health in Pomerania (SHIP) - START,
  totalCategories: 152248,
  language: DE, EN,
  totalVariables: 30748,
  id: nfdi4health-3604,
  type: Data dictionary,
  hshUrl: https://health-study-hub.de/resource/nfdi4health-3604
}"
27973,Study,"{
  entityType: Participant,
  name: SHIP-START,
  fullName: Study of Health in Pomerania - START,
  id: ship-start,
  collection: SHIP - Study of Health in Pomerania
}"
27974,Person,"{
  role: Contact/Creator,
  name: Carsten Oliver Schmidt,
  orcid: 0000-0001-5266-9396,
  id: schmidt-carsten,
  email: carsten.schmidt@uni-greifswald.de
}"
27975,Institution,"{
  ror: 00r1edq15,
  name: Institute for Community Medicine,
  fullName: Institute for Community Medicine University of Greifswald,
  id: uni-greifswald-icm
}"
27976,Area,"{
  name: Life events plans beliefs,
  id: area-ship-life_events_plans_beliefs,
  totalCount: 2281,
  dataset: ship-start,
  sampledCount: 50
}"
27977,Area,"{
  name: Administrative information,
  id: area-ship-administrative_information,
  totalCount: 2788,
  dataset: ship-start,
  sampledCount: 50
}"
27978,Area,"{
  name: Physical measures,
  id: area-ship-physical_measures,
  totalCount: 14152,
  dataset: ship-start,
  sampledCount: 50
}"
27979,Area,"{
  name: Diseases,
  id: area-ship-diseases,
  totalCount: 7357,
  dataset: ship-start,
  sampledCount: 50
}"
27980,Area,"{
  name: Health status functional limitations,
  id: area-ship-health_status_functional_limitations,
  totalCount: 403,
  dataset: ship-start,
  sampledCount: 50
}"
27981,Area,"{
  name: Non pharmacological interventions,
  id: area-ship-non_pharmacological_interventions,
  totalCount: 368,
  dataset: ship-start,
  sampledCount: 50
}"
27982,Area,"{
  name: Reproduction,
  id: area-ship-reproduction,
  totalCount: 299,
  dataset: ship-start,
  sampledCount: 50
}"
27983,Area,"{
  name: Medication supplements,
  id: area-ship-medication_supplements,
  totalCount: 436,
  dataset: ship-start,
  sampledCount: 50
}"
27984,Area,"{
  name: Cognitive psychological measures,
  id: area-ship-cognitive_psychological_measures,
  totalCount: 986,
  dataset: ship-start,
  sampledCount: 50
}"
27985,Area,"{
  name: Social environment,
  id: area-ship-social_environment,
  totalCount: 1071,
  dataset: ship-start,
  sampledCount: 50
}"
27986,Area,"{
  name: Preschool school work,
  id: area-ship-preschool_school_work,
  totalCount: 557,
  dataset: ship-start,
  sampledCount: 50
}"
27987,Area,"{
  name: Sociodemographic economic characteristics,
  id: area-ship-sociodemographic_economic_characteristics,
  totalCount: 940,
  dataset: ship-start,
  sampledCount: 50
}"
27988,Area,"{
  name: Lifestyle behaviours,
  id: area-ship-lifestyle_behaviours,
  totalCount: 645,
  dataset: ship-start,
  sampledCount: 50
}"
27989,Area,"{
  name: Laboratory measures,
  id: area-ship-laboratory_measures,
  totalCount: 547,
  dataset: ship-start,
  sampledCount: 50
}"
27990,Area,"{
  name: End of life,
  id: area-ship-end_of_life,
  totalCount: 14,
  dataset: ship-start,
  sampledCount: 14
}"
27991,Area,"{
  name: Physical environment,
  id: area-ship-physical_environment,
  totalCount: 160,
  dataset: ship-start,
  sampledCount: 50
}"
27992,Area,"{
  name: Health community care utilization,
  id: area-ship-health_community_care_utilization,
  totalCount: 412,
  dataset: ship-start,
  sampledCount: 50
}"
27993,Area,"{
  name: Symptoms signs,
  id: area-ship-symptoms_signs,
  totalCount: 426,
  dataset: ship-start,
  sampledCount: 50
}"
27994,Area,"{
  name: Dis,
  id: area-ship-dis,
  totalCount: 2,
  dataset: ship-start,
  sampledCount: 2
}"
27995,Variable,"{
  label_de: Lebensbereich 11-15,
  valueType: integer,
  name: sl.o74lb2,
  id: var-ship-sl_o74lb2,
  label: Life area 11-15,
  source: Questionnaire,
  dataset: ship-start,
  target: Participant
}"
27996,Variable,"{
  label_de: Lebensbereich 71-75,
  valueType: integer,
  name: sl.o74lb14,
  id: var-ship-sl_o74lb14,
  label: Life range 71-75,
  source: Questionnaire,
  dataset: ship-start,
  target: Participant
}"
27997,Variable,"{
  label_de: Lebensbereich 5-10,
  valueType: integer,
  name: sl.o74lb1,
  id: var-ship-sl_o74lb1,
  label: Life area 5-10,
  source: Questionnaire,
  dataset: ship-start,
  target: Participant
}"
27998,Variable,"{
  label_de: Lebensbereich 76-80,
  valueType: integer,
  name: sl.o74lb15,
  id: var-ship-sl_o74lb15,
  label: Life range 76-80,
  source: Questionnaire,
  dataset: ship-start,
  target: Participant
}"
27999,Variable,"{
  label_de: Lebensbereich 21-25,
  valueType: integer,
  name: sl.o74lb4,
  id: var-ship-sl_o74lb4,
  label: Life area 21-25,
  source: Questionnaire,
  dataset: ship-start,
  target: Participant
}"
28000,Variable,"{
  label_de: Lebensbereich 81-85,
  valueType: integer,
  name: sl.o74lb16,
  id: var-ship-sl_o74lb16,
  label: Life area 81-85,
  source: Questionnaire,
  dataset: ship-start,
  target: Participant
}"
28001,Variable,"{
  label_de: Lebensbereich 16-20,
  valueType: integer,
  name: sl.o74lb3,
  id: var-ship-sl_o74lb3,
  label: Life area 16-20,
  source: Questionnaire,
  dataset: ship-start,
  target: Participant
}"
28002,Variable,"{
  label_de: Lebensbereich 46-50,
  valueType: integer,
  name: sl.o74lb9,
  id: var-ship-sl_o74lb9,
  label: Life area 46-50,
  source: Questionnaire,
  dataset: ship-start,
  target: Participant
}"
28003,Variable,"{
  label_de: Lebensbereich 31-35,
  valueType: integer,
  name: sl.o74lb6,
  id: var-ship-sl_o74lb6,
  label: Life range 31-35,
  source: Questionnaire,
  dataset: ship-start,
  target: Participant
}"
28004,Variable,"{
  label_de: Lebensbereich 26-30,
  valueType: integer,
  name: sl.o74lb5,
  id: var-ship-sl_o74lb5,
  label: Life range 26-30,
  source: Questionnaire,
  dataset: ship-start,
  target: Participant
}"
28005,Variable,"{
  label_de: Lebensbereich 41-45,
  valueType: integer,
  name: sl.o74lb8,
  id: var-ship-sl_o74lb8,
  label: Life area 41-45,
  source: Questionnaire,
  dataset: ship-start,
  target: Participant
}"
28006,Variable,"{
  label_de: Lebensbereich 36-40,
  valueType: integer,
  name: sl.o74lb7,
  id: var-ship-sl_o74lb7,
  label: Life range 36-40,
  source: Questionnaire,
  dataset: ship-start,
  target: Participant
}"
28007,Variable,"{
  label_de: Lebensbereich 51-55,
  valueType: integer,
  name: sl.o74lb10,
  id: var-ship-sl_o74lb10,
  label: Life area 51-55,
  source: Questionnaire,
  dataset: ship-start,
  target: Participant
}"
28008,Variable,"{
  label_de: Lebensbereich 56-60,
  valueType: integer,
  name: sl.o74lb11,
  id: var-ship-sl_o74lb11,
  label: Life range 56-60,
  source: Questionnaire,
  dataset: ship-start,
  target: Participant
}"
28009,Variable,"{
  label_de: Lebensbereich 61-65,
  valueType: integer,
  name: sl.o74lb12,
  id: var-ship-sl_o74lb12,
  label: Life range 61-65,
  source: Questionnaire,
  dataset: ship-start,
  target: Participant
}"
28010,Variable,"{
  label_de: Lebensbereich 66-70,
  valueType: integer,
  name: sl.o74lb13,
  id: var-ship-sl_o74lb13,
  label: Life range 66-70,
  source: Questionnaire,
  dataset: ship-start,
  target: Participant
}"
28011,Variable,"{
  label_de: In welchem Lebensabschnitt hatte dieses Ereignis für Sie die größte Bedeutung?,
  valueType: integer,
  name: sl.o74lbw,
  id: var-ship-sl_o74lbw,
  label: At what stage of life did this event have the most significance for you?,
  source: Questionnaire,
  dataset: ship-start,
  target: Participant
}"
28012,Variable,"{
  label_de: Bewertung damals SDE,
  valueType: integer,
  name: sl.h5bdsde,
  id: var-ship-sl_h5bdsde,
  label: Rating at that time SDE,
  source: Questionnaire,
  dataset: ship-start,
  target: Participant
}"
28013,Variable,"{
  label_de: Bewertung damals 12,
  valueType: integer,
  name: sl.u78bd12,
  id: var-ship-sl_u78bd12,
  label: Rating at that time 12,
  source: Questionnaire,
  dataset: ship-start,
  target: Participant
}"
28014,Variable,"{
  label_de: Dauer bis heute 1SuD,
  valueType: integer,
  name: sl.d57d1nd,
  id: var-ship-sl_d57d1nd,
  label: Duration to date 1SuD,
  source: Questionnaire,
  dataset: ship-start,
  target: Participant
}"
28015,Variable,"{
  label_de: Anzahl der Ereignisse 12 LT,
  valueType: integer,
  name: sl.k24a12,
  id: var-ship-sl_k24a12,
  label: Number of events 12 LT,
  source: Questionnaire,
  dataset: ship-start,
  target: Other
}"
28016,Variable,"{
  label_de: Dauer bis heute ZE,
  valueType: integer,
  name: sl.g66dze,
  id: var-ship-sl_g66dze,
  label: Duration until today ZE,
  source: Questionnaire,
  dataset: ship-start,
  target: Participant
}"
28017,Variable,"{
  label_de: Bewertung heute 1DE,
  valueType: integer,
  name: sl.t72bh1de,
  id: var-ship-sl_t72bh1de,
  label: Rating today 1DE,
  source: Questionnaire,
  dataset: ship-start,
  target: Participant
}"
28018,Variable,"{
  label_de: Bewertung damals 12,
  valueType: integer,
  name: sl.w54bd12,
  id: var-ship-sl_w54bd12,
  label: Evaluation at that time 12,
  source: Questionnaire,
  dataset: ship-start,
  target: Participant
}"
28019,Variable,"{
  label_de: Anzahl der Ereignisse 5J,
  valueType: integer,
  name: sl.k24a5j,
  id: var-ship-sl_k24a5j,
  label: Number of events 5J,
  source: Questionnaire,
  dataset: ship-start,
  target: Other
}"
28020,Variable,"{
  label_de: Seit diesem Ereignis fühlen Sie sich anderen gegenüber entfremdet oder wie von i,
  valueType: integer,
  name: s1.ptsdc_5,
  id: var-ship-s1_ptsdc_5,
  label: Since this incident you feel estranged from others or isolated?,
  source: Questionnaire,
  dataset: ship-start,
  target: Participant
}"
28021,Variable,"{
  label_de: Seit diesem Ereignis fühlen Sie sich abgestumpft, so dass Sie keine starken Gefü,
  valueType: integer,
  name: s1.ptsdc_6,
  id: var-ship-s1_ptsdc_6,
  label: Since this incident you feel insensitive and you are unable to have strong feeli,
  source: Questionnaire,
  dataset: ship-start,
  target: Participant
}"
28022,Variable,"{
  label_de: Seit diesem Ereignis haben Sie eine Veränderung bei sich bemerkt, in der Art und,
  valueType: integer,
  name: s1.ptsdc_7,
  id: var-ship-s1_ptsdc_7,
  label: Since this incident you have recognized a change in the way you see and plan you,
  source: Questionnaire,
  dataset: ship-start,
  target: Participant
}"
28023,Variable,"{
  label_de: Seit diesem Ereignis vermeiden Sie es bewusst, über dieses nachzudenken oder dar,
  valueType: integer,
  name: s1.ptsdc_1,
  id: var-ship-s1_ptsdc_1,
  label: Since this incident you avoid to think or talk about it?,
  source: Questionnaire,
  dataset: ship-start,
  target: Participant
}"
28024,Variable,"{
  label_de: Seit diesem Ereignis halten Sie sich von Dingen und Menschen fern, die Sie daran,
  valueType: integer,
  name: s1.ptsdc_2,
  id: var-ship-s1_ptsdc_2,
  label: Since this incident you avoid people or things reminding you of it?,
  source: Questionnaire,
  dataset: ship-start,
  target: Participant
}"
28025,Variable,"{
  label_de: Seit diesem Ereignis haben Sie Schwierigkeiten, sich an bestimmte wichtige Einze,
  valueType: integer,
  name: s1.ptsdc_3,
  id: var-ship-s1_ptsdc_3,
  label: Since this incident you have difficulties to remember details of it?,
  source: Questionnaire,
  dataset: ship-start,
  target: Participant
}"
28026,Variable,"{
  label_de: Seit diesem Ereignis haben Sie weniger Interesse an Dingen, die Ihnen früher etw,
  valueType: integer,
  name: s1.ptsdc_4,
  id: var-ship-s1_ptsdc_4,
  label: Since this incident you are less interested in things that earlier have been imp,
  source: Questionnaire,
  dataset: ship-start,
  target: Participant
}"
28027,Variable,"{
  label_de: Bewertung damals 5J,
  valueType: integer,
  name: sl.u78bd5j,
  id: var-ship-sl_u78bd5j,
  label: Valuation then 5J,
  source: Questionnaire,
  dataset: ship-start,
  target: Participant
}"
28028,Variable,"{
  label_de: Anzahl der Ereignisse IPA -,
  valueType: integer,
  name: sl.g62apam,
  id: var-ship-sl_g62apam,
  label: Number of events IPA -,
  source: Questionnaire,
  dataset: ship-start,
  target: Participant
}"
28029,Variable,"{
  label_de: Anzahl der Ereignisse IPA +,
  valueType: integer,
  name: sl.g62apap,
  id: var-ship-sl_g62apap,
  label: Number of events IPA +,
  source: Questionnaire,
  dataset: ship-start,
  target: Participant
}"
28030,Variable,"{
  label_de: Anzahl der Ereignisse 12 LT,
  valueType: integer,
  name: sl.g64a12,
  id: var-ship-sl_g64a12,
  label: Number of events 12 LT,
  source: Questionnaire,
  dataset: ship-start,
  target: Participant
}"
28031,Variable,"{
  label_de: Bewertung damals 1DE,
  valueType: integer,
  name: sl.u78bd1de,
  id: var-ship-sl_u78bd1de,
  label: Rating at that time 1DE,
  source: Questionnaire,
  dataset: ship-start,
  target: Participant
}"
28032,Variable,"{
  label_de: Bewertung heute ZE,
  valueType: integer,
  name: sl.d58bhze,
  id: var-ship-sl_d58bhze,
  label: Valuation today ZE,
  source: Questionnaire,
  dataset: ship-start,
  target: Participant
}"
28033,Variable,"{
  label_de: Dauer bis heute 1DE,
  valueType: integer,
  name: sl.d57d1de,
  id: var-ship-sl_d57d1de,
  label: Duration until today 1DE,
  source: Questionnaire,
  dataset: ship-start,
  target: Participant
}"
28034,Variable,"{
  label_de: Bewertung damals 1DE,
  valueType: integer,
  name: sl.r80bd1de,
  id: var-ship-sl_r80bd1de,
  label: Evaluation at that time 1DE,
  source: Questionnaire,
  dataset: ship-start,
  target: Participant
}"
28035,Variable,"{
  label_de: Dauer bis heute 5J,
  valueType: integer,
  name: sl.h3d5j,
  id: var-ship-sl_h3d5j,
  label: Duration to date 5Y,
  source: Questionnaire,
  dataset: ship-start,
  target: Participant
}"
28036,Variable,"{
  label_de: Bewertung heute 1SuD,
  valueType: integer,
  name: sl.d60bh1nd,
  id: var-ship-sl_d60bh1nd,
  label: Evaluation today 1SuD,
  source: Questionnaire,
  dataset: ship-start,
  target: Participant
}"
28037,Variable,"{
  label_de: Bewertung damals SDE,
  valueType: integer,
  name: sl.t73bdsde,
  id: var-ship-sl_t73bdsde,
  label: Rating at that time SDE,
  source: Questionnaire,
  dataset: ship-start,
  target: Participant
}"
28038,Variable,"{
  label_de: Wann hatten Sie zum letzten Mal die eben besprochenen Beschwerden?,
  valueType: decimal,
  name: s1.ptsdd_8,
  id: var-ship-s1_ptsdd_8,
  label: When did you have these complaints the last time?,
  source: Questionnaire,
  dataset: ship-start,
  target: Participant
}"
28039,Variable,"{
  label_de: Wenn sich aus den vorangegangenen Fragen die Dauer der Symptomatik nicht ableite,
  valueType: decimal,
  name: s1.ptsdd_9,
  id: var-ship-s1_ptsdd_9,
  label: If you are not able to deduce the duration of the symptomatology from the previo,
  source: Questionnaire,
  dataset: ship-start,
  target: Participant
}"
28040,Variable,"{
  label_de: Seit diesem Ereignis sind Sie besonders nervös, angespannt und immer auf der Hut,
  valueType: integer,
  name: s1.ptsdd_4,
  id: var-ship-s1_ptsdd_4,
  label: Since this incident you are especially nervous, tense and always on your guard, ,
  source: Questionnaire,
  dataset: ship-start,
  target: Participant
}"
28041,Variable,"{
  label_de: Seit diesem Ereignis sind Sie extrem schreckhaft, z.B. bei plötzlichen Geräusche,
  valueType: integer,
  name: s1.ptsdd_5,
  id: var-ship-s1_ptsdd_5,
  label: Since this incident you are extremely easily startled, e.g. on sudden noises?,
  source: Questionnaire,
  dataset: ship-start,
  target: Participant
}"
28042,Variable,"{
  label_de: Wie alt waren Sie, als Sie zum ersten Mal die eben besprochenen Beschwerden hatt,
  valueType: decimal,
  name: s1.ptsdd_6,
  id: var-ship-s1_ptsdd_6,
  label: How old have you been when you had the complaints just mentioned for the first t,
  source: Questionnaire,
  dataset: ship-start,
  target: Participant
}"
28043,Variable,"{
  label_de: Hatten Sie während des vergangenen Monats die eben besprochenen Beschwerden?,
  valueType: integer,
  name: s1.ptsdd_7,
  id: var-ship-s1_ptsdd_7,
  label: Did you have these complaints during the last month?,
  source: Questionnaire,
  dataset: ship-start,
  target: Participant
}"
28044,Variable,"{
  label_de: Seit diesem Ereignis haben Sie da Schwierigkeiten, ein- oder durchzuschlafen?,
  valueType: integer,
  name: s1.ptsdd_1,
  id: var-ship-s1_ptsdd_1,
  label: Since this incident you have difficulties to fall asleep?,
  source: Questionnaire,
  dataset: ship-start,
  target: Participant
}"
28045,Variable,"{
  label_de: Verhältnis der optischen Dichte der DNA-Lösung bei 260 und 280 nm,
  valueType: decimal,
  name: s3.stu_dna11,
  id: var-ship-s3_stu_dna11,
  label: STU: relation optical density of DNA solution at 260 and 280 nm,
  source: Questionnaire,
  dataset: ship-start,
  target: Participant
}"
28046,Variable,"{
  label_de: Bemerkungen,
  valueType: text,
  name: s3.stu_dna10,
  id: var-ship-s3_stu_dna10,
  label: STU: comments,
  source: Questionnaire,
  dataset: ship-start,
  target: Participant
}"
28047,Variable,"{
  label_de: Gibt es Besonderheiten,
  valueType: integer,
  name: s3.stu_dna09,
  id: var-ship-s3_stu_dna09,
  label: STU: Are there any special features?,
  source: Questionnaire,
  dataset: ship-start,
  target: Participant
}"
28048,Variable,"{
  label_de: DNA abgegeben an Kooperationspartner,
  valueType: integer,
  name: s3.stu_dna08,
  id: var-ship-s3_stu_dna08,
  label: STU: DNA given to collaborator,
  source: Questionnaire,
  dataset: ship-start,
  target: Participant
}"
28049,Variable,"{
  label_de: Lagerungsort,
  valueType: integer,
  name: s3.stu_dna07,
  id: var-ship-s3_stu_dna07,
  label: STU: location of storage,
  source: Questionnaire,
  dataset: ship-start,
  target: Participant
}"
28050,Variable,"{
  label_de: Extraktion fehlgeschlagen,
  valueType: integer,
  name: s3.stu_dna06,
  id: var-ship-s3_stu_dna06,
  label: STU: extraction failed,
  source: Questionnaire,
  dataset: ship-start,
  target: Participant
}"
28051,Variable,"{
  label_de: Gewonnene DNA (µl),
  valueType: decimal,
  name: s3.stu_dna05,
  id: var-ship-s3_stu_dna05,
  label: STU: amount of extracted DNA (µl),
  source: Questionnaire,
  dataset: ship-start,
  target: Participant
}"
28052,Variable,"{
  label_de: Gewonnene DNA-Konzentration (µg/ml),
  valueType: decimal,
  name: s3.stu_dna04,
  id: var-ship-s3_stu_dna04,
  label: STU: concentration of extracted DNA (µg/ml),
  source: Questionnaire,
  dataset: ship-start,
  target: Participant
}"
28053,Variable,"{
  label_de: DNA aus Stuhl extrahiert,
  valueType: integer,
  name: s3.stu_dna03,
  id: var-ship-s3_stu_dna03,
  label: STU: DNA extracted from stool,
  source: Questionnaire,
  dataset: ship-start,
  target: Participant
}"
28054,Variable,"{
  label_de: Untersuchungsdatum,
  valueType: datetime,
  name: s3.stu_dna02,
  id: var-ship-s3_stu_dna02,
  label: STU: date of examination,
  source: Questionnaire,
  dataset: ship-start,
  target: Participant
}"
28055,Variable,"{
  label_de: Untersucher,
  valueType: integer,
  name: s3.stu_dna01,
  id: var-ship-s3_stu_dna01,
  label: STU: examiner,
  source: Questionnaire,
  dataset: ship-start,
  target: Other
}"
28056,Variable,"{
  label_de: Nasenabstrich,
  valueType: integer,
  name: s2.swb_nase,
  id: var-ship-s2_swb_nase,
  label: swabs: nose swab,
  source: Questionnaire,
  dataset: ship-start,
  target: Participant
}"
28057,Variable,"{
  label_de: Kommentar,
  valueType: decimal,
  name: s2.mrt_fau_bem,
  id: var-ship-s2_mrt_fau_bem,
  label: comment,
  source: Questionnaire,
  dataset: ship-start,
  target: Participant
}"
28058,Variable,"{
  label_de: Body/Spiro Welcher sonstige Grund?,
  valueType: text,
  name: s3.luf_bod_grund_note,
  id: var-ship-s3_luf_bod_grund_note,
  label: Body/Spiro Which other reason?,
  source: Questionnaire,
  dataset: ship-start,
  target: Participant
}"
28059,Variable,"{
  label_de: Bilddaten vorhanden,
  valueType: decimal,
  name: s2.mrt_roehre_bild,
  id: var-ship-s2_mrt_roehre_bild,
  label: image files available,
  source: Questionnaire,
  dataset: ship-start,
  target: Participant
}"
28060,Variable,"{
  label_de: Echokardio: Welche Besonderheiten,
  valueType: text,
  name: s0.ech_note,
  id: var-ship-s0_ech_note,
  label: Echo: What Particularities,
  source: Questionnaire,
  dataset: ship-start,
  target: Participant
}"
28061,Variable,"{
  label_de: ELA: Gerätenummer,
  valueType: integer,
  name: s2.ela_gid,
  id: var-ship-s2_ela_gid,
  label: ELA: instrument,
  source: Questionnaire,
  dataset: ship-start,
  target: Participant
}"
28062,Variable,"{
  label_de: Besonderheiten?,
  valueType: decimal,
  name: s2.mrt_aor_beso,
  id: var-ship-s2_mrt_aor_beso,
  label: Special info?,
  source: Questionnaire,
  dataset: ship-start,
  target: Participant
}"
28063,Variable,"{
  label_de: Eingabeassistent Reading,
  valueType: integer,
  name: s2.spi_eingabe,
  id: var-ship-s2_spi_eingabe,
  label: SPIRO: input assistant reading,
  source: Questionnaire,
  dataset: ship-start,
  target: Participant
}"
28064,Variable,"{
  label_de: Nr. 0131 : ABL: Wartezeit vor Med-U1 [Minuten],
  valueType: decimal,
  name: s1.med1wait,
  id: var-ship-s1_med1wait,
  label: No. 0131 : ABL: Waiting time before Med-U1 [minutes],
  source: Questionnaire,
  dataset: ship-start,
  target: Participant
}"
28065,Variable,"{
  label_de: PAN: Reader,
  valueType: integer,
  name: s2.pan_reader,
  id: var-ship-s2_pan_reader,
  label: PAN: reader,
  source: Questionnaire,
  dataset: ship-start,
  target: Other
}"
28066,Variable,"{
  label_de: Einverständnis Abgabe Stuhlprobe,
  valueType: integer,
  name: s4.intro_cons_stuhl,
  id: var-ship-s4_intro_cons_stuhl,
  label: consent stool sample,
  source: Questionnaire,
  dataset: ship-start,
  target: Participant
}"
28067,Variable,"{
  label_de: Untersucher,
  valueType: text,
  name: s3.mrt_cordsi_usnr,
  id: var-ship-s3_mrt_cordsi_usnr,
  label: Examiner,
  source: Questionnaire,
  dataset: ship-start,
  target: Other
}"
28068,Variable,"{
  label_de: DEX: MUCOSA: Beginn Mundschleimhautuntersuchung,
  valueType: datetime,
  name: s1.mmbegin,
  id: var-ship-s1_mmbegin,
  label: DEX: MUCOSA: begin oral mucosa examination,
  source: Questionnaire,
  dataset: ship-start,
  target: Participant
}"
28069,Variable,"{
  label_de: Bildartefakte, die die Beurteilung beeinflussen,
  valueType: integer,
  name: s4.mrt_adhoc_freq,
  id: var-ship-s4_mrt_adhoc_freq,
  label: Were there any image artifacts that affected the assessment?,
  source: Questionnaire,
  dataset: ship-start,
  target: Participant
}"
28070,Variable,"{
  label_de: Ende,
  valueType: datetime,
  name: s4.dex_cmdys_end,
  id: var-ship-s4_dex_cmdys_end,
  label: end,
  source: Questionnaire,
  dataset: ship-start,
  target: Participant
}"
28071,Variable,"{
  label_de: Besonderheiten,
  valueType: integer,
  name: s3.spi_bsnr,
  id: var-ship-s3_spi_bsnr,
  label: special circumstances,
  source: Questionnaire,
  dataset: ship-start,
  target: Participant
}"
28072,Variable,"{
  label_de: Sonstiges,
  valueType: integer,
  name: s3.spi_bsnr_sonst,
  id: var-ship-s3_spi_bsnr_sonst,
  label: miscellaneous,
  source: Questionnaire,
  dataset: ship-start,
  target: Participant
}"
28073,Variable,"{
  label_de: Einverständnis zur Einholung von Daten von Deutsche Rentenversicherung Bund,
  valueType: integer,
  name: s4.fin_rente_info,
  id: var-ship-s4_fin_rente_info,
  label: consent to obtain data from Deutsche Rentenversicherung Bund,
  source: Questionnaire,
  dataset: ship-start,
  target: Participant
}"
28074,Variable,"{
  label_de: TAPSE Merken,
  valueType: decimal,
  name: s2.er_tapse_merk,
  id: var-ship-s2_er_tapse_merk,
  label: TAPSE remember,
  source: Questionnaire,
  dataset: ship-start,
  target: Participant
}"
28075,Variable,"{
  label_de: Somatometr: Untersuchernummer,
  valueType: integer,
  name: s1.som_usnr,
  id: var-ship-s1_som_usnr,
  label: Somatometr: Observer,
  source: Questionnaire,
  dataset: ship-start,
  target: Interviewer
}"
28076,Variable,"{
  label_de: MRT-Untersuchungstag,
  valueType: datetime,
  name: s2.mrt_allg_uday,
  id: var-ship-s2_mrt_allg_uday,
  label: MRI examination day,
  source: Questionnaire,
  dataset: ship-start,
  target: Participant
}"
28077,Variable,"{
  label_de: Körperstammsequenzen vollständig,
  valueType: decimal,
  name: s2.mrt_fau_auf,
  id: var-ship-s2_mrt_fau_auf,
  label: mri fully available,
  source: Questionnaire,
  dataset: ship-start,
  target: Participant
}"
28078,Variable,"{
  label_de: TRAFO: Strata-Sampling Stufe 1,
  valueType: decimal,
  name: s0.strata1,
  id: var-ship-s0_strata1,
  label: TRAFO: Strata sampling step 1,
  source: Questionnaire,
  dataset: ship-start,
  target: Participant
}"
28079,Variable,"{
  label_de: TRAFO: Strata mit n>=10 Sampling Stufe 2,
  valueType: decimal,
  name: s0.strata2,
  id: var-ship-s0_strata2,
  label: TRAFO: strata with n>=10 sampling step 2,
  source: Questionnaire,
  dataset: ship-start,
  target: Participant
}"
28080,Variable,"{
  label_de: Blutabnahme: Schwangerschaftsmonat,
  valueType: decimal,
  name: s1.blt_ssm,
  id: var-ship-s1_blt_ssm,
  label: Blood Sampling: Month of Pregnancy,
  source: Questionnaire,
  dataset: ship-start,
  target: Participant
}"
28081,Variable,"{
  label_de: Blutabnahme: Schwangerschaftswoche,
  valueType: decimal,
  name: s1.blt_ssw,
  id: var-ship-s1_blt_ssw,
  label: Blood Sampling: Week of Pregnancy,
  source: Questionnaire,
  dataset: ship-start,
  target: Participant
}"
28082,Variable,"{
  label_de: Welcher sonstige Grund?,
  valueType: text,
  name: s3.spi_grund_sonst,
  id: var-ship-s3_spi_grund_sonst,
  label: Which other reason?,
  source: Questionnaire,
  dataset: ship-start,
  target: Participant
}"
28083,Variable,"{
  label_de: Bankverbindung erfasst?,
  valueType: integer,
  name: s4.bye_bank,
  id: var-ship-s4_bye_bank,
  label: bank details recorded?,
  source: Questionnaire,
  dataset: ship-start,
  target: Participant
}"
28084,Variable,"{
  label_de: Besonderheiten Zahnersatz,
  valueType: integer,
  name: s4.dex_prosthes_bes,
  id: var-ship-s4_dex_prosthes_bes,
  label: notes dental diagnostic,
  source: Questionnaire,
  dataset: ship-start,
  target: Participant
}"
28085,Variable,"{
  label_de: Untersucher,
  valueType: text,
  name: s3.mrt_corup_usnr,
  id: var-ship-s3_mrt_corup_usnr,
  label: examiner,
  source: Questionnaire,
  dataset: ship-start,
  target: Other
}"
28086,Variable,"{
  label_de: Untersucher,
  valueType: text,
  name: s2.mrt_cartodi_usnr,
  id: var-ship-s2_mrt_cartodi_usnr,
  label: Investigator,
  source: Questionnaire,
  dataset: ship-start,
  target: Other
}"
28087,Variable,"{
  label_de: Sonstiges,
  valueType: integer,
  name: s4.mrt_ges_head_misc,
  id: var-ship-s4_mrt_ges_head_misc,
  label: miscellany,
  source: Questionnaire,
  dataset: ship-start,
  target: Participant
}"
28088,Variable,"{
  label_de: INT: Gab es die Beteiligung eines(r) Betreuers(in),
  valueType: integer,
  name: s1.dritte,
  id: var-ship-s1_dritte,
  label: INT: was a carer involved with answering,
  source: Questionnaire,
  dataset: ship-start,
  target: Participant
}"
28089,Variable,"{
  label_de: Empfehlung:,
  valueType: text,
  name: s3.mrt_ges_neck_sagl_empf,
  id: var-ship-s3_mrt_ges_neck_sagl_empf,
  label: recommendation,
  source: Questionnaire,
  dataset: ship-start,
  target: Participant
}"
28090,Variable,"{
  label_de: schwer schallbar,
  valueType: integer,
  name: s3.sd_bef_schall,
  id: var-ship-s3_sd_bef_schall,
  label: difficult to sonicate,
  source: Questionnaire,
  dataset: ship-start,
  target: Participant
}"
28091,Variable,"{
  label_de: Belastungsdauer,
  valueType: decimal,
  name: s2.bel_dauer,
  id: var-ship-s2_bel_dauer,
  label: SPIRO: duration of exposure,
  source: Questionnaire,
  dataset: ship-start,
  target: Participant
}"
28092,Variable,"{
  label_de: Bilder vorhanden,
  valueType: decimal,
  name: s2.mrt_mamvol_bild,
  id: var-ship-s2_mrt_mamvol_bild,
  label: picture available,
  source: Questionnaire,
  dataset: ship-start,
  target: Participant
}"
28093,Variable,"{
  label_de: Untersucher,
  valueType: text,
  name: s2.mrt_corup_usnr,
  id: var-ship-s2_mrt_corup_usnr,
  label: examiner,
  source: Questionnaire,
  dataset: ship-start,
  target: Other
}"
28094,Variable,"{
  label_de: Qualitätsvariable für die Oberfläche des Transverse temporal gyrus der rechten H,
  valueType: integer,
  name: s2.qc_r_transversetemporal_surfarea,
  id: var-ship-s2_qc_r_transversetemporal_surfarea,
  label: Quality control of the surface area of the Transverse temporal gyrus of the righ,
  source: Questionnaire,
  dataset: ship-start,
  target: Participant
}"
28095,Variable,"{
  label_de: Aortenklappenbefund,
  valueType: integer,
  name: s2.ech_akl,
  id: var-ship-s2_ech_akl,
  label: echo: finding of aortic valve,
  source: Physical_measure,
  dataset: ship-start,
  target: Participant
}"
28096,Variable,"{
  label_de: SCHMORL HWK 4/5,
  valueType: decimal,
  name: s2.mrt_wirb_schhwk45,
  id: var-ship-s2_mrt_wirb_schhwk45,
  label: Schmorl C4/5,
  source: Physical_measure,
  dataset: ship-start,
  target: Participant
}"
28097,Variable,"{
  label_de: Geräusch Öffnen re. r. interm.,
  valueType: integer,
  name: s0.kgorremi,
  id: var-ship-s0_kgorremi,
  label: crepitation on opening, right, intermediate,
  source: Physical_measure,
  dataset: ship-start,
  target: Participant
}"
28098,Variable,"{
  label_de: Sonstiges,
  valueType: integer,
  name: s3.mrt_ges_fgo_misc,
  id: var-ship-s3_mrt_ges_fgo_misc,
  label: miscellany,
  source: Physical_measure,
  dataset: ship-start,
  target: Participant
}"
28099,Variable,"{
  label_de: SCHMORL HWK 3/4,
  valueType: decimal,
  name: s2.mrt_wirb_schhwk34,
  id: var-ship-s2_mrt_wirb_schhwk34,
  label: Schmorl C3/4,
  source: Physical_measure,
  dataset: ship-start,
  target: Participant
}"
28100,Variable,"{
  label_de: Zystische und solide Läsion des Naso-, Oro-, Hypopharynx, Larynx,
  valueType: integer,
  name: s3.mrt_ges_neck_nohl,
  id: var-ship-s3_mrt_ges_neck_nohl,
  label: cystic and solid lesion of naso-, oro-, hypopharynx, larynx,
  source: Physical_measure,
  dataset: ship-start,
  target: Participant
}"
28101,Variable,"{
  label_de: Abgrenzbarkeit Knoten links 3,
  valueType: integer,
  name: s2.kn_3_li_abgrenz,
  id: var-ship-s2_kn_3_li_abgrenz,
  label: thyroid: demarcation node left 3,
  source: Physical_measure,
  dataset: ship-start,
  target: Participant
}"
28102,Variable,"{
  label_de: T2P Circumferencial Strain SAX_MV in % Basal Inferior 4- Mean,
  valueType: decimal,
  name: s2.t2pcs_saxmi_basinf1_m,
  id: var-ship-s2_t2pcs_saxmi_basinf1_m,
  label: T2P Circumferencial Strain SAX_MV in % Basal Inferior 4- Mean,
  source: Physical_measure,
  dataset: ship-start,
  target: Participant
}"
28103,Variable,"{
  label_de: SCHMORL HWK 2/3,
  valueType: decimal,
  name: s2.mrt_wirb_schhwk23,
  id: var-ship-s2_mrt_wirb_schhwk23,
  label: Schmorl C2/3,
  source: Physical_measure,
  dataset: ship-start,
  target: Participant
}"
28104,Variable,"{
  label_de: PETCO2 VE/V02 Nadir,
  valueType: decimal,
  name: s4.spiexp_petco2_ae,
  id: var-ship-s4_spiexp_petco2_ae,
  label: PETCO2 VE/V02 Nadir,
  source: Physical_measure,
  dataset: ship-start,
  target: Participant
}"
28105,Variable,"{
  label_de: Bifurkation links Morphologie,
  valueType: integer,
  name: s2.bifurkation_li_morph,
  id: var-ship-s2_bifurkation_li_morph,
  label: plaque: bifurcation left morphology,
  source: Physical_measure,
  dataset: ship-start,
  target: Participant
}"
28106,Variable,"{
  label_de: VT,
  valueType: decimal,
  name: s4.luf_bod_vt,
  id: var-ship-s4_luf_bod_vt,
  label: VT,
  source: Physical_measure,
  dataset: ship-start,
  target: Participant
}"
28107,Variable,"{
  label_de: Verschlussdruck (0 - Verschlussdruck wurde plethysmografisch bestimmt; 1 - Versc,
  valueType: decimal,
  name: s4.vae_mes_oszi,
  id: var-ship-s4_vae_mes_oszi,
  label: Occlusion pressure (0 - occlusion pressure was determined plethysmographically; ,
  source: Physical_measure,
  dataset: ship-start,
  target: Participant
}"
28108,Variable,"{
  label_de: Peak Radial Strain SAX_PM in % Mid Anteroseptal 8- SD,
  valueType: decimal,
  name: s2.prs_saxpap_midantsept_s,
  id: var-ship-s2_prs_saxpap_midantsept_s,
  label: Peak Radial Strain SAX_PM in % Mid Anteroseptal 8- SD,
  source: Physical_measure,
  dataset: ship-start,
  target: Participant
}"
28109,Variable,"{
  label_de: Peak Radial Strain SAX_PM in % Mid Anteroseptal 8- Mean,
  valueType: decimal,
  name: s2.prs_saxpap_midantsept_m,
  id: var-ship-s2_prs_saxpap_midantsept_m,
  label: Peak Radial Strain SAX_PM in % Mid Anteroseptal 8- Mean,
  source: Physical_measure,
  dataset: ship-start,
  target: Participant
}"
28110,Variable,"{
  label_de: VC,
  valueType: decimal,
  name: s4.luf_bod_vc,
  id: var-ship-s4_luf_bod_vc,
  label: VC,
  source: Physical_measure,
  dataset: ship-start,
  target: Participant
}"
28111,Variable,"{
  label_de: T2P Radial Strain SAX_PM in ms Mid Septal 9- Mean,
  valueType: decimal,
  name: s2.t2prs_saxpap_midsept_m,
  id: var-ship-s2_t2prs_saxpap_midsept_m,
  label: T2P Radial Strain SAX_PM in ms Mid Septal 9- Mean,
  source: Physical_measure,
  dataset: ship-start,
  target: Participant
}"
28112,Variable,"{
  label_de: T2P Circumferencial Strain SAX_MV in % Basal Inferior 4- SD,
  valueType: decimal,
  name: s2.t2pcs_saxmi_basinf1_s,
  id: var-ship-s2_t2pcs_saxmi_basinf1_s,
  label: T2P Circumferencial Strain SAX_MV in % Basal Inferior 4- SD,
  source: Physical_measure,
  dataset: ship-start,
  target: Participant
}"
28113,Variable,"{
  label_de: Trikuspidalklappeninsuffizienz vorhanden?,
  valueType: integer,
  name: s4.ech_tk,
  id: var-ship-s4_ech_tk,
  label: Presence of insufficiency of tricuspid valve?,
  source: Physical_measure,
  dataset: ship-start,
  target: Participant
}"
28114,Variable,"{
  label_de: Coherence, d. h. Linearität zwischen Impulsdruck und Impulsströmung bei 25 Hz,
  valueType: decimal,
  name: s4.luf_ios_co25hz_mean,
  id: var-ship-s4_luf_ios_co25hz_mean,
  label: coherence between impulsepressure and impulsestream at 25 Hz,
  source: Physical_measure,
  dataset: ship-start,
  target: Participant
}"
28115,Variable,"{
  label_de: TRA RV Endokontur in der ES Slice 18,
  valueType: decimal,
  name: s3.mrt_cor_trarvendoes18,
  id: var-ship-s3_mrt_cor_trarvendoes18,
  label: TRA area LV endo ES slice 18,
  source: Physical_measure,
  dataset: ship-start,
  target: Participant
}"
28116,Variable,"{
  label_de: TRA RV Endokontur in der ES Slice 17,
  valueType: decimal,
  name: s3.mrt_cor_trarvendoes17,
  id: var-ship-s3_mrt_cor_trarvendoes17,
  label: TRA area LV endo ES slice 17,
  source: Physical_measure,
  dataset: ship-start,
  target: Participant
}"
28117,Variable,"{
  label_de: TRA RV Endokontur in der ES Slice 16,
  valueType: decimal,
  name: s3.mrt_cor_trarvendoes16,
  id: var-ship-s3_mrt_cor_trarvendoes16,
  label: TRA area LV endo ES slice 16,
  source: Physical_measure,
  dataset: ship-start,
  target: Participant
}"
28118,Variable,"{
  label_de: TRA RV Endokontur in der ES Slice 15,
  valueType: decimal,
  name: s3.mrt_cor_trarvendoes15,
  id: var-ship-s3_mrt_cor_trarvendoes15,
  label: TRA area LV endo ES slice 15,
  source: Physical_measure,
  dataset: ship-start,
  target: Participant
}"
28119,Variable,"{
  label_de: Geräusch Öffnen re. r. init.,
  valueType: integer,
  name: s0.kgorrein,
  id: var-ship-s0_kgorrein,
  label: crepitation on opening, right, initially,
  source: Physical_measure,
  dataset: ship-start,
  target: Participant
}"
28120,Variable,"{
  label_de: TRA RV Endokontur in der ES Slice 14,
  valueType: decimal,
  name: s3.mrt_cor_trarvendoes14,
  id: var-ship-s3_mrt_cor_trarvendoes14,
  label: TRA area LV endo ES slice 14,
  source: Physical_measure,
  dataset: ship-start,
  target: Participant
}"
28121,Variable,"{
  label_de: Begrenzung Femur links,
  valueType: decimal,
  name: s2.mrt_roehre_begfemli,
  id: var-ship-s2_mrt_roehre_begfemli,
  label: limitation left femur,
  source: Physical_measure,
  dataset: ship-start,
  target: Participant
}"
28122,Variable,"{
  label_de: TRA RV Endokontur in der ES Slice 13,
  valueType: decimal,
  name: s3.mrt_cor_trarvendoes13,
  id: var-ship-s3_mrt_cor_trarvendoes13,
  label: TRA area LV endo ES slice 13,
  source: Physical_measure,
  dataset: ship-start,
  target: Participant
}"
28123,Variable,"{
  label_de: TRA RV Endokontur in der ES Slice 12,
  valueType: decimal,
  name: s3.mrt_cor_trarvendoes12,
  id: var-ship-s3_mrt_cor_trarvendoes12,
  label: TRA area LV endo ES slice 12,
  source: Physical_measure,
  dataset: ship-start,
  target: Participant
}"
28124,Variable,"{
  label_de: TRA RV Endokontur in der ES Slice 11,
  valueType: decimal,
  name: s3.mrt_cor_trarvendoes11,
  id: var-ship-s3_mrt_cor_trarvendoes11,
  label: TRA area LV endo ES slice 11,
  source: Physical_measure,
  dataset: ship-start,
  target: Participant
}"
28125,Variable,"{
  label_de: TRA RV Endokontur in der ES Slice 10,
  valueType: decimal,
  name: s3.mrt_cor_trarvendoes10,
  id: var-ship-s3_mrt_cor_trarvendoes10,
  label: TRA area LV endo ES slice 10,
  source: Physical_measure,
  dataset: ship-start,
  target: Participant
}"
28126,Variable,"{
  label_de: T2P Longitudinal Displacement 3ch in % Mid Anteroseptal 8- Mean,
  valueType: decimal,
  name: s2.t2pld_3ch_midantsept_perc_m,
  id: var-ship-s2_t2pld_3ch_midantsept_perc_m,
  label: T2P Longitudinal Displacement 3ch in % Mid Anteroseptal 8- Mean,
  source: Physical_measure,
  dataset: ship-start,
  target: Participant
}"
28127,Variable,"{
  label_de: T2P Longitudinal Displacement 3ch in % Mid Anteroseptal 8- SD,
  valueType: decimal,
  name: s2.t2pld_3ch_midantsept_perc_s,
  id: var-ship-s2_t2pld_3ch_midantsept_perc_s,
  label: T2P Longitudinal Displacement 3ch in % Mid Anteroseptal 8- SD,
  source: Physical_measure,
  dataset: ship-start,
  target: Participant
}"
28128,Variable,"{
  label_de: Standardabweichung Diff. B=50mm^2/s links,
  valueType: decimal,
  name: s2.mrt_nz_l2std50,
  id: var-ship-s2_mrt_nz_l2std50,
  label: standard deviation diff. B = 50 mm^2/s left,
  source: Physical_measure,
  dataset: ship-start,
  target: Participant
}"
28129,Variable,"{
  label_de: RV % pred,
  valueType: decimal,
  name: s3.luf_bod_rv_p_pred,
  id: var-ship-s3_luf_bod_rv_p_pred,
  label: RV % pred,
  source: Physical_measure,
  dataset: ship-start,
  target: Participant
}"
28130,Variable,"{
  label_de: Größe Knoten rechts 2,
  valueType: integer,
  name: s2.kn_2_re_gr,
  id: var-ship-s2_kn_2_re_gr,
  label: thyroid: size node right 2,
  source: Physical_measure,
  dataset: ship-start,
  target: Participant
}"
28131,Variable,"{
  label_de: ti/tot AT Manuell,
  valueType: decimal,
  name: s4.spiexp_ti_tot_atman,
  id: var-ship-s4_spiexp_ti_tot_atman,
  label: ti/tot AT manual,
  source: Physical_measure,
  dataset: ship-start,
  target: Participant
}"
28132,Variable,"{
  label_de: MRT SAX: Flaeche des epikardialen Fettgewebes über der freien Wand des rechten V,
  valueType: decimal,
  name: s2.mrt_epidata_saxfd3,
  id: var-ship-s2_mrt_epidata_saxfd3,
  label: MRI SAX: area of epicardial fat on the free wall of the right ventricle in diast,
  source: Physical_measure,
  dataset: ship-start,
  target: Participant
}"
28133,Variable,"{
  label_de: MRT SAX: Flaeche des epikardialen Fettgewebes über der freien Wand des rechten V,
  valueType: decimal,
  name: s2.mrt_epidata_saxfd2,
  id: var-ship-s2_mrt_epidata_saxfd2,
  label: MRI SAX: area of epicardial fat on the free wall of the right ventricle in diast,
  source: Physical_measure,
  dataset: ship-start,
  target: Participant
}"
28134,Variable,"{
  label_de: Residualvolumen,
  valueType: decimal,
  name: s4.luf_bod_rv,
  id: var-ship-s4_luf_bod_rv,
  label: Residual volume,
  source: Physical_measure,
  dataset: ship-start,
  target: Participant
}"
28135,Variable,"{
  label_de: MRT SAX: Flaeche des epikardialen Fettgewebes über der freien Wand des rechten V,
  valueType: decimal,
  name: s2.mrt_epidata_saxfd5,
  id: var-ship-s2_mrt_epidata_saxfd5,
  label: MRI SAX: area of epicardial fat on the free wall of the right ventricle in diast,
  source: Physical_measure,
  dataset: ship-start,
  target: Participant
}"
28136,Variable,"{
  label_de: MRT SAX: Flaeche des epikardialen Fettgewebes über der freien Wand des rechten V,
  valueType: decimal,
  name: s2.mrt_epidata_saxfd4,
  id: var-ship-s2_mrt_epidata_saxfd4,
  label: MRI SAX: area of epicardial fat on the free wall of the right ventricle in diast,
  source: Physical_measure,
  dataset: ship-start,
  target: Participant
}"
28137,Variable,"{
  label_de: MRT SAX: Flaeche des epikardialen Fettgewebes über der freien Wand des rechten V,
  valueType: decimal,
  name: s2.mrt_epidata_saxfd7,
  id: var-ship-s2_mrt_epidata_saxfd7,
  label: MRI SAX: area of epicardial fat on the free wall of the right ventricle in diast,
  source: Physical_measure,
  dataset: ship-start,
  target: Participant
}"
28138,Variable,"{
  label_de: MRT SAX: Flaeche des epikardialen Fettgewebes über der freien Wand des rechten V,
  valueType: decimal,
  name: s2.mrt_epidata_saxfd6,
  id: var-ship-s2_mrt_epidata_saxfd6,
  label: MRI SAX: area of epicardial fat on the free wall of the right ventricle in diast,
  source: Physical_measure,
  dataset: ship-start,
  target: Participant
}"
28139,Variable,"{
  label_de: MRT SAX: Flaeche des epikardialen Fettgewebes über der freien Wand des rechten V,
  valueType: decimal,
  name: s2.mrt_epidata_saxfd9,
  id: var-ship-s2_mrt_epidata_saxfd9,
  label: MRI SAX: area of epicardial fat on the free wall of the right ventricle in diast,
  source: Physical_measure,
  dataset: ship-start,
  target: Participant
}"
28140,Variable,"{
  label_de: MRT SAX: Flaeche des epikardialen Fettgewebes über der freien Wand des rechten V,
  valueType: decimal,
  name: s2.mrt_epidata_saxfd8,
  id: var-ship-s2_mrt_epidata_saxfd8,
  label: MRI SAX: area of epicardial fat on the free wall of the right ventricle in diast,
  source: Physical_measure,
  dataset: ship-start,
  target: Participant
}"
28141,Variable,"{
  label_de: Coherence, d. h. Linearität zwischen Impulsdruck und Impulsströmung bei 20 Hz,
  valueType: decimal,
  name: s3.luf_ios_co20hz,
  id: var-ship-s3_luf_ios_co20hz,
  label: coherence between impulsepressure and impulsestream at 20 Hz,
  source: Physical_measure,
  dataset: ship-start,
  target: Participant
}"
28142,Variable,"{
  label_de: Pulmonalklappe,
  valueType: integer,
  name: s4.ech_pk,
  id: var-ship-s4_ech_pk,
  label: pulmonary valve,
  source: Questionnaire,
  dataset: ship-start,
  target: Participant
}"
28143,Variable,"{
  label_de: MRT SAX: Flaeche des epikardialen Fettgewebes über der freien Wand des rechten V,
  valueType: decimal,
  name: s2.mrt_epidata_saxfd1,
  id: var-ship-s2_mrt_epidata_saxfd1,
  label: MRI SAX: area of epicardial fat on the free wall of the right ventricle in diast,
  source: Physical_measure,
  dataset: ship-start,
  target: Participant
}"
28144,Variable,"{
  label_de: dif_no_dlcosb/VA - Diffusionskapazität CO (single breath) bezogen auf den Krogh-,
  valueType: decimal,
  name: s3.luf_nod_kco,
  id: var-ship-s3_luf_nod_kco,
  label: dif_no_dlcosb/VA - diffusion capacity CO (single breath) in relation to the Krog,
  source: Physical_measure,
  dataset: ship-start,
  target: Participant
}"
28145,Variable,"{
  label_de: Wie oft pro Tag spritzen Sie normalerweise Insulin?,
  valueType: integer,
  name: s0.insufreq,
  id: var-ship-s0_insufreq,
  label: How many times a day do you normally inject insulin?,
  source: Questionnaire,
  dataset: ship-start,
  target: Participant
}"
28146,Variable,"{
  label_de: Treten diese Schmerzen im Gesäß auf?,
  valueType: integer,
  name: s0.gesaess,
  id: var-ship-s0_gesaess,
  label: Does this pain include your buttocks / bottom?,
  source: Questionnaire,
  dataset: ship-start,
  target: Participant
}"
28147,Variable,"{
  label_de: Wer? Zahnfleischerkrankung Vater, Mutter, Beide,
  valueType: integer,
  name: s2.vmbparo,
  id: var-ship-s2_vmbparo,
  label: Who? (gum disease, loose teeth father, mother or both),
  source: Questionnaire,
  dataset: ship-start,
  target: Parents
}"
28148,Variable,"{
  label_de: welche?,
  valueType: integer,
  name: sl.fa_gv4a,
  id: var-ship-sl_fa_gv4a,
  label: which?,
  source: Questionnaire,
  dataset: ship-start,
  target: Grandparents
}"
28149,Variable,"{
  label_de: Bewertung damals 1DE,
  valueType: integer,
  name: sl.g63bd1de,
  id: var-ship-sl_g63bd1de,
  label: Rating at that time 1DE,
  source: Questionnaire,
  dataset: ship-start,
  target: Participant
}"
28150,Variable,"{
  label_de: welche?,
  valueType: integer,
  name: sl.fa_gv3a,
  id: var-ship-sl_fa_gv3a,
  label: which?,
  source: Questionnaire,
  dataset: ship-start,
  target: Grandparents
}"
28151,Variable,"{
  label_de: welche?,
  valueType: integer,
  name: sl.fa_gv2a,
  id: var-ship-sl_fa_gv2a,
  label: which?,
  source: Questionnaire,
  dataset: ship-start,
  target: Grandparents
}"
28152,Variable,"{
  label_de: Wurde eine Dissektion entdeckt?,
  valueType: integer,
  name: s2.mrt_adhoc_diss,
  id: var-ship-s2_mrt_adhoc_diss,
  label: Was a dissection detected?,
  source: Physical_measure,
  dataset: ship-start,
  target: Participant
}"
28153,Variable,"{
  label_de: Haben Sie jemals an einer Krebsfrüherkennungsuntersuchung teilgenommen?,
  valueType: integer,
  name: s0.vorsorg,
  id: var-ship-s0_vorsorg,
  label: Have you ever participated in preventive cancer screening?,
  source: Questionnaire,
  dataset: ship-start,
  target: Participant
}"
28154,Variable,"{
  label_de: Wurde eine frische Frakturen entdeckt?,
  valueType: integer,
  name: s4.mrt_adhoc_frak,
  id: var-ship-s4_mrt_adhoc_frak,
  label: Were fresh fractures detected?,
  source: Physical_measure,
  dataset: ship-start,
  target: Participant
}"
28155,Variable,"{
  label_de: Wurde eine akute Obliterationen entdeckt?,
  valueType: integer,
  name: s2.mrt_adhoc_obl,
  id: var-ship-s2_mrt_adhoc_obl,
  label: Was an obliteration detected?,
  source: Physical_measure,
  dataset: ship-start,
  target: Participant
}"
28156,Variable,"{
  label_de: Bewertung damals 1SuD,
  valueType: integer,
  name: sl.g63bd1nd,
  id: var-ship-sl_g63bd1nd,
  label: Rating at that time 1SuD,
  source: Questionnaire,
  dataset: ship-start,
  target: Participant
}"
28157,Variable,"{
  label_de: Gicht neu,
  valueType: integer,
  name: s0.gicht2,
  id: var-ship-s0_gicht2,
  label: Did it appear for the first time?,
  source: Questionnaire,
  dataset: ship-start,
  target: Participant
}"
28158,Variable,"{
  label_de: Gicht behandelt,
  valueType: integer,
  name: s0.gicht3,
  id: var-ship-s0_gicht3,
  label: Has it been treated?,
  source: Questionnaire,
  dataset: ship-start,
  target: Participant
}"
28159,Variable,"{
  label_de: Gicht,
  valueType: integer,
  name: s0.gicht1,
  id: var-ship-s0_gicht1,
  label: gout or too much uric acid,
  source: Questionnaire,
  dataset: ship-start,
  target: Participant
}"
28160,Variable,"{
  label_de: Schweregrad,
  valueType: integer,
  name: sl.abh_grad,
  id: var-ship-sl_abh_grad,
  label: Severity,
  source: Questionnaire,
  dataset: ship-start,
  target: Participant
}"
28161,Variable,"{
  label_de: Mel_Boe: Frage 30b: Wenn vorhanden, welche? 2. Antwort:,
  valueType: text,
  name: s1.frage30bantwort2,
  id: var-ship-s1_frage30bantwort2,
  label: Mel_Boe: question 30b: if so, what kind? answer 2:,
  source: Questionnaire,
  dataset: ship-start,
  target: Participant
}"
28162,Variable,"{
  label_de: Mel_Boe: Frage 30b: Wenn vorhanden, welche? 1. Antwort:,
  valueType: text,
  name: s1.frage30bantwort1,
  id: var-ship-s1_frage30bantwort1,
  label: Mel_Boe: question 30b: if so, what kind? answer 1:,
  source: Questionnaire,
  dataset: ship-start,
  target: Participant
}"
28163,Variable,"{
  label_de: Mel_Boe: Frage 30b: Wenn vorhanden, welche? 4. Antwort:,
  valueType: text,
  name: s1.frage30bantwort4,
  id: var-ship-s1_frage30bantwort4,
  label: Mel_Boe: question 30b: if so, what kind? answer 4:,
  source: Questionnaire,
  dataset: ship-start,
  target: Participant
}"
28164,Variable,"{
  label_de: Mel_Boe: Frage 30b: Wenn vorhanden, welche? 3. Antwort:,
  valueType: text,
  name: s1.frage30bantwort3,
  id: var-ship-s1_frage30bantwort3,
  label: Mel_Boe: question 30b: if so, what kind? answer 3:,
  source: Questionnaire,
  dataset: ship-start,
  target: Participant
}"
28165,Variable,"{
  label_de: SD: Unterfunktion Stiefvater,
  valueType: integer,
  name: s1.sd_ii2_id_ufkt,
  id: var-ship-s1_sd_ii2_id_ufkt,
  label: SD: hypothyroidism stepfather,
  source: Questionnaire,
  dataset: ship-start,
  target: Other
}"
28166,Variable,"{
  label_de: TRAFO: Behandelte Hämophilie (Selbstangabe),
  valueType: integer,
  name: s0.hemophilia_s0,
  id: var-ship-s0_hemophilia_s0,
  label: TRAFO: Treated hemophilia (self-report),
  source: Questionnaire,
  dataset: ship-start,
  target: Participant
}"
28167,Variable,"{
  label_de: Stationär behandelt 1. Herzinfarkt,
  valueType: integer,
  name: s0.statmi1,
  id: var-ship-s0_statmi1,
  label: in-patient treatment first heart attack,
  source: Questionnaire,
  dataset: ship-start,
  target: Participant
}"
28168,Variable,"{
  label_de: Stationär behandelt letzter Herzinfarkt,
  valueType: integer,
  name: s0.statmi2,
  id: var-ship-s0_statmi2,
  label: in-patient treatment last heart attack,
  source: Questionnaire,
  dataset: ship-start,
  target: Participant
}"
28169,Variable,"{
  label_de: SD: Unterfunktion Geschwister,
  valueType: integer,
  name: s1.sd_iii_id_ufkt,
  id: var-ship-s1_sd_iii_id_ufkt,
  label: SD: hypothyroidism siblings,
  source: Questionnaire,
  dataset: ship-start,
  target: Siblings
}"
28170,Variable,"{
  label_de: Einnahme von Medikamenten gegen Allergien,
  valueType: integer,
  name: s1.asthm_6b,
  id: var-ship-s1_asthm_6b,
  label: Taking medication against allergies,
  source: Questionnaire,
  dataset: ship-start,
  target: Participant
}"
28171,Variable,"{
  label_de: Einnahme von Jodtabletten,
  valueType: integer,
  name: s1.asthm_6a,
  id: var-ship-s1_asthm_6a,
  label: Taking iodine pills,
  source: Questionnaire,
  dataset: ship-start,
  target: Participant
}"
28172,Variable,"{
  label_de: Krebserkrankung,
  valueType: integer,
  name: s0.krebs1,
  id: var-ship-s0_krebs1,
  label: cancer,
  source: Questionnaire,
  dataset: ship-start,
  target: Participant
}"
28173,Variable,"{
  label_de: Krebserkrankung behandelt,
  valueType: integer,
  name: s0.krebs3,
  id: var-ship-s0_krebs3,
  label: Has it been treated?,
  source: Questionnaire,
  dataset: ship-start,
  target: Participant
}"
28174,Variable,"{
  label_de: Krebserkrankung neu,
  valueType: integer,
  name: s0.krebs2,
  id: var-ship-s0_krebs2,
  label: Did it appear for the first time?,
  source: Questionnaire,
  dataset: ship-start,
  target: Participant
}"
28175,Variable,"{
  label_de: Ist bei Ihnen jemals die  Schaufensterkrankheit  festgestellt worden?,
  valueType: integer,
  name: s2.s2_claud_01,
  id: var-ship-s2_s2_claud_01,
  label: Has intermittent claudication ever been determined medically?,
  source: Questionnaire,
  dataset: ship-start,
  target: Participant
}"
28176,Variable,"{
  label_de: Leiden Sie an den im folgenden genannten Beschwerden? Migräne,
  valueType: integer,
  name: s2.od_3,
  id: var-ship-s2_od_3,
  label: Do you suffer from one of the following complaints? migraine,
  source: Questionnaire,
  dataset: ship-start,
  target: Participant
}"
28177,Variable,"{
  label_de: Leiden Sie an den im folgenden genannten Beschwerden? Ohrgeräusche, Ohrensausen,
  valueType: integer,
  name: s2.od_7,
  id: var-ship-s2_od_7,
  label: Do you suffer from one of the following complaints? tinnitus, ringing in the ear,
  source: Questionnaire,
  dataset: ship-start,
  target: Participant
}"
28178,Variable,"{
  label_de: Gelenkverschleiß behandelt,
  valueType: integer,
  name: s0.arthros3,
  id: var-ship-s0_arthros3,
  label: Has it been treated?,
  source: Questionnaire,
  dataset: ship-start,
  target: Participant
}"
28179,Variable,"{
  label_de: Gelenkverschleiß neu,
  valueType: integer,
  name: s0.arthros2,
  id: var-ship-s0_arthros2,
  label: Did it appear for the first time?,
  source: Questionnaire,
  dataset: ship-start,
  target: Participant
}"
28180,Variable,"{
  label_de: Gelenkverschleiß,
  valueType: integer,
  name: s0.arthros1,
  id: var-ship-s0_arthros1,
  label: articular wear and tear,
  source: Questionnaire,
  dataset: ship-start,
  target: Participant
}"
28181,Variable,"{
  label_de: SD: Kropf Kinder,
  valueType: integer,
  name: s1.sd_iv_id_kropf,
  id: var-ship-s1_sd_iv_id_kropf,
  label: SD: goiter child,
  source: Questionnaire,
  dataset: ship-start,
  target: Children
}"
28182,Variable,"{
  label_de: CVI_KOM, F06h: Wenn ja, wer hat den Verband angelegt? Krankenschwester,
  valueType: integer,
  name: s1.kom_f06h,
  id: var-ship-s1_kom_f06h,
  label: CVI_KOM, F06h: If so, who made the bandage? nurse,
  source: Questionnaire,
  dataset: ship-start,
  target: Participant
}"
28183,Variable,"{
  label_de: CVI_KOM, F06f: Wenn ja, welche Mittel wurden benutzt? Lymphdrainage,
  valueType: integer,
  name: s1.kom_f06f,
  id: var-ship-s1_kom_f06f,
  label: CVI_KOM, F06f: If so, what instruments were used? lymphatic drainage,
  source: Questionnaire,
  dataset: ship-start,
  target: Participant
}"
28184,Variable,"{
  label_de: CVI_KOM, F06g: Wenn ja, wer hat den Verband angelegt? Ohne fremde Hilfe,
  valueType: integer,
  name: s1.kom_f06g,
  id: var-ship-s1_kom_f06g,
  label: CVI_KOM, F06g: If so, who made the bandage? without extra help,
  source: Questionnaire,
  dataset: ship-start,
  target: Participant
}"
28185,Variable,"{
  label_de: CVI_KOM, F06a: Wurde eine Kompressionstherapie wegen CVI durchgeführt?,
  valueType: integer,
  name: s1.kom_f06a,
  id: var-ship-s1_kom_f06a,
  label: CVI_KOM, F06a: Did you make a compression therapy because of CIV?,
  source: Questionnaire,
  dataset: ship-start,
  target: Participant
}"
28186,Variable,"{
  label_de: CVI_KOM, F06d: Wenn ja, welche Mittel wurden benutzt? Kompressionsverbände,
  valueType: integer,
  name: s1.kom_f06d,
  id: var-ship-s1_kom_f06d,
  label: CVI_KOM, F06d: If so, what instruments were used? compression bandage,
  source: Questionnaire,
  dataset: ship-start,
  target: Participant
}"
28187,Variable,"{
  label_de: CVI_KOM, F06e: Wenn ja, welche Mittel wurden benutzt? Kompressionsstrümpfe,
  valueType: integer,
  name: s1.kom_f06e,
  id: var-ship-s1_kom_f06e,
  label: CVI_KOM, F06e: If so, what instruments were used? elastic stockings,
  source: Questionnaire,
  dataset: ship-start,
  target: Participant
}"
28188,Variable,"{
  label_de: CVI_KOM, F06b: Wenn ja, seit wie vielen Jahren wird sie durchgeführt?,
  valueType: integer,
  name: s1.kom_f06b,
  id: var-ship-s1_kom_f06b,
  label: CVI_KOM, F06b: If so, how long do you realized it, yet?,
  source: Questionnaire,
  dataset: ship-start,
  target: Participant
}"
28189,Variable,"{
  label_de: CVI_KOM, F06c: Wenn ja, wird die Kompressionstherapie konsequent durchgeführt?,
  valueType: integer,
  name: s1.kom_f06c,
  id: var-ship-s1_kom_f06c,
  label: CVI_KOM, F06c: If so, do you realize the therapy consequently?,
  source: Questionnaire,
  dataset: ship-start,
  target: Participant
}"
28190,Variable,"{
  label_de: Schwangerschaft,
  valueType: integer,
  name: s0.grund_4,
  id: var-ship-s0_grund_4,
  label: pregnancy,
  source: Questionnaire,
  dataset: ship-start,
  target: Participant
}"
28191,Variable,"{
  label_de: Frauenärztliche Untersuchung,
  valueType: integer,
  name: s0.grund_3,
  id: var-ship-s0_grund_3,
  label: gynecological examination,
  source: Questionnaire,
  dataset: ship-start,
  target: Participant
}"
28192,Variable,"{
  label_de: Krebsvorsorgeuntersuchung,
  valueType: integer,
  name: s0.grund_2,
  id: var-ship-s0_grund_2,
  label: cancer screening test,
  source: Questionnaire,
  dataset: ship-start,
  target: Participant
}"
28193,Variable,"{
  label_de: TRAFO: Inzidenter Typ-II-Diabetes,
  valueType: integer,
  name: s0.inc_diab_s0,
  id: var-ship-s0_inc_diab_s0,
  label: TRAFO: Incident type 2 diabetes,
  source: Questionnaire,
  dataset: ship-start,
  target: Participant
}"
28194,Variable,"{
  label_de: TRAFO: Behandelte Schilddrüsenerkrankung (Selbstangabe),
  valueType: integer,
  name: s0.thyr_s0,
  id: var-ship-s0_thyr_s0,
  label: TRAFO: Treated thyroid disorder (self-report),
  source: Questionnaire,
  dataset: ship-start,
  target: Participant
}"
28195,Variable,"{
  label_de: Dauer bis heute IPA -,
  valueType: integer,
  name: sl.a47dpam,
  id: var-ship-sl_a47dpam,
  label: Duration until today IPA -,
  source: Questionnaire,
  dataset: ship-start,
  target: Participant
}"
28196,Variable,"{
  label_de: Dauer bis heute IPA +,
  valueType: integer,
  name: sl.a47dpap,
  id: var-ship-sl_a47dpap,
  label: Duration to date IPA +,
  source: Questionnaire,
  dataset: ship-start,
  target: Participant
}"
28197,Variable,"{
  label_de: Bewertung heute LT,
  valueType: integer,
  name: sl.w53bhlt,
  id: var-ship-sl_w53bhlt,
  label: Valuation today LT,
  source: Questionnaire,
  dataset: ship-start,
  target: Participant
}"
28198,Variable,"{
  label_de: Hatten Sie in den letzten 7 Tagen Schmerzen?,
  valueType: integer,
  name: s2.ges_pain_01,
  id: var-ship-s2_ges_pain_01,
  label: Have you had any pain in the last 7 days?,
  source: Questionnaire,
  dataset: ship-start,
  target: Participant
}"
28199,Variable,"{
  label_de: Wie mobil sind Sie zurzeit? Ich werde vom Ehepartner / von Verwandten / Freunden,
  valueType: integer,
  name: s3.frs_mobil_mitfahr,
  id: var-ship-s3_frs_mobil_mitfahr,
  label: How mobile are you currently? I am driven by spouse / relatives / friends / acqu,
  source: Questionnaire,
  dataset: ship-start,
  target: Participant
}"
28200,Variable,"{
  label_de: Bewertung heute ZE,
  valueType: integer,
  name: sl.w53bhze,
  id: var-ship-sl_w53bhze,
  label: Valuation today ZE,
  source: Questionnaire,
  dataset: ship-start,
  target: Participant
}"
28201,Variable,"{
  label_de: Bewertung heute ZE,
  valueType: integer,
  name: sl.a47bhze,
  id: var-ship-sl_a47bhze,
  label: Evaluation today ZE,
  source: Questionnaire,
  dataset: ship-start,
  target: Participant
}"
28202,Variable,"{
  label_de: Wie mobil sind Sie zurzeit? Ich laufe mit einem Gehstock,
  valueType: integer,
  name: s2.frs_mobil_mitgeh,
  id: var-ship-s2_frs_mobil_mitgeh,
  label: How mobile are you currently? I walk with a cane,
  source: Questionnaire,
  dataset: ship-start,
  target: Participant
}"
28203,Variable,"{
  label_de: Dauer bis heute IPA +,
  valueType: integer,
  name: sl.w53dpap,
  id: var-ship-sl_w53dpap,
  label: Duration until today IPA +,
  source: Questionnaire,
  dataset: ship-start,
  target: Participant
}"
28204,Variable,"{
  label_de: Dauer bis heute IPA -,
  valueType: integer,
  name: sl.w53dpam,
  id: var-ship-sl_w53dpam,
  label: Duration until today IPA -,
  source: Questionnaire,
  dataset: ship-start,
  target: Participant
}"
28205,Variable,"{
  label_de: Wie mobil sind Sie zurzeit? Ich gehe nur in Begleitung aus dem Haus.,
  valueType: integer,
  name: s3.frs_mobil_begleit,
  id: var-ship-s3_frs_mobil_begleit,
  label: How mobile are you at the moment? I only go out of the house when accompanied.,
  source: Questionnaire,
  dataset: ship-start,
  target: Participant
}"
28206,Variable,"{
  label_de: Bewertung heute 5J,
  valueType: integer,
  name: sl.w53bh5j,
  id: var-ship-sl_w53bh5j,
  label: Valuation today 5J,
  source: Questionnaire,
  dataset: ship-start,
  target: Participant
}"
28207,Variable,"{
  label_de: Dauer bis heute LT,
  valueType: integer,
  name: sl.w53dlt,
  id: var-ship-sl_w53dlt,
  label: Duration until today LT,
  source: Questionnaire,
  dataset: ship-start,
  target: Participant
}"
28208,Variable,"{
  label_de: Was trifft zurzeit auf Sie zu? Ich besuche Veranstaltungen und Seniorentreffen, ,
  valueType: integer,
  name: s2.frs_alltag_events,
  id: var-ship-s2_frs_alltag_events,
  label: What applies to you? I attend events and senior meetings, concerts, church, etc.,
  source: Questionnaire,
  dataset: ship-start,
  target: Participant
}"
28209,Variable,"{
  label_de: Bewertung heute 12 LT,
  valueType: integer,
  name: sl.w53bh12,
  id: var-ship-sl_w53bh12,
  label: Valuation today 12 LT,
  source: Questionnaire,
  dataset: ship-start,
  target: Participant
}"
28210,Variable,"{
  label_de: Wie mobil sind Sie zurzeit? Ich laufe ohne Gehhilfen.,
  valueType: integer,
  name: s3.frs_mobil_ohngeh,
  id: var-ship-s3_frs_mobil_ohngeh,
  label: How mobile are you currently? I walk without a walker.,
  source: Questionnaire,
  dataset: ship-start,
  target: Participant
}"
28211,Variable,"{
  label_de: Wie würden Sie Ihre gegenwärtige körperliche Verfassung beschreiben?,
  valueType: integer,
  name: s0.wiegehts,
  id: var-ship-s0_wiegehts,
  label: In general, would you say your health at present is:,
  source: Questionnaire,
  dataset: ship-start,
  target: Participant
}"
28212,Variable,"{
  label_de: Dauer bis heute ZE,
  valueType: integer,
  name: sl.w53dze,
  id: var-ship-sl_w53dze,
  label: Duration until today ZE,
  source: Questionnaire,
  dataset: ship-start,
  target: Participant
}"
28213,Variable,"{
  label_de: Was trifft zurzeit auf Sie zu? Ich kann Worte, die mir auf der Zunge liegen, nic,
  valueType: integer,
  name: s2.frs_alltag_wortfind,
  id: var-ship-s2_frs_alltag_wortfind,
  label: What applies to you? I cannot say words that are on the tip of my tongue,
  source: Questionnaire,
  dataset: ship-start,
  target: Participant
}"
28214,Variable,"{
  label_de: Bewertung heute LT,
  valueType: integer,
  name: sl.a47bhlt,
  id: var-ship-sl_a47bhlt,
  label: Rating today LT,
  source: Questionnaire,
  dataset: ship-start,
  target: Participant
}"
28215,Variable,"{
  label_de: Was trifft zurzeit auf Sie zu? Ich schreibe jemandem einen Brief oder eine Postk,
  valueType: integer,
  name: s2.frs_alltag_brief,
  id: var-ship-s2_frs_alltag_brief,
  label: What applies to you? I write letters or postcards to someone,
  source: Questionnaire,
  dataset: ship-start,
  target: Participant
}"
28216,Variable,"{
  label_de: Dauer bis heute 12,
  valueType: integer,
  name: sl.w53d12,
  id: var-ship-sl_w53d12,
  label: Duration until today 12,
  source: Questionnaire,
  dataset: ship-start,
  target: Participant
}"
28217,Variable,"{
  label_de: Dauer bis heute 5J,
  valueType: integer,
  name: sl.w53d5j,
  id: var-ship-sl_w53d5j,
  label: Duration to date 5Y,
  source: Questionnaire,
  dataset: ship-start,
  target: Participant
}"
28218,Variable,"{
  label_de: Dauer bis heute SDE,
  valueType: integer,
  name: sl.w53dsde,
  id: var-ship-sl_w53dsde,
  label: Duration to date SDE,
  source: Questionnaire,
  dataset: ship-start,
  target: Participant
}"
28219,Variable,"{
  label_de: Was trifft zurzeit auf Sie zu? Ich erledige kleinere alltägliche Arbeiten wie Au,
  valueType: integer,
  name: s2.frs_alltag_erledig,
  id: var-ship-s2_frs_alltag_erledig,
  label: What applies to you? I do smaller everyday work like tidying, vacuuming on my ow,
  source: Questionnaire,
  dataset: ship-start,
  target: Participant
}"
28220,Variable,"{
  label_de: Bewertung heute 5J,
  valueType: integer,
  name: sl.a47bh5j,
  id: var-ship-sl_a47bh5j,
  label: Rating today 5Y,
  source: Questionnaire,
  dataset: ship-start,
  target: Participant
}"
28221,Variable,"{
  label_de: Anzahl der Ereignisse LT,
  valueType: integer,
  name: sl.w53alt,
  id: var-ship-sl_w53alt,
  label: Number of events LT,
  source: Questionnaire,
  dataset: ship-start,
  target: Participant
}"
28222,Variable,"{
  label_de: Bewertung heute 12 LT,
  valueType: integer,
  name: sl.a47bh12,
  id: var-ship-sl_a47bh12,
  label: Evaluation today 12 LT,
  source: Questionnaire,
  dataset: ship-start,
  target: Participant
}"
28223,Variable,"{
  label_de: Anzahl der Ereignisse ZE,
  valueType: integer,
  name: sl.w53aze,
  id: var-ship-sl_w53aze,
  label: Number of events ZE,
  source: Questionnaire,
  dataset: ship-start,
  target: Participant
}"
28224,Variable,"{
  label_de: Wie mobil sind Sie zurzeit? Ich benutze ein Elektromobil,
  valueType: integer,
  name: s2.frs_mobil_elektro,
  id: var-ship-s2_frs_mobil_elektro,
  label: How mobile are you currently? I use an electric wheelchair,
  source: Questionnaire,
  dataset: ship-start,
  target: Participant
}"
28225,Variable,"{
  label_de: Bewertung heute IPA -,
  valueType: integer,
  name: sl.w53bhpam,
  id: var-ship-sl_w53bhpam,
  label: Evaluation today IPA -,
  source: Questionnaire,
  dataset: ship-start,
  target: Participant
}"
28226,Variable,"{
  label_de: Bewertung heute IPA +,
  valueType: integer,
  name: sl.w53bhpap,
  id: var-ship-sl_w53bhpap,
  label: Valuation today IPA +,
  source: Questionnaire,
  dataset: ship-start,
  target: Participant
}"
28227,Variable,"{
  label_de: Wie mobil sind Sie zurzeit? Ich fahre selbst Auto,
  valueType: integer,
  name: s2.frs_mobil_auto,
  id: var-ship-s2_frs_mobil_auto,
  label: How mobile are you currently? I drive a car by myself,
  source: Questionnaire,
  dataset: ship-start,
  target: Participant
}"
28228,Variable,"{
  label_de: Was trifft zurzeit auf Sie zu? Ich mache kleinere handwerkliche Arbeiten selbst ,
  valueType: integer,
  name: s2.frs_alltag_werk,
  id: var-ship-s2_frs_alltag_werk,
  label: What applies to you? I do a little craftsmanship like sewing on buttons or drivi,
  source: Questionnaire,
  dataset: ship-start,
  target: Participant
}"
28229,Variable,"{
  label_de: Anzahl der Ereignisse 12 LT,
  valueType: integer,
  name: sl.w53a12,
  id: var-ship-sl_w53a12,
  label: Number of events 12 LT,
  source: Questionnaire,
  dataset: ship-start,
  target: Participant
}"
28230,Variable,"{
  label_de: Ohip-Score,
  valueType: decimal,
  name: s3.ohipscore,
  id: var-ship-s3_ohipscore,
  label: Ohip-Score,
  source: Questionnaire,
  dataset: ship-start,
  target: Participant
}"
28231,Variable,"{
  label_de: Anzahl der Ereignisse 5J,
  valueType: integer,
  name: sl.w53a5j,
  id: var-ship-sl_w53a5j,
  label: Number of events 5J,
  source: Questionnaire,
  dataset: ship-start,
  target: Participant
}"
28232,Variable,"{
  label_de: Wie mobil sind Sie zurzeit? Ich fahre selbst Auto.,
  valueType: integer,
  name: s3.frs_mobil_auto,
  id: var-ship-s3_frs_mobil_auto,
  label: How mobile are you at the moment? I drive a car myself.,
  source: Questionnaire,
  dataset: ship-start,
  target: Participant
}"
28233,Variable,"{
  label_de: Wie mobil sind Sie zurzeit? Ich laufe mit einem Gehstock.,
  valueType: integer,
  name: s3.frs_mobil_mitgeh,
  id: var-ship-s3_frs_mobil_mitgeh,
  label: How mobile are you at the moment? I walk with a cane.,
  source: Questionnaire,
  dataset: ship-start,
  target: Participant
}"
28234,Variable,"{
  label_de: Wie empfinden Sie den Gesundheitszustand Ihrer Zähne?,
  valueType: integer,
  name: s3.geszahn,
  id: var-ship-s3_geszahn,
  label: How would you describe the state of health of your teeth?,
  source: Questionnaire,
  dataset: ship-start,
  target: Participant
}"
28235,Variable,"{
  label_de: Was trifft zurzeit auf Sie zu? Ich erledige meine finanziellen Angelegenheiten s,
  valueType: integer,
  name: s3.frs_alltag_finanz,
  id: var-ship-s3_frs_alltag_finanz,
  label: What applies to you at the moment? I handle my own financial affairs.,
  source: Questionnaire,
  dataset: ship-start,
  target: Participant
}"
28236,Variable,"{
  label_de: Dauer bis heute 1SuD,
  valueType: integer,
  name: sl.a47d1nd,
  id: var-ship-sl_a47d1nd,
  label: Duration until today 1SuD,
  source: Questionnaire,
  dataset: ship-start,
  target: Participant
}"
28237,Variable,"{
  label_de: Jetzt kommen wir zu Fragen zu Ihrem Gesundheitszustand und zu Arztbesuchen in de,
  valueType: integer,
  name: s2.s2_inan_01,
  id: var-ship-s2_s2_inan_01,
  label: Let us now talk about your physical condition and recent doctor s visits. How wo,
  source: Questionnaire,
  dataset: ship-start,
  target: Participant
}"
28238,Variable,"{
  label_de: Was trifft zurzeit auf Sie zu? Ich kann Worte, die mir auf der Zunge liegen, nic,
  valueType: integer,
  name: s3.frs_alltag_wortfind,
  id: var-ship-s3_frs_alltag_wortfind,
  label: What is currently true of you? I can t say words that are on the tip of my tongu,
  source: Questionnaire,
  dataset: ship-start,
  target: Participant
}"
28239,Variable,"{
  label_de: Wie oft waren Sie in den vergangenen 4 Wochen voller Energie?,
  valueType: integer,
  name: sl.sf12_10,
  id: var-ship-sl_sf12_10,
  label: In the past 4 weeks, how often have you been full of energy?,
  source: Questionnaire,
  dataset: ship-start,
  target: Participant
}"
28240,Variable,"{
  label_de: Wie oft waren Sie in den vergangenen 4 Wochen entmutigt und traurig?,
  valueType: integer,
  name: sl.sf12_11,
  id: var-ship-sl_sf12_11,
  label: During the past 4 weeks, how often were you discouraged and sad?,
  source: Questionnaire,
  dataset: ship-start,
  target: Participant
}"
28241,Variable,"{
  label_de: Wie häufig haben Ihre körperliche Gesundheit oder seelischen Probleme in den ver,
  valueType: integer,
  name: sl.sf12_12,
  id: var-ship-sl_sf12_12,
  label: During the past 4 weeks, how often did your physical health or mental problems i,
  source: Questionnaire,
  dataset: ship-start,
  target: Participant
}"
28242,Variable,"{
  label_de: Was trifft zurzeit auf Sie zu? Ich überquere ohne Hilfe belebte Straßen.,
  valueType: integer,
  name: s3.frs_alltag_strasse,
  id: var-ship-s3_frs_alltag_strasse,
  label: Which of the following applies to you at present? I cross busy streets without a,
  source: Questionnaire,
  dataset: ship-start,
  target: Participant
}"
28243,Variable,"{
  label_de: Ist es im vergangenen Monat auf Grund von Problemen mit Ihren Zähnen, im Mundber,
  valueType: integer,
  name: s3.ohip_08,
  id: var-ship-s3_ohip_08,
  label: Have you had to interrupt meals because of problems with your teeth, mouth, or d,
  source: Questionnaire,
  dataset: ship-start,
  target: Participant
}"
28244,Variable,"{
  label_de: War Ihre Ernährung im vergangenen Monat aufgrund von Problemen mit Ihren Zähnen,,
  valueType: integer,
  name: s3.ohip_07,
  id: var-ship-s3_ohip_07,
  label: Has your diet been unsatisfactory because of problems with your teeth, mouth, or,
  source: Questionnaire,
  dataset: ship-start,
  target: Participant
}"
28245,Variable,"{
  label_de: CVI_INV, F07d: Wenn ja,was,wo? V.saphena magna,
  valueType: integer,
  name: s1.inv_f07d,
  id: var-ship-s1_inv_f07d,
  label: CVI_INV, F07d: If so, what, where? v. saphena magna,
  source: Questionnaire,
  dataset: ship-start,
  target: Participant
}"
28246,Variable,"{
  label_de: CVI_INV, F07c: Wenn ja, wann (Monat/Jahr), zweite Zeiteingabe,
  valueType: datetime,
  name: s1.inv_f07c,
  id: var-ship-s1_inv_f07c,
  label: CVI_INV, F07c: If so, when (month/year), second time specification:,
  source: Questionnaire,
  dataset: ship-start,
  target: Participant
}"
28247,Variable,"{
  label_de: CVI_INV, F07f: Wenn ja,was,wo? Seitenast,
  valueType: integer,
  name: s1.inv_f07f,
  id: var-ship-s1_inv_f07f,
  label: CVI_INV, F07f: If so, what, where? side bough,
  source: Questionnaire,
  dataset: ship-start,
  target: Participant
}"
28248,Variable,"{
  label_de: CVI_INV, F07e: Wenn ja,was,wo? V.saphena parva,
  valueType: integer,
  name: s1.inv_f07e,
  id: var-ship-s1_inv_f07e,
  label: CVI_INV, F07e: If so, what, where? v. saphena parva,
  source: Questionnaire,
  dataset: ship-start,
  target: Participant
}"
28249,Variable,"{
  label_de: CVI_INV, F07b: Wenn ja, wann (Monat/Jahr), erste Zeiteingabe,
  valueType: datetime,
  name: s1.inv_f07b,
  id: var-ship-s1_inv_f07b,
  label: CVI_INV, F07b: If so, when (month/year), first time specification:,
  source: Questionnaire,
  dataset: ship-start,
  target: Participant
}"
28250,Variable,"{
  label_de: CVI_INV, F07a: Invasive Eingriffe am Venensystem,
  valueType: integer,
  name: s1.inv_f07a,
  id: var-ship-s1_inv_f07a,
  label: CVI_INV, F07a: invasive interventions on the venous system,
  source: Questionnaire,
  dataset: ship-start,
  target: Participant
}"
28251,Variable,"{
  label_de: CVI_INV, F07h: Wenn ja,was,wo? nicht bekannt,
  valueType: integer,
  name: s1.inv_f07h,
  id: var-ship-s1_inv_f07h,
  label: CVI_INV, F07h: If so, what, where? unknown,
  source: Questionnaire,
  dataset: ship-start,
  target: Participant
}"
28252,Variable,"{
  label_de: CVI_INV, F07g: Wenn ja,was,wo? Perforantes,
  valueType: integer,
  name: s1.inv_f07g,
  id: var-ship-s1_inv_f07g,
  label: CVI_INV, F07g: If so, what, where? perforantes,
  source: Questionnaire,
  dataset: ship-start,
  target: Participant
}"
28253,Variable,"{
  label_de: CVI_INV, F09f: Wenn ja,was,wo? nicht bekannt,
  valueType: integer,
  name: s1.inv_f09f,
  id: var-ship-s1_inv_f09f,
  label: CVI_INV, F09f: If so, what, where? unknown,
  source: Questionnaire,
  dataset: ship-start,
  target: Participant
}"
28254,Variable,"{
  label_de: CVI_INV, F09e: Wenn ja,was,wo? Seitenast,
  valueType: integer,
  name: s1.inv_f09e,
  id: var-ship-s1_inv_f09e,
  label: CVI_INV, F09e: If so, what, where? side bough,
  source: Questionnaire,
  dataset: ship-start,
  target: Participant
}"
28255,Variable,"{
  label_de: CVI_INV, F09b: Laser endoluminal,
  valueType: integer,
  name: s1.inv_f09b,
  id: var-ship-s1_inv_f09b,
  label: CVI_INV, F09b: laser, endoluminal,
  source: Questionnaire,
  dataset: ship-start,
  target: Participant
}"
28256,Variable,"{
  label_de: CVI_INV, F09a: Laser oberflächlich/kosmetisch,
  valueType: integer,
  name: s1.inv_f09a,
  id: var-ship-s1_inv_f09a,
  label: CVI_INV, F09a: laser, facile/cosmetic,
  source: Questionnaire,
  dataset: ship-start,
  target: Participant
}"
28257,Variable,"{
  label_de: CVI_INV, F09d: Wenn ja,was,wo? V. saphena parva,
  valueType: integer,
  name: s1.inv_f09d,
  id: var-ship-s1_inv_f09d,
  label: CVI_INV, F09d: If so, what, where? v, saphena parva,
  source: Questionnaire,
  dataset: ship-start,
  target: Participant
}"
28258,Variable,"{
  label_de: CVI_INV, F09c: Wenn ja,was,wo? V. saphena magna,
  valueType: integer,
  name: s1.inv_f09c,
  id: var-ship-s1_inv_f09c,
  label: CVI_INV, F09c: If so, what, where? v. saphena magna,
  source: Questionnaire,
  dataset: ship-start,
  target: Participant
}"
28259,Variable,"{
  label_de: Wurde bei Ihnen in den letzten 5 Jahren eine Radiojodtherapie durchgeführt?,
  valueType: integer,
  name: s1.jod_1,
  id: var-ship-s1_jod_1,
  label: Have you been treated with a radioiodine therapy during the last 5 years?,
  source: Questionnaire,
  dataset: ship-start,
  target: Participant
}"
28260,Variable,"{
  label_de: wann?,
  valueType: integer,
  name: s1.jod_2,
  id: var-ship-s1_jod_2,
  label: When?,
  source: Questionnaire,
  dataset: ship-start,
  target: Participant
}"
28261,Variable,"{
  label_de: Neuraltherapie (Heilbetäubungen, Lokalanästhesie),
  valueType: integer,
  name: s0.neural1,
  id: var-ship-s0_neural1,
  label: neuraltherapy,
  source: Questionnaire,
  dataset: ship-start,
  target: Participant
}"
28262,Variable,"{
  label_de: Warum waren Sie das letzte Mal bei Ihrer(m) Zahnärztin(Zahnarzt)? Weiß nicht,
  valueType: integer,
  name: s1.whyza_10,
  id: var-ship-s1_whyza_10,
  label: What was the reason for your last visit to your dentist? I don t know,
  source: Questionnaire,
  dataset: ship-start,
  target: Participant
}"
28263,Variable,"{
  label_de: DER_INT: Wie viele Operationen sind Ihnen bekannt?,
  valueType: integer,
  name: s2.cvi_arz_09,
  id: var-ship-s2_cvi_arz_09,
  label: DER_INT: How many operations do you remember?,
  source: Questionnaire,
  dataset: ship-start,
  target: Participant
}"
28264,Variable,"{
  label_de: Aortenklappenersatz,
  valueType: integer,
  name: s4.akl_sonst_aklersatz,
  id: var-ship-s4_akl_sonst_aklersatz,
  label: aortic valve replacement,
  source: Questionnaire,
  dataset: ship-start,
  target: Participant
}"
28265,Variable,"{
  label_de: In welchem Jahr war das bzw. wie alt waren sie damals? (Alter),
  valueType: decimal,
  name: s3.frau_07b,
  id: var-ship-s3_frau_07b,
  label: What year was it or how old were they at the time? (age),
  source: Questionnaire,
  dataset: ship-start,
  target: Participant
}"
28266,Variable,"{
  label_de: TRAFO: Jemals einen Eingriff an der Brust gehabt?,
  valueType: integer,
  name: s0.breast_s0,
  id: var-ship-s0_breast_s0,
  label: TRAFO: Ever had a surgery of the breast?,
  source: Questionnaire,
  dataset: ship-start,
  target: Participant
}"
28267,Variable,"{
  label_de: In welchem Jahr war das bzw. wie alt waren sie damals? (Jahr),
  valueType: decimal,
  name: s3.frau_07a,
  id: var-ship-s3_frau_07a,
  label: In which year was this or how old were you at that time? (year),
  source: Questionnaire,
  dataset: ship-start,
  target: Participant
}"
28268,Variable,"{
  label_de: In welchem Jahr war das bzw. wie alt waren sie damals? (Jahr),
  valueType: decimal,
  name: s3.frau_08a,
  id: var-ship-s3_frau_08a,
  label: What year was this or how old were you at the time? (year),
  source: Questionnaire,
  dataset: ship-start,
  target: Participant
}"
28269,Variable,"{
  label_de: In welchem Jahr war das bzw. wie alt waren sie damals? (Alter),
  valueType: decimal,
  name: s3.frau_08b,
  id: var-ship-s3_frau_08b,
  label: What year was this or how old were they at the time? (age),
  source: Questionnaire,
  dataset: ship-start,
  target: Participant
}"
28270,Variable,"{
  label_de: In welchem Jahr war das bzw. wie alt waren sie damals? (Alter),
  valueType: decimal,
  name: s3.frau_09b,
  id: var-ship-s3_frau_09b,
  label: What year was this or how old were they at the time? (age),
  source: Questionnaire,
  dataset: ship-start,
  target: Participant
}"
28271,Variable,"{
  label_de: In welchem Jahr war das bzw. wie alt waren sie damals? (Jahr),
  valueType: decimal,
  name: s3.frau_09a,
  id: var-ship-s3_frau_09a,
  label: In which year was this or how old were you at that time? (year),
  source: Questionnaire,
  dataset: ship-start,
  target: Participant
}"
28272,Variable,"{
  label_de: War dies innerhalb der letzten 12 Monate?,
  valueType: integer,
  name: s0.check12,
  id: var-ship-s0_check12,
  label: preventive medical checkup: Did it take place during the last 12 months?,
  source: Questionnaire,
  dataset: ship-start,
  target: Participant
}"
28273,Variable,"{
  label_de: Warum waren Sie das letzte Mal bei Ihrer(m) Zahnärztin(Zahnarzt)? Welcher andere,
  valueType: text,
  name: s1.whyand,
  id: var-ship-s1_whyand,
  label: What was the reason for your last visit to your dentist? Which other reason,
  source: Questionnaire,
  dataset: ship-start,
  target: Participant
}"
28274,Variable,"{
  label_de: In welchem Jahr war das bzw. wie alt waren sie damals? (Jahr),
  valueType: decimal,
  name: s3.frau_20a,
  id: var-ship-s3_frau_20a,
  label: What year was this or how old were you at the time? (year),
  source: Questionnaire,
  dataset: ship-start,
  target: Participant
}"
28275,Variable,"{
  label_de: In welchem Jahr war das bzw. wie alt waren sie damals? (Alter),
  valueType: decimal,
  name: s3.frau_20b,
  id: var-ship-s3_frau_20b,
  label: What year was this or how old were they at the time? (age),
  source: Questionnaire,
  dataset: ship-start,
  target: Participant
}"
28276,Variable,"{
  label_de: Oberflächliche Wärme- oder Kälteanwendungen (z.B. Rotlicht, Packungen),
  valueType: integer,
  name: s0.oberf1,
  id: var-ship-s0_oberf1,
  label: superficial heat and cold treatments,
  source: Questionnaire,
  dataset: ship-start,
  target: Participant
}"
28277,Variable,"{
  label_de: Wurde bei Ihnen jemals eine Radiojodtherapie durchgeführt?,
  valueType: integer,
  name: s3.schild_03,
  id: var-ship-s3_schild_03,
  label: Has a radioiodine therapy ever been administered?,
  source: Questionnaire,
  dataset: ship-start,
  target: Participant
}"
28278,Variable,"{
  label_de: oder Jodtabletten eingenommen?,
  valueType: integer,
  name: s2.s2_medik_05,
  id: var-ship-s2_s2_medik_05,
  label: or taken iodine tablets?,
  source: Questionnaire,
  dataset: ship-start,
  target: Participant
}"
28279,Variable,"{
  label_de: Z.n. Schilddrüsen - OP?,
  valueType: integer,
  name: s4.sd_op,
  id: var-ship-s4_sd_op,
  label: condition after thyroid surgery?,
  source: Questionnaire,
  dataset: ship-start,
  target: Participant
}"
28280,Variable,"{
  label_de: War dies innerhalb der letzten 12 Monate? Vorsorgeuntersuchung,
  valueType: integer,
  name: s2.s2_inan_08,
  id: var-ship-s2_s2_inan_08,
  label: Was that within the last 12 months? medical check-up,
  source: Questionnaire,
  dataset: ship-start,
  target: Participant
}"
28281,Variable,"{
  label_de: Haben Sie jemals an einer anderen Vorsorgeuntersuchung, einem sogenannten Gesund,
  valueType: integer,
  name: s2.s2_inan_07,
  id: var-ship-s2_s2_inan_07,
  label: Have you ever participated in another medical check-up?,
  source: Questionnaire,
  dataset: ship-start,
  target: Participant
}"
28282,Variable,"{
  label_de: War dies innerhalb der letzten 12 Monate? Krebsfrüherkennungsuntersuchung,
  valueType: integer,
  name: s2.s2_inan_06,
  id: var-ship-s2_s2_inan_06,
  label: Was that within the last 12 months? early cancer diagnosis examination,
  source: Questionnaire,
  dataset: ship-start,
  target: Participant
}"
28283,Variable,"{
  label_de: Haben Sie jemals an einer Krebsfrüherkennungsuntersuchung teilgenommen?,
  valueType: integer,
  name: s2.s2_inan_05,
  id: var-ship-s2_s2_inan_05,
  label: Have you ever participated in an early cancer diagnosis examination?,
  source: Questionnaire,
  dataset: ship-start,
  target: Participant
}"
28284,Variable,"{
  label_de: Hatten Sie eine prothetische Versorgung in den letzten 5 Jahren?,
  valueType: integer,
  name: s4.dex_prosthes_zprot,
  id: var-ship-s4_dex_prosthes_zprot,
  label: Did you have a prosthetic care during the last 5 years?,
  source: Questionnaire,
  dataset: ship-start,
  target: Participant
}"
28285,Variable,"{
  label_de: LEG_SA, F01: eine Operation erforderten?,
  valueType: integer,
  name: sl.leg_sa_absz_op,
  id: var-ship-sl_leg_sa_absz_op,
  label: LEG_SA, F01: required surgery?,
  source: Questionnaire,
  dataset: ship-start,
  target: Participant
}"
28286,Variable,"{
  label_de: Wann ist Ihr Blutdruck zuletzt gemessen worden?,
  valueType: integer,
  name: s0.rrwann,
  id: var-ship-s0_rrwann,
  label: When was the last time you had your blood pressure checked?,
  source: Questionnaire,
  dataset: ship-start,
  target: Participant
}"
28287,Variable,"{
  label_de: Hatten Sie eine prothetische Versorgung in den letzten 5 Jahren?,
  valueType: integer,
  name: s2.dex_prosthes_zprot,
  id: var-ship-s2_dex_prosthes_zprot,
  label: DEX: PROSTHES: Did you have a prosthetic care during the last 5 years?,
  source: Questionnaire,
  dataset: ship-start,
  target: Participant
}"
28288,Variable,"{
  label_de: Akkupunktur, Akupressur,
  valueType: integer,
  name: s0.aku1,
  id: var-ship-s0_aku1,
  label: acupuncture,
  source: Questionnaire,
  dataset: ship-start,
  target: Participant
}"
28289,Variable,"{
  label_de: nativ: Lokalisation Pankreas-/Magenoperation,
  valueType: text,
  name: s2.mrt_pnk_npm1,
  id: var-ship-s2_mrt_pnk_npm1,
  label: native: location pancreatic/stomach operation,
  source: Questionnaire,
  dataset: ship-start,
  target: Participant
}"
28290,Variable,"{
  label_de: Gehen Sie nur zum Zahnarzt, wenn Sie Schmerzen oder Beschwerden haben, oder gehe,
  valueType: integer,
  name: s1.kontr,
  id: var-ship-s1_kontr,
  label: Do you only consult a dentist because of pain or complaints or also for regular ,
  source: Questionnaire,
  dataset: ship-start,
  target: Participant
}"
28291,Variable,"{
  label_de: Hat Ihnen der Arzt gesagt, daß Ihr EKG in Ordnung (normal) ist?,
  valueType: integer,
  name: s0.ekgok,
  id: var-ship-s0_ekgok,
  label: Has a doctor ever told you that your ECG is normal?,
  source: Questionnaire,
  dataset: ship-start,
  target: Participant
}"
28292,Variable,"{
  label_de: Spezielle Ernährungstherapie (z.B. Trennkost, Heilfasten, Makrobiotik),
  valueType: integer,
  name: s0.diet1,
  id: var-ship-s0_diet1,
  label: dietetic treatment,
  source: Questionnaire,
  dataset: ship-start,
  target: Participant
}"
28293,Variable,"{
  label_de: Akupunktur,
  valueType: integer,
  name: s1.rau_x12,
  id: var-ship-s1_rau_x12,
  label: Acupuncture,
  source: Questionnaire,
  dataset: ship-start,
  target: Participant
}"
28294,Variable,"{
  label_de: Raucherentwöhnungskurs,
  valueType: integer,
  name: s1.rau_x11,
  id: var-ship-s1_rau_x11,
  label: A course for smokers stop smoking,
  source: Questionnaire,
  dataset: ship-start,
  target: Participant
}"
28295,Variable,"{
  label_de: Bewertung heute LT,
  valueType: integer,
  name: sl.k21bhlt,
  id: var-ship-sl_k21bhlt,
  label: Valuation today LT,
  source: Questionnaire,
  dataset: ship-start,
  target: Other
}"
28296,Variable,"{
  label_de: Bewertung damals 12,
  valueType: integer,
  name: sl.k22bd12,
  id: var-ship-sl_k22bd12,
  label: Rating then 12,
  source: Questionnaire,
  dataset: ship-start,
  target: Other
}"
28297,Variable,"{
  label_de: Bewertung heute ZE,
  valueType: integer,
  name: sl.k21bhze,
  id: var-ship-sl_k21bhze,
  label: Evaluation today ZE,
  source: Questionnaire,
  dataset: ship-start,
  target: Other
}"
28298,Variable,"{
  label_de: Bewertung damals 5J,
  valueType: integer,
  name: sl.k22bd5j,
  id: var-ship-sl_k22bd5j,
  label: Rating at that time 5J,
  source: Questionnaire,
  dataset: ship-start,
  target: Other
}"
28299,Variable,"{
  label_de: Wie oft waren Sie schwanger?,
  valueType: integer,
  name: s0.ngravid,
  id: var-ship-s0_ngravid,
  label: How many times have you been pregnant?,
  source: Questionnaire,
  dataset: ship-start,
  target: Participant
}"
28300,Variable,"{
  label_de: Dauer bis heute IPA -,
  valueType: integer,
  name: sl.k21dpam,
  id: var-ship-sl_k21dpam,
  label: Duration until today IPA -,
  source: Questionnaire,
  dataset: ship-start,
  target: Other
}"
28301,Variable,"{
  label_de: Dauer bis heute IPA +,
  valueType: integer,
  name: sl.k21dpap,
  id: var-ship-sl_k21dpap,
  label: Duration to date IPA +,
  source: Questionnaire,
  dataset: ship-start,
  target: Other
}"
28302,Variable,"{
  label_de: Bewertung heute 5J,
  valueType: integer,
  name: sl.k21bh5j,
  id: var-ship-sl_k21bh5j,
  label: Rating today 5J,
  source: Questionnaire,
  dataset: ship-start,
  target: Other
}"
28303,Variable,"{
  label_de: Waren Sie in den letzten 5 Jahren schwanger (gemeint ist auch zur Zeit)?,
  valueType: decimal,
  name: s1.frau_8,
  id: var-ship-s1_frau_8,
  label: Have you been pregnant in the last 5 years or are you at the moment?,
  source: Questionnaire,
  dataset: ship-start,
  target: Participant
}"
28304,Variable,"{
  label_de: Wie oft?,
  valueType: decimal,
  name: s1.frau_9,
  id: var-ship-s1_frau_9,
  label: How many times?,
  source: Questionnaire,
  dataset: ship-start,
  target: Participant
}"
28305,Variable,"{
  label_de: Haben Sie Regelblutungen?,
  valueType: integer,
  name: s1.frau_1,
  id: var-ship-s1_frau_1,
  label: Do you have periods?,
  source: Questionnaire,
  dataset: ship-start,
  target: Participant
}"
28306,Variable,"{
  label_de: Wie alt waren Sie etwa, als Ihre Regelblutungen aufgehört haben?,
  valueType: decimal,
  name: s1.frau_2,
  id: var-ship-s1_frau_2,
  label: How old were you when your periods stopped?,
  source: Questionnaire,
  dataset: ship-start,
  target: Participant
}"
28307,Variable,"{
  label_de: Bewertung heute 12 LT,
  valueType: integer,
  name: sl.k21bh12,
  id: var-ship-sl_k21bh12,
  label: Evaluation today 12 LT,
  source: Questionnaire,
  dataset: ship-start,
  target: Other
}"
28308,Variable,"{
  label_de: Eintrittsalter,
  valueType: integer,
  name: s2.mrt_mamana_meage,
  id: var-ship-s2_mrt_mamana_meage,
  label: age at entry,
  source: Questionnaire,
  dataset: ship-start,
  target: Participant
}"
28309,Variable,"{
  label_de: Bewertung heute 12 LT,
  valueType: integer,
  name: sl.k22bh12,
  id: var-ship-sl_k22bh12,
  label: Valuation today 12 LT,
  source: Questionnaire,
  dataset: ship-start,
  target: Other
}"
28310,Variable,"{
  label_de: Dauer bis heute SDE,
  valueType: integer,
  name: sl.k21dsde,
  id: var-ship-sl_k21dsde,
  label: Duration until today SDE,
  source: Questionnaire,
  dataset: ship-start,
  target: Other
}"
28311,Variable,"{
  label_de: Bewertung heute 5J,
  valueType: integer,
  name: sl.k22bh5j,
  id: var-ship-sl_k22bh5j,
  label: Valuation today 5J,
  source: Questionnaire,
  dataset: ship-start,
  target: Other
}"
28312,Variable,"{
  label_de: Bewertung heute 1DE,
  valueType: integer,
  name: sl.k22bh1de,
  id: var-ship-sl_k22bh1de,
  label: Valuation today 1DE,
  source: Questionnaire,
  dataset: ship-start,
  target: Other
}"
28313,Variable,"{
  label_de: Anzahl der Ereignisse 12 LT,
  valueType: integer,
  name: sl.k22a12,
  id: var-ship-sl_k22a12,
  label: Number of events 12 LT,
  source: Questionnaire,
  dataset: ship-start,
  target: Other
}"
28314,Variable,"{
  label_de: Bewertung heute 1SuD,
  valueType: integer,
  name: sl.k22bh1nd,
  id: var-ship-sl_k22bh1nd,
  label: Valuation today 1SuD,
  source: Questionnaire,
  dataset: ship-start,
  target: Other
}"
28315,Variable,"{
  label_de: Bewertung heute IPA +,
  valueType: integer,
  name: sl.k21bhpap,
  id: var-ship-sl_k21bhpap,
  label: Evaluation today IPA +,
  source: Questionnaire,
  dataset: ship-start,
  target: Other
}"
28316,Variable,"{
  label_de: Bewertung heute IPA -,
  valueType: integer,
  name: sl.k21bhpam,
  id: var-ship-sl_k21bhpam,
  label: Evaluation today IPA -,
  source: Questionnaire,
  dataset: ship-start,
  target: Other
}"
28317,Variable,"{
  label_de: Bewertung damals LT,
  valueType: integer,
  name: sl.k22bdlt,
  id: var-ship-sl_k22bdlt,
  label: Rating at that time LT,
  source: Questionnaire,
  dataset: ship-start,
  target: Other
}"
28318,Variable,"{
  label_de: Bewertung damals ZE,
  valueType: integer,
  name: sl.k22bdze,
  id: var-ship-sl_k22bdze,
  label: Evaluation at that time ZE,
  source: Questionnaire,
  dataset: ship-start,
  target: Other
}"
28319,Variable,"{
  label_de: Nehmen Sie derzeit die Antibaby-Pille ein?,
  valueType: integer,
  name: s3.frau_12a,
  id: var-ship-s3_frau_12a,
  label: Are you taking the (birth control) pill at the moment?,
  source: Questionnaire,
  dataset: ship-start,
  target: Participant
}"
28320,Variable,"{
  label_de: Welcher andere Grund?,
  valueType: text,
  name: s3.frau_16b,
  id: var-ship-s3_frau_16b,
  label: What other reason?,
  source: Questionnaire,
  dataset: ship-start,
  target: Participant
}"
28321,Variable,"{
  label_de: In welchem Jahr haben ihre Blutungen aufgehört bzw. wie alt waren Sie damals? (J,
  valueType: decimal,
  name: s3.frau_17a,
  id: var-ship-s3_frau_17a,
  label: In what year did your bleeding stop or how old were you at that time? (year),
  source: Questionnaire,
  dataset: ship-start,
  target: Participant
}"
28322,Variable,"{
  label_de: Bewertung heute IPA -,
  valueType: integer,
  name: sl.k22bhpam,
  id: var-ship-sl_k22bhpam,
  label: Evaluation today IPA -,
  source: Questionnaire,
  dataset: ship-start,
  target: Other
}"
28323,Variable,"{
  label_de: Bewertung heute IPA +,
  valueType: integer,
  name: sl.k22bhpap,
  id: var-ship-sl_k22bhpap,
  label: Valuation today IPA +,
  source: Questionnaire,
  dataset: ship-start,
  target: Other
}"
28324,Variable,"{
  label_de: Haben Ihre Regelblutungen im Verlauf der natürlichen Menopause (Wechseljahre) au,
  valueType: integer,
  name: s0.natmenop,
  id: var-ship-s0_natmenop,
  label: Did your period stop due to your menopause (climacteric period) or did it stop i,
  source: Questionnaire,
  dataset: ship-start,
  target: Participant
}"
28325,Variable,"{
  label_de: Waren Sie jemals schwanger?,
  valueType: integer,
  name: s0.gravid,
  id: var-ship-s0_gravid,
  label: have you ever been pregnant?,
  source: Questionnaire,
  dataset: ship-start,
  target: Participant
}"
28326,Variable,"{
  label_de: Haben Sie bzw. Ihre Partnerin jemals ein geistig oder körperlich behindertes Kin,
  valueType: integer,
  name: sl.k22lt,
  id: var-ship-sl_k22lt,
  label: Have you or your partner ever given birth to a mentally or physically handicappe,
  source: Questionnaire,
  dataset: ship-start,
  target: Other
}"
28327,Variable,"{
  label_de: Haben Sie bzw. Ihre Partnerin ein gesundes Kind bzw. gesunde Kinder zur Welt geb,
  valueType: integer,
  name: sl.k21lt,
  id: var-ship-sl_k21lt,
  label: Have you or your partner given birth to a healthy child or children?,
  source: Questionnaire,
  dataset: ship-start,
  target: Other
}"
28328,Variable,"{
  label_de: Bewertung heute SDE,
  valueType: integer,
  name: sl.k22bhsde,
  id: var-ship-sl_k22bhsde,
  label: Valuation today SDE,
  source: Questionnaire,
  dataset: ship-start,
  target: Other
}"
28329,Variable,"{
  label_de: Bewertung damals LT,
  valueType: integer,
  name: sl.k21bdlt,
  id: var-ship-sl_k21bdlt,
  label: Rating at that time LT,
  source: Questionnaire,
  dataset: ship-start,
  target: Other
}"
28330,Variable,"{
  label_de: Bewertung damals ZE,
  valueType: integer,
  name: sl.k21bdze,
  id: var-ship-sl_k21bdze,
  label: Evaluation then ZE,
  source: Questionnaire,
  dataset: ship-start,
  target: Other
}"
28331,Variable,"{
  label_de: Liegt eine mögliche Schwangerschaft vor?,
  valueType: integer,
  name: s2.mrt_allg_schw,
  id: var-ship-s2_mrt_allg_schw,
  label: Is it possible that you are pregnant?,
  source: Questionnaire,
  dataset: ship-start,
  target: Participant
}"
28332,Variable,"{
  label_de: TRAFO: Jemals eine Sterilisation gehabt?,
  valueType: integer,
  name: s0.steri_s0,
  id: var-ship-s0_steri_s0,
  label: TRAFO: Ever had a sterilisation?,
  source: Questionnaire,
  dataset: ship-start,
  target: Participant
}"
28333,Variable,"{
  label_de: Bewertung damals 5J,
  valueType: integer,
  name: sl.k21bd5j,
  id: var-ship-sl_k21bd5j,
  label: Evaluation at that time 5J,
  source: Questionnaire,
  dataset: ship-start,
  target: Other
}"
28334,Variable,"{
  label_de: Bewertung damals 12,
  valueType: integer,
  name: sl.k21bd12,
  id: var-ship-sl_k21bd12,
  label: Valuation then 12,
  source: Questionnaire,
  dataset: ship-start,
  target: Other
}"
28335,Variable,"{
  label_de: Zykluslänge bekannt?,
  valueType: decimal,
  name: s2.mrt_mamana_zylaebe,
  id: var-ship-s2_mrt_mamana_zylaebe,
  label: cycle length known,
  source: Questionnaire,
  dataset: ship-start,
  target: Participant
}"
28336,Variable,"{
  label_de: Anzahl der Ereignisse IPA +,
  valueType: integer,
  name: sl.k22apap,
  id: var-ship-sl_k22apap,
  label: Number of events IPA +,
  source: Questionnaire,
  dataset: ship-start,
  target: Other
}"
28337,Variable,"{
  label_de: Anzahl der Ereignisse IPA -,
  valueType: integer,
  name: sl.k22apam,
  id: var-ship-sl_k22apam,
  label: Number of events IPA -,
  source: Questionnaire,
  dataset: ship-start,
  target: Other
}"
28338,Variable,"{
  label_de: TRAFO: Menopause,
  valueType: integer,
  name: s0.menopause_s0,
  id: var-ship-s0_menopause_s0,
  label: TRAFO: Menopause,
  source: Questionnaire,
  dataset: ship-start,
  target: Participant
}"
28339,Variable,"{
  label_de: Lebensbereich 31-35,
  valueType: integer,
  name: sl.k22lb6,
  id: var-ship-sl_k22lb6,
  label: Life area 31-35,
  source: Questionnaire,
  dataset: ship-start,
  target: Other
}"
28340,Variable,"{
  label_de: Lebensbereich 36-40,
  valueType: integer,
  name: sl.k22lb7,
  id: var-ship-sl_k22lb7,
  label: Life area 36-40,
  source: Questionnaire,
  dataset: ship-start,
  target: Other
}"
28341,Variable,"{
  label_de: Lebensbereich 21-25,
  valueType: integer,
  name: sl.k22lb4,
  id: var-ship-sl_k22lb4,
  label: Life area 21-25,
  source: Questionnaire,
  dataset: ship-start,
  target: Other
}"
28342,Variable,"{
  label_de: Lebensbereich 26-30,
  valueType: integer,
  name: sl.k22lb5,
  id: var-ship-sl_k22lb5,
  label: Life area 26-30,
  source: Questionnaire,
  dataset: ship-start,
  target: Other
}"
28343,Variable,"{
  label_de: Lebensbereich 41-45,
  valueType: integer,
  name: sl.k22lb8,
  id: var-ship-sl_k22lb8,
  label: Life area 41-45,
  source: Questionnaire,
  dataset: ship-start,
  target: Other
}"
28344,Variable,"{
  label_de: Lebensbereich 46-50,
  valueType: integer,
  name: sl.k22lb9,
  id: var-ship-sl_k22lb9,
  label: Life area 46-50,
  source: Questionnaire,
  dataset: ship-start,
  target: Other
}"
28345,Variable,"{
  label_de: ATC: aus ABDA (ca. 2000),
  valueType: text,
  name: s0.atc_abd,
  id: var-ship-s0_atc_abd,
  label: ATC: from ABDA (ca. 2000),
  source: Questionnaire,
  dataset: ship-start,
  target: Participant
}"
28346,Variable,"{
  label_de: CVI_INV, F08e: Wenn ja,wo,was? V. saphena magna,
  valueType: integer,
  name: s1.inv_f08e,
  id: var-ship-s1_inv_f08e,
  label: CVI_INV, F08e: If so, where, what? v. saphena magna,
  source: Questionnaire,
  dataset: ship-start,
  target: Participant
}"
28347,Variable,"{
  label_de: CVI_INV, F08d: Wenn ja,wo,was? Retikuläre Varizen,
  valueType: integer,
  name: s1.inv_f08d,
  id: var-ship-s1_inv_f08d,
  label: CVI_INV, F08d: If so, wherer, what? reticular varices,
  source: Questionnaire,
  dataset: ship-start,
  target: Participant
}"
28348,Variable,"{
  label_de: CVI_INV, F08g: Wenn ja,wo,was? Seitenast,
  valueType: integer,
  name: s1.inv_f08g,
  id: var-ship-s1_inv_f08g,
  label: CVI_INV, F08g: If so, where, what? side bough,
  source: Questionnaire,
  dataset: ship-start,
  target: Participant
}"
28349,Variable,"{
  label_de: CVI_INV, F08f: Wenn ja,wo,was? V. saphena parva,
  valueType: integer,
  name: s1.inv_f08f,
  id: var-ship-s1_inv_f08f,
  label: CVI_INV, F08f: If so, where, what? v. saphena parva,
  source: Questionnaire,
  dataset: ship-start,
  target: Participant
}"
28350,Variable,"{
  label_de: CVI_INV, F08a: Sklerosierungstherapie,
  valueType: integer,
  name: s1.inv_f08a,
  id: var-ship-s1_inv_f08a,
  label: CVI_INV, F08a: sclerotherapy,
  source: Questionnaire,
  dataset: ship-start,
  target: Participant
}"
28351,Variable,"{
  label_de: CVI_INV, F08c: Wenn ja, wann (Monat/Jahr), zweite Zeiteingabe,
  valueType: datetime,
  name: s1.inv_f08c,
  id: var-ship-s1_inv_f08c,
  label: CVI_INV, F08c: If so, when (month/year), second time specification:,
  source: Questionnaire,
  dataset: ship-start,
  target: Participant
}"
28352,Variable,"{
  label_de: CVI_INV, F08b: Wenn ja, wann (Monat/Jahr), erste Zeiteingabe,
  valueType: datetime,
  name: s1.inv_f08b,
  id: var-ship-s1_inv_f08b,
  label: CVI_INV, F08b: If so, when (month/year), first time specification:,
  source: Questionnaire,
  dataset: ship-start,
  target: Participant
}"
28353,Variable,"{
  label_de: CVI_INV, F08i: Wenn ja,wo,was? nicht bekannt,
  valueType: integer,
  name: s1.inv_f08i,
  id: var-ship-s1_inv_f08i,
  label: CVI_INV, F08i: If so, where, what? unknown,
  source: Questionnaire,
  dataset: ship-start,
  target: Participant
}"
28354,Variable,"{
  label_de: CVI_INV, F08h: Wenn ja,wo,was? Perforantes,
  valueType: integer,
  name: s1.inv_f08h,
  id: var-ship-s1_inv_f08h,
  label: CVI_INV, F08h: If so, where, what? perforantes,
  source: Questionnaire,
  dataset: ship-start,
  target: Participant
}"
28355,Variable,"{
  label_de: PHA: Packungsgröße,
  valueType: integer,
  name: s2.pg,
  id: var-ship-s2_pg,
  label: PHA: package/packaging size,
  source: Questionnaire,
  dataset: ship-start,
  target: Participant
}"
28356,Variable,"{
  label_de: PHA-NC: Nachkodierung erfolgt,
  valueType: integer,
  name: s2.nc,
  id: var-ship-s2_nc,
  label: PHA-NC:  code revision takes place/will be made,
  source: Questionnaire,
  dataset: ship-start,
  target: Participant
}"
28357,Variable,"{
  label_de: TRAFO: Diclofenac,
  valueType: integer,
  name: s0.atc_m01ab05_s0,
  id: var-ship-s0_atc_m01ab05_s0,
  label: TRAFO: Diclofenac,
  source: Questionnaire,
  dataset: ship-start,
  target: Participant
}"
28358,Variable,"{
  label_de: Nehmen Sie Medikamente (z.B. Sprays oder Tabletten) zur Behandlung einer Lungene,
  valueType: integer,
  name: s3.pre_lungmedic,
  id: var-ship-s3_pre_lungmedic,
  label: Do you take any medication (e.g. spray or tablets) for the treatment of lung des,
  source: Questionnaire,
  dataset: ship-start,
  target: Participant
}"
28359,Variable,"{
  label_de: TRAFO: Antidepressiva,
  valueType: integer,
  name: s0.atc_n06a_s0,
  id: var-ship-s0_atc_n06a_s0,
  label: TRAFO: Antidepressants,
  source: Questionnaire,
  dataset: ship-start,
  target: Participant
}"
28360,Variable,"{
  label_de: TRAFO: Antivertiginosa,
  valueType: integer,
  name: s0.atc_n07c_s0,
  id: var-ship-s0_atc_n07c_s0,
  label: TRAFO: Antivertigo preparations,
  source: Questionnaire,
  dataset: ship-start,
  target: Participant
}"
28361,Variable,"{
  label_de: ATC: Referenz für Analysen,
  valueType: text,
  name: s0.atc_all,
  id: var-ship-s0_atc_all,
  label: ATC: reference for analyses,
  source: Questionnaire,
  dataset: ship-start,
  target: Participant
}"
28362,Variable,"{
  label_de: Falls Sie schon in den Wechseljahren sind oder waren, haben Sie im Verlauf der W,
  valueType: integer,
  name: s1.frau_4,
  id: var-ship-s1_frau_4,
  label: If you already are or have been going through the menopause, did you take or use,
  source: Questionnaire,
  dataset: ship-start,
  target: Participant
}"
28363,Variable,"{
  label_de: Wie lange haben Sie ungefähr Hormonpräparate eingenommen?,
  valueType: decimal,
  name: s1.frau_5,
  id: var-ship-s1_frau_5,
  label: How long did you approximately take hormone preparations?,
  source: Questionnaire,
  dataset: ship-start,
  target: Participant
}"
28364,Variable,"{
  label_de: Waren oder sind Sie wegen der Befundmitteilung aus der Inneren Medizin in ärztli,
  valueType: integer,
  name: s2.mrtmfu_befund_inn_03,
  id: var-ship-s2_mrtmfu_befund_inn_03,
  label: Are you or have you been in medical treatment because of the message from intern,
  source: Questionnaire,
  dataset: ship-start,
  target: Participant
}"
28365,Variable,"{
  label_de: PHA: Preis in Cent,
  valueType: decimal,
  name: s3.preis,
  id: var-ship-s3_preis,
  label: PHA: price in cent,
  source: Questionnaire,
  dataset: ship-start,
  target: Participant
}"
28366,Variable,"{
  label_de: PHA: original central pharma number,
  valueType: decimal,
  name: s1.pzn_orig,
  id: var-ship-s1_pzn_orig,
  label: PHA: original central pharma number,
  source: Questionnaire,
  dataset: ship-start,
  target: Participant
}"
28367,Variable,"{
  label_de: PHA: Einnahmeintervall,
  valueType: integer,
  name: s2.einnahmeintervall,
  id: var-ship-s2_einnahmeintervall,
  label: PHA: intake interval,
  source: Questionnaire,
  dataset: ship-start,
  target: Participant
}"
28368,Variable,"{
  label_de: KORR: Änderungsinfo V2 >> V3,
  valueType: integer,
  name: s0.korr_v2_v3,
  id: var-ship-s0_korr_v2_v3,
  label: KORR: Change info V2 >> V3,
  source: Questionnaire,
  dataset: ship-start,
  target: Participant
}"
28369,Variable,"{
  label_de: PHA-NC: Nachkodierungsquelle,
  valueType: integer,
  name: s3.nc_ident,
  id: var-ship-s3_nc_ident,
  label: PHA-NC: code revision source,
  source: Questionnaire,
  dataset: ship-start,
  target: Participant
}"
28370,Variable,"{
  label_de: TRAFO: Vasodilatatoren (Nitrate),
  valueType: integer,
  name: s0.atc_c01da_s0,
  id: var-ship-s0_atc_c01da_s0,
  label: TRAFO: Vasodilators (nitrates),
  source: Questionnaire,
  dataset: ship-start,
  target: Participant
}"
28371,Variable,"{
  label_de: Preis in Cent,
  valueType: integer,
  name: s1.preis,
  id: var-ship-s1_preis,
  label: price in cent,
  source: Questionnaire,
  dataset: ship-start,
  target: Participant
}"
28372,Variable,"{
  label_de: TRAFO: Nitrendipin,
  valueType: integer,
  name: s0.atc_c08ca08_s0,
  id: var-ship-s0_atc_c08ca08_s0,
  label: TRAFO: Nitrendipine,
  source: Questionnaire,
  dataset: ship-start,
  target: Participant
}"
28373,Variable,"{
  label_de: ABDA: Produktgruppenschlüssel,
  valueType: text,
  name: s0.pgru_abd,
  id: var-ship-s0_pgru_abd,
  label: ABDA: Product group key,
  source: Questionnaire,
  dataset: ship-start,
  target: Participant
}"
28374,Variable,"{
  label_de: Wurde bereits eine Hyposensibilisierung durchgeführt?,
  valueType: integer,
  name: s2.s2_allerg_02,
  id: var-ship-s2_s2_allerg_02,
  label: Did you already undergo hyposensitization?,
  source: Questionnaire,
  dataset: ship-start,
  target: Participant
}"
28375,Variable,"{
  label_de: Mit welchem Erfolg?,
  valueType: integer,
  name: s2.s2_allerg_03,
  id: var-ship-s2_s2_allerg_03,
  label: To what degree of success?,
  source: Questionnaire,
  dataset: ship-start,
  target: Participant
}"
28376,Variable,"{
  label_de: PHA-NC: Nachkodierungsquelle,
  valueType: integer,
  name: s1.nc_ident,
  id: var-ship-s1_nc_ident,
  label: PHA-NC: Nachkodierungsquelle,
  source: Questionnaire,
  dataset: ship-start,
  target: Participant
}"
28377,Variable,"{
  label_de: Einnahmeintervall,
  valueType: integer,
  name: s4.pha_einnahmeintervall,
  id: var-ship-s4_pha_einnahmeintervall,
  label: intake interval,
  source: Questionnaire,
  dataset: ship-start,
  target: Participant
}"
28378,Variable,"{
  label_de: Einnahmezeitraum (7=Woche/12=Jahr),
  valueType: integer,
  name: s1.zeitraum,
  id: var-ship-s1_zeitraum,
  label: period of taking,
  source: Questionnaire,
  dataset: ship-start,
  target: Participant
}"
28379,Variable,"{
  label_de: TRAFO: Antikoagulantien,
  valueType: integer,
  name: s0.atc_b01_s0,
  id: var-ship-s0_atc_b01_s0,
  label: TRAFO: Anticoagulants,
  source: Questionnaire,
  dataset: ship-start,
  target: Participant
}"
28380,Variable,"{
  label_de: PHA: Identifikationsstatus vor der Nachkodierung,
  valueType: integer,
  name: s3.id_status_orig,
  id: var-ship-s3_id_status_orig,
  label: PHA: identification status before code revision,
  source: Questionnaire,
  dataset: ship-start,
  target: Participant
}"
28381,Variable,"{
  label_de: TRAFO: Statine,
  valueType: integer,
  name: s0.atc_c10aa_s0,
  id: var-ship-s0_atc_c10aa_s0,
  label: TRAFO: Statins,
  source: Questionnaire,
  dataset: ship-start,
  target: Participant
}"
28382,Variable,"{
  label_de: PHA: Preis in Cent,
  valueType: decimal,
  name: s2.preis,
  id: var-ship-s2_preis,
  label: PHA: price in cent,
  source: Questionnaire,
  dataset: ship-start,
  target: Participant
}"
28383,Variable,"{
  label_de: TRAFO: Enzym-Präparate,
  valueType: integer,
  name: s0.atc_a09a_s0,
  id: var-ship-s0_atc_a09a_s0,
  label: TRAFO: Enzyme preparations,
  source: Questionnaire,
  dataset: ship-start,
  target: Participant
}"
28384,Variable,"{
  label_de: ABDA: Hauptindikationsschlüssel,
  valueType: text,
  name: s0.hind_abd,
  id: var-ship-s0_hind_abd,
  label: ABDA: Main indication key,
  source: Questionnaire,
  dataset: ship-start,
  target: Participant
}"
28385,Variable,"{
  label_de: Wann haben Sie aufgehört die Pille einzunehmen? (Jahr),
  valueType: decimal,
  name: s3.frau_12d,
  id: var-ship-s3_frau_12d,
  label: When did you stop taking the pill? (year),
  source: Questionnaire,
  dataset: ship-start,
  target: Participant
}"
28386,Variable,"{
  label_de: Wann haben Sie aufgehört die Pille einzunehmen? (Alter),
  valueType: decimal,
  name: s3.frau_12e,
  id: var-ship-s3_frau_12e,
  label: When did you stop taking the pill? (age),
  source: Questionnaire,
  dataset: ship-start,
  target: Participant
}"
28387,Variable,"{
  label_de: Seit wann nehmen Sie die Antibaby-Pille ein? (Jahr),
  valueType: decimal,
  name: s3.frau_12b,
  id: var-ship-s3_frau_12b,
  label: How long have you been taking birth control pills? (year),
  source: Questionnaire,
  dataset: ship-start,
  target: Participant
}"
28388,Variable,"{
  label_de: Seit wann nehmen Sie die Antibaby-Pille ein? (Alter),
  valueType: decimal,
  name: s3.frau_12c,
  id: var-ship-s3_frau_12c,
  label: How long have you been taking birth control pills? (age),
  source: Questionnaire,
  dataset: ship-start,
  target: Participant
}"
28389,Variable,"{
  label_de: Wie viele Jahre insgesamt haben Sie die Antibaby-Pille eingenommen? (Monate),
  valueType: decimal,
  name: s3.frau_12f,
  id: var-ship-s3_frau_12f,
  label: How many years in total did you take the birth control pill? (months),
  source: Questionnaire,
  dataset: ship-start,
  target: Participant
}"
28390,Variable,"{
  label_de: In welchem Jahr haben Sie ihre erste Hormonersatztherapie begonnen oder wie alt ,
  valueType: decimal,
  name: s3.frau_13a,
  id: var-ship-s3_frau_13a,
  label: In what year did you first start hormone replacement therapy or how old were you,
  source: Questionnaire,
  dataset: ship-start,
  target: Participant
}"
28391,Variable,"{
  label_de: In welchem Jahr haben Sie ihre erste Hormonersatztherapie begonnen oder wie alt ,
  valueType: decimal,
  name: s3.frau_13b,
  id: var-ship-s3_frau_13b,
  label: In what year did you start your first hormone replacement therapy or how old wer,
  source: Questionnaire,
  dataset: ship-start,
  target: Participant
}"
28392,Variable,"{
  label_de: TRAFO: ASS,
  valueType: integer,
  name: s0.atc_b01ac06_s0,
  id: var-ship-s0_atc_b01ac06_s0,
  label: TRAFO: ASA, acetylsalicylic acid,
  source: Questionnaire,
  dataset: ship-start,
  target: Participant
}"
28393,Variable,"{
  label_de: In welchem Jahr haben Sie ihre letzte Hormonersatztherapie beendet bzw. wie alt ,
  valueType: decimal,
  name: s3.frau_14b,
  id: var-ship-s3_frau_14b,
  label: In what year did you stop your last hormone replacement therapy or how old were ,
  source: Questionnaire,
  dataset: ship-start,
  target: Participant
}"
28394,Variable,"{
  label_de: In welchem Jahr haben Sie ihre letzte Hormonersatztherapie beendet bzw. wie alt ,
  valueType: decimal,
  name: s3.frau_14a,
  id: var-ship-s3_frau_14a,
  label: In what year did you stop your last hormone replacement therapy or how old were ,
  source: Questionnaire,
  dataset: ship-start,
  target: Participant
}"
28395,Variable,"{
  label_de: Anzahl der Ereignisse 1DE,
  valueType: integer,
  name: sl.s10a1de,
  id: var-ship-sl_s10a1de,
  label: Number of events 1DE,
  source: Questionnaire,
  dataset: ship-start,
  target: Participant
}"
28396,Variable,"{
  label_de: Durchgang 1: Garten,
  valueType: integer,
  name: s3.int_vlmt_garden_1,
  id: var-ship-s3_int_vlmt_garden_1,
  label: Passage 1: Garden,
  source: Cognitive_measure,
  dataset: ship-start,
  target: Participant
}"
28397,Variable,"{
  label_de: Durchgang 2: Garten,
  valueType: integer,
  name: s3.int_vlmt_garden_2,
  id: var-ship-s3_int_vlmt_garden_2,
  label: Passage 2: Garden,
  source: Cognitive_measure,
  dataset: ship-start,
  target: Participant
}"
28398,Variable,"{
  label_de: Durchgang 3: Garten,
  valueType: integer,
  name: s3.int_vlmt_garden_3,
  id: var-ship-s3_int_vlmt_garden_3,
  label: Passage 3: Garden,
  source: Cognitive_measure,
  dataset: ship-start,
  target: Participant
}"
28399,Variable,"{
  label_de: Durchgang 4: Garten,
  valueType: integer,
  name: s3.int_vlmt_garden_4,
  id: var-ship-s3_int_vlmt_garden_4,
  label: Passage 4: Garden,
  source: Cognitive_measure,
  dataset: ship-start,
  target: Participant
}"
28400,Variable,"{
  label_de: Bewertung damals ZE,
  valueType: integer,
  name: sl.l33bdze,
  id: var-ship-sl_l33bdze,
  label: Evaluation at that time ZE,
  source: Questionnaire,
  dataset: ship-start,
  target: Participant
}"
28401,Variable,"{
  label_de: Anzahl der Ereignisse 1SuD,
  valueType: integer,
  name: sl.s10a1nd,
  id: var-ship-sl_s10a1nd,
  label: Number of events 1SuD,
  source: Questionnaire,
  dataset: ship-start,
  target: Participant
}"
28402,Variable,"{
  label_de: Dauer bis heute 1SuD,
  valueType: integer,
  name: sl.a46d1nd,
  id: var-ship-sl_a46d1nd,
  label: Duration until today 1SuD,
  source: Questionnaire,
  dataset: ship-start,
  target: Participant
}"
28403,Variable,"{
  label_de: Dauer bis heute 1DE,
  valueType: integer,
  name: sl.a46d1de,
  id: var-ship-sl_a46d1de,
  label: Duration to date 1DE,
  source: Questionnaire,
  dataset: ship-start,
  target: Participant
}"
28404,Variable,"{
  label_de: Bewertung damals LT,
  valueType: integer,
  name: sl.l33bdlt,
  id: var-ship-sl_l33bdlt,
  label: Rating at that time LT,
  source: Questionnaire,
  dataset: ship-start,
  target: Participant
}"
28405,Variable,"{
  label_de: War das Lesen des 1. Satzes (größte Schrift) möglich?,
  valueType: integer,
  name: s2.nahvisus_7,
  id: var-ship-s2_nahvisus_7,
  label: Was the reading of the 1st sentence (largest font) possible?,
  source: Questionnaire,
  dataset: ship-start,
  target: Participant
}"
28406,Variable,"{
  label_de: War das Lesen des 5. Satzes möglich?,
  valueType: integer,
  name: s2.nahvisus_3,
  id: var-ship-s2_nahvisus_3,
  label: Was the reading of the 5th sentence possible?,
  source: Questionnaire,
  dataset: ship-start,
  target: Participant
}"
28407,Variable,"{
  label_de: War das Lesen des 4. Satzes möglich?,
  valueType: integer,
  name: s2.nahvisus_4,
  id: var-ship-s2_nahvisus_4,
  label: Was the reading of the 4th sentence possible?,
  source: Questionnaire,
  dataset: ship-start,
  target: Participant
}"
28408,Variable,"{
  label_de: War das Lesen des 3. Satzes möglich?,
  valueType: integer,
  name: s2.nahvisus_5,
  id: var-ship-s2_nahvisus_5,
  label: Was the reading of the 3rd sentence possible?,
  source: Questionnaire,
  dataset: ship-start,
  target: Participant
}"
28409,Variable,"{
  label_de: War das Lesen des 2. Satzes möglich?,
  valueType: integer,
  name: s2.nahvisus_6,
  id: var-ship-s2_nahvisus_6,
  label: Was the reading of the 2nd sentence possible?,
  source: Questionnaire,
  dataset: ship-start,
  target: Participant
}"
28410,Variable,"{
  label_de: War das Lesen des 7. Satzes (kleinste Schrift) möglich?,
  valueType: integer,
  name: s2.nahvisus_1,
  id: var-ship-s2_nahvisus_1,
  label: Was the reading of the 7th sentence (smallest font) possible?,
  source: Questionnaire,
  dataset: ship-start,
  target: Participant
}"
28411,Variable,"{
  label_de: War das Lesen des 6. Satzes möglich?,
  valueType: integer,
  name: s2.nahvisus_2,
  id: var-ship-s2_nahvisus_2,
  label: Was the reading of the 6th sentence possible?,
  source: Questionnaire,
  dataset: ship-start,
  target: Participant
}"
28412,Variable,"{
  label_de: Ich versuche, ganz ruhig zu bleiben.,
  valueType: integer,
  name: sl.ciss30zus,
  id: var-ship-sl_ciss30zus,
  label: I try to stay very calm.,
  source: Questionnaire,
  dataset: ship-start,
  target: Participant
}"
28413,Variable,"{
  label_de: Ich reagiere nicht aufbrausend.,
  valueType: integer,
  name: sl.ciss29zus,
  id: var-ship-sl_ciss29zus,
  label: I don t react in a hot-tempered way.,
  source: Questionnaire,
  dataset: ship-start,
  target: Participant
}"
28414,Variable,"{
  label_de: Lebensbereich 26-30,
  valueType: integer,
  name: sl.s10lb5,
  id: var-ship-sl_s10lb5,
  label: Life area 26-30,
  source: Questionnaire,
  dataset: ship-start,
  target: Participant
}"
28415,Variable,"{
  label_de: Lebensbereich 31-35,
  valueType: integer,
  name: sl.s10lb6,
  id: var-ship-sl_s10lb6,
  label: Life area 31-35,
  source: Questionnaire,
  dataset: ship-start,
  target: Participant
}"
28416,Variable,"{
  label_de: Lebensbereich 16-20,
  valueType: integer,
  name: sl.s10lb3,
  id: var-ship-sl_s10lb3,
  label: Life area 16-20,
  source: Questionnaire,
  dataset: ship-start,
  target: Participant
}"
28417,Variable,"{
  label_de: Lebensbereich 21-25,
  valueType: integer,
  name: sl.s10lb4,
  id: var-ship-sl_s10lb4,
  label: Life area 21-25,
  source: Questionnaire,
  dataset: ship-start,
  target: Participant
}"
28418,Variable,"{
  label_de: Lebensbereich 46-50,
  valueType: integer,
  name: sl.s10lb9,
  id: var-ship-sl_s10lb9,
  label: Life area 46-50,
  source: Questionnaire,
  dataset: ship-start,
  target: Participant
}"
28419,Variable,"{
  label_de: Lebensbereich 36-40,
  valueType: integer,
  name: sl.s10lb7,
  id: var-ship-sl_s10lb7,
  label: Life area 36-40,
  source: Questionnaire,
  dataset: ship-start,
  target: Participant
}"
28420,Variable,"{
  label_de: Lebensbereich 41-45,
  valueType: integer,
  name: sl.s10lb8,
  id: var-ship-sl_s10lb8,
  label: Life area 41-45,
  source: Questionnaire,
  dataset: ship-start,
  target: Participant
}"
28421,Variable,"{
  label_de: Lebensbereich 5-10,
  valueType: integer,
  name: sl.s10lb1,
  id: var-ship-sl_s10lb1,
  label: Life area 5-10,
  source: Questionnaire,
  dataset: ship-start,
  target: Participant
}"
28422,Variable,"{
  label_de: Lebensbereich 11-15,
  valueType: integer,
  name: sl.s10lb2,
  id: var-ship-sl_s10lb2,
  label: Life area 11-15,
  source: Questionnaire,
  dataset: ship-start,
  target: Participant
}"
28423,Variable,"{
  label_de: In welchem Lebensabschnitt hatte dieses Ereignis für Sie die größte Bedeutung?,
  valueType: integer,
  name: sl.s10lbw,
  id: var-ship-sl_s10lbw,
  label: At what stage of life did this event have the most significance for you?,
  source: Questionnaire,
  dataset: ship-start,
  target: Participant
}"
28424,Variable,"{
  label_de: Anzahl der Ereignisse SDE,
  valueType: integer,
  name: sl.s10asde,
  id: var-ship-sl_s10asde,
  label: Number of events SDE,
  source: Questionnaire,
  dataset: ship-start,
  target: Participant
}"
28425,Variable,"{
  label_de: Bewertung damals 12,
  valueType: integer,
  name: sl.l33bd12,
  id: var-ship-sl_l33bd12,
  label: Rating at that time 12,
  source: Questionnaire,
  dataset: ship-start,
  target: Participant
}"
28426,Variable,"{
  label_de: Falsch Positive,
  valueType: decimal,
  name: sl.dg1fapo,
  id: var-ship-sl_dg1fapo,
  label: False Positive,
  source: Questionnaire,
  dataset: ship-start,
  target: Participant
}"
28427,Variable,"{
  label_de: Bewertung damals 5J,
  valueType: integer,
  name: sl.l33bd5j,
  id: var-ship-sl_l33bd5j,
  label: Valuation then 5J,
  source: Questionnaire,
  dataset: ship-start,
  target: Participant
}"
28428,Variable,"{
  label_de: Durchgang 3: Hut - Anzahl Wiederholungen,
  valueType: decimal,
  name: s3.int_vlmt_hat_3c,
  id: var-ship-s3_int_vlmt_hat_3c,
  label: Passage 3: Hat - number of repetitions,
  source: Cognitive_measure,
  dataset: ship-start,
  target: Participant
}"
28429,Variable,"{
  label_de: Durchgang 2: Hut - Anzahl Wiederholungen,
  valueType: decimal,
  name: s3.int_vlmt_hat_2c,
  id: var-ship-s3_int_vlmt_hat_2c,
  label: Passage 2: Hat - number of repetitions,
  source: Cognitive_measure,
  dataset: ship-start,
  target: Participant
}"
28430,Variable,"{
  label_de: Ja, das war schon fast richtig, ich spreche sie Ihnen noch einmal vor: AUTO BLUM,
  valueType: integer,
  name: s1.mini_12e,
  id: var-ship-s1_mini_12e,
  label: Yes, that was almost right, I repeat the words for you again: CAR, FLOWER, CANDL,
  source: Questionnaire,
  dataset: ship-start,
  target: Participant
}"
28431,Variable,"{
  label_de: Ja, das war schon fast richtig, ich spreche sie Ihnen noch einmal vor: AUTO BLUM,
  valueType: integer,
  name: s1.mini_12b,
  id: var-ship-s1_mini_12b,
  label: Yes, that was almost right, I repeat the words for you again: CAR, FLOWER, CANDL,
  source: Questionnaire,
  dataset: ship-start,
  target: Participant
}"
28432,Variable,"{
  label_de: Ja, das war schon fast richtig, ich spreche sie Ihnen noch einmal vor: AUTO BLUM,
  valueType: integer,
  name: s1.mini_12a,
  id: var-ship-s1_mini_12a,
  label: Yes, that was almost right, I repeat the words for you again: CAR, FLOWER, CANDL,
  source: Questionnaire,
  dataset: ship-start,
  target: Participant
}"
28433,Variable,"{
  label_de: Ja, das war schon fast richtig, ich spreche sie Ihnen noch einmal vor: AUTO BLUM,
  valueType: integer,
  name: s1.mini_12d,
  id: var-ship-s1_mini_12d,
  label: Yes, that was almost right, I repeat the words for you again: CAR, FLOWER, CANDL,
  source: Questionnaire,
  dataset: ship-start,
  target: Participant
}"
28434,Variable,"{
  label_de: Ja, das war schon fast richtig, ich spreche sie Ihnen noch einmal vor: AUTO BLUM,
  valueType: integer,
  name: s1.mini_12c,
  id: var-ship-s1_mini_12c,
  label: Yes, that was almost right, I repeat the words for you again: CAR, FLOWER, CANDL,
  source: Questionnaire,
  dataset: ship-start,
  target: Participant
}"
28435,Variable,"{
  label_de: Durchgang 4: Hut - Anzahl Wiederholungen,
  valueType: decimal,
  name: s3.int_vlmt_hat_4c,
  id: var-ship-s3_int_vlmt_hat_4c,
  label: Passage 4: Hat - number of repetitions,
  source: Cognitive_measure,
  dataset: ship-start,
  target: Participant
}"
28436,Variable,"{
  label_de: Durchgang 1: Hut - Anzahl Wiederholungen,
  valueType: decimal,
  name: s3.int_vlmt_hat_1c,
  id: var-ship-s3_int_vlmt_hat_1c,
  label: Passage 1: Hat - number of repetitions,
  source: Cognitive_measure,
  dataset: ship-start,
  target: Participant
}"
28437,Variable,"{
  label_de: P-wave amplitude (microV),
  valueType: decimal,
  name: s1.p_wave_amp,
  id: var-ship-s1_p_wave_amp,
  label: ECG, p_wave: P-wave amplitude (microV),
  source: Cognitive_measure,
  dataset: ship-start,
  target: Participant
}"
28438,Variable,"{
  label_de: Dauer bis heute SDE,
  valueType: integer,
  name: sl.a46dsde,
  id: var-ship-sl_a46dsde,
  label: Duration to date SDE,
  source: Questionnaire,
  dataset: ship-start,
  target: Participant
}"
28439,Variable,"{
  label_de: Ich bin mit meiner Partnershaft (meinem Verhältnis zu Bezugspersonen) sehr zufri,
  valueType: integer,
  name: sl.kfb4,
  id: var-ship-sl_kfb4,
  label: I am very satisfied with my partnership (my relationship with significant others,
  source: Questionnaire,
  dataset: ship-start,
  target: Participant
}"
28440,Variable,"{
  label_de: Meine Arbiet ist belastend.,
  valueType: integer,
  name: sl.kfb5,
  id: var-ship-sl_kfb5,
  label: My work is stressful.,
  source: Questionnaire,
  dataset: ship-start,
  target: Participant
}"
28441,Variable,"{
  label_de: Ich fühle mich ständig unter Druck bei meiner Arbeit.,
  valueType: integer,
  name: sl.kfb2,
  id: var-ship-sl_kfb2,
  label: I feel constantly under pressure at work.,
  source: Questionnaire,
  dataset: ship-start,
  target: Participant
}"
28442,Variable,"{
  label_de: Ich bin mit meinem Familienleben sehr zufrieden.,
  valueType: integer,
  name: sl.kfb3,
  id: var-ship-sl_kfb3,
  label: I am very satisfied with my family life.,
  source: Questionnaire,
  dataset: ship-start,
  target: Participant
}"
28443,Variable,"{
  label_de: Ich fühle mich ständig unter Druck.,
  valueType: integer,
  name: sl.kfb8,
  id: var-ship-sl_kfb8,
  label: I feel constantly under pressure.,
  source: Questionnaire,
  dataset: ship-start,
  target: Participant
}"
28444,Variable,"{
  label_de: Ich habe oft Streit mit meinem Partner (meiner Bezugsperson).,
  valueType: integer,
  name: sl.kfb9,
  id: var-ship-sl_kfb9,
  label: I often have arguments with my partner (caregiver).,
  source: Questionnaire,
  dataset: ship-start,
  target: Participant
}"
28445,Variable,"{
  label_de: Bewertung heute 5J,
  valueType: integer,
  name: sl.b12bh5j,
  id: var-ship-sl_b12bh5j,
  label: Rating today 5J,
  source: Questionnaire,
  dataset: ship-start,
  target: Participant
}"
28446,Variable,"{
  label_de: Soziale Unterstützung ZE,
  valueType: integer,
  name: sl.a46sze,
  id: var-ship-sl_a46sze,
  label: Social support ZE,
  source: Questionnaire,
  dataset: ship-start,
  target: Participant
}"
28447,Variable,"{
  label_de: Soziale Unterstützung 1DE,
  valueType: integer,
  name: sl.u78s1de,
  id: var-ship-sl_u78s1de,
  label: Social support 1DE,
  source: Questionnaire,
  dataset: ship-start,
  target: Participant
}"
28448,Variable,"{
  label_de: Soziale Unterstützung 12,
  valueType: integer,
  name: sl.t68s12,
  id: var-ship-sl_t68s12,
  label: Social support 12,
  source: Questionnaire,
  dataset: ship-start,
  target: Participant
}"
28449,Variable,"{
  label_de: Bewertung heute 1SuD,
  valueType: integer,
  name: sl.k28bh1nd,
  id: var-ship-sl_k28bh1nd,
  label: Evaluation today 1SuD,
  source: Questionnaire,
  dataset: ship-start,
  target: Participant
}"
28450,Variable,"{
  label_de: Soziale Unterstützung LT,
  valueType: integer,
  name: sl.f51slt,
  id: var-ship-sl_f51slt,
  label: Social support LT,
  source: Questionnaire,
  dataset: ship-start,
  target: Participant
}"
28451,Variable,"{
  label_de: Bewertung heute 12 LT,
  valueType: integer,
  name: sl.b12bh12,
  id: var-ship-sl_b12bh12,
  label: Rating today 12 LT,
  source: Questionnaire,
  dataset: ship-start,
  target: Participant
}"
28452,Variable,"{
  label_de: Soziale Unterstützung 5J,
  valueType: integer,
  name: sl.t68s5j,
  id: var-ship-sl_t68s5j,
  label: Social support 5J,
  source: Questionnaire,
  dataset: ship-start,
  target: Participant
}"
28453,Variable,"{
  label_de: Soziale Unterstützung 1DE,
  valueType: integer,
  name: sl.k22s1de,
  id: var-ship-sl_k22s1de,
  label: Social support 1DE,
  source: Questionnaire,
  dataset: ship-start,
  target: Other
}"
28454,Variable,"{
  label_de: Bewertung heute 1DE,
  valueType: integer,
  name: sl.k28bh1de,
  id: var-ship-sl_k28bh1de,
  label: Rating today 1DE,
  source: Questionnaire,
  dataset: ship-start,
  target: Participant
}"
28455,Variable,"{
  label_de: Soziale Unterstützung 1DE,
  valueType: integer,
  name: sl.w54s1de,
  id: var-ship-sl_w54s1de,
  label: Social support 1DE,
  source: Questionnaire,
  dataset: ship-start,
  target: Participant
}"
28456,Variable,"{
  label_de: Soziale Unterstützung LT,
  valueType: integer,
  name: sl.b17slt,
  id: var-ship-sl_b17slt,
  label: Social support LT,
  source: Questionnaire,
  dataset: ship-start,
  target: Participant
}"
28457,Variable,"{
  label_de: Bewertung heute 1SuD,
  valueType: integer,
  name: sl.b12bh1nd,
  id: var-ship-sl_b12bh1nd,
  label: Rating today 1SuD,
  source: Questionnaire,
  dataset: ship-start,
  target: Participant
}"
28458,Variable,"{
  label_de: Soziale Unterstützung 1SuD,
  valueType: integer,
  name: sl.a48s1nd,
  id: var-ship-sl_a48s1nd,
  label: Social support 1SuD,
  source: Questionnaire,
  dataset: ship-start,
  target: Participant
}"
28459,Variable,"{
  label_de: Soziale Unterstützung 5J,
  valueType: integer,
  name: sl.o76s5j,
  id: var-ship-sl_o76s5j,
  label: Social support 5J,
  source: Questionnaire,
  dataset: ship-start,
  target: Participant
}"
28460,Variable,"{
  label_de: Bewertung heute 1DE,
  valueType: integer,
  name: sl.b12bh1de,
  id: var-ship-sl_b12bh1de,
  label: Rating today 1DE,
  source: Questionnaire,
  dataset: ship-start,
  target: Participant
}"
28461,Variable,"{
  label_de: Soziale Unterstützung 12,
  valueType: integer,
  name: sl.o76s12,
  id: var-ship-sl_o76s12,
  label: Social support 12,
  source: Questionnaire,
  dataset: ship-start,
  target: Participant
}"
28462,Variable,"{
  label_de: Soziale Unterstützung 1DE,
  valueType: integer,
  name: sl.a48s1de,
  id: var-ship-sl_a48s1de,
  label: Social support 1DE,
  source: Questionnaire,
  dataset: ship-start,
  target: Participant
}"
28463,Variable,"{
  label_de: LEG_SA, F12: in einer Pflegestation,
  valueType: integer,
  name: sl.leg_sa_pfl_pflstat,
  id: var-ship-sl_leg_sa_pfl_pflstat,
  label: LEG_SA, F12: in a nursing station,
  source: Questionnaire,
  dataset: ship-start,
  target: Participant
}"
28464,Variable,"{
  label_de: Soziale Unterstützung SDE,
  valueType: integer,
  name: sl.r80ssde,
  id: var-ship-sl_r80ssde,
  label: Social support SDE,
  source: Questionnaire,
  dataset: ship-start,
  target: Participant
}"
28465,Variable,"{
  label_de: Soziale Unterstützung LT,
  valueType: integer,
  name: sl.a46slt,
  id: var-ship-sl_a46slt,
  label: Social support LT,
  source: Questionnaire,
  dataset: ship-start,
  target: Participant
}"
28466,Variable,"{
  label_de: Soziale Unterstützung ZE,
  valueType: integer,
  name: sl.f51sze,
  id: var-ship-sl_f51sze,
  label: Social support ZE,
  source: Questionnaire,
  dataset: ship-start,
  target: Participant
}"
28467,Variable,"{
  label_de: Bewertung damals SDE,
  valueType: integer,
  name: sl.b13bdsde,
  id: var-ship-sl_b13bdsde,
  label: Evaluation then SDE,
  source: Questionnaire,
  dataset: ship-start,
  target: Participant
}"
28468,Variable,"{
  label_de: Soziale Unterstützung ZE,
  valueType: integer,
  name: sl.b17sze,
  id: var-ship-sl_b17sze,
  label: Social support ZE,
  source: Questionnaire,
  dataset: ship-start,
  target: Participant
}"
28469,Variable,"{
  label_de: F50: Persönliche Situation seit d. Wende,
  valueType: integer,
  name: s0.wend49,
  id: var-ship-s0_wend49,
  label: F50: Did your personal situation change since the  Wende  (e.g. your personal co,
  source: Questionnaire,
  dataset: ship-start,
  target: Participant
}"
28470,Variable,"{
  label_de: Soziale Unterstützung 1SuD,
  valueType: integer,
  name: sl.w54s1nd,
  id: var-ship-sl_w54s1nd,
  label: Social support 1SuD,
  source: Questionnaire,
  dataset: ship-start,
  target: Participant
}"
28471,Variable,"{
  label_de: Soziale Unterstützung 1SuD,
  valueType: integer,
  name: sl.k22s1nd,
  id: var-ship-sl_k22s1nd,
  label: Social support 1SuD,
  source: Questionnaire,
  dataset: ship-start,
  target: Other
}"
28472,Variable,"{
  label_de: Soziale Unterstützung IPA +,
  valueType: integer,
  name: sl.l34spap,
  id: var-ship-sl_l34spap,
  label: Social support IPA +,
  source: Questionnaire,
  dataset: ship-start,
  target: Participant
}"
28473,Variable,"{
  label_de: Soziale Unterstützung IPA -,
  valueType: integer,
  name: sl.l34spam,
  id: var-ship-sl_l34spam,
  label: Social support IPA -,
  source: Questionnaire,
  dataset: ship-start,
  target: Participant
}"
28474,Variable,"{
  label_de: Soziale Unterstützung IPA +,
  valueType: integer,
  name: sl.u79spap,
  id: var-ship-sl_u79spap,
  label: Social support IPA +,
  source: Questionnaire,
  dataset: ship-start,
  target: Participant
}"
28475,Variable,"{
  label_de: Soziale Unterstützung IPA -,
  valueType: integer,
  name: sl.u79spam,
  id: var-ship-sl_u79spam,
  label: Social support IPA -,
  source: Questionnaire,
  dataset: ship-start,
  target: Participant
}"
28476,Variable,"{
  label_de: Soziale Unterstützung IPA -,
  valueType: integer,
  name: sl.k23spam,
  id: var-ship-sl_k23spam,
  label: Social support IPA -,
  source: Questionnaire,
  dataset: ship-start,
  target: Other
}"
28477,Variable,"{
  label_de: Soziale Unterstützung IPA +,
  valueType: integer,
  name: sl.k23spap,
  id: var-ship-sl_k23spap,
  label: Social support IPA +,
  source: Questionnaire,
  dataset: ship-start,
  target: Other
}"
28478,Variable,"{
  label_de: Soziale Unterstützung 1SuD,
  valueType: integer,
  name: sl.u78s1nd,
  id: var-ship-sl_u78s1nd,
  label: Social support 1SuD,
  source: Questionnaire,
  dataset: ship-start,
  target: Participant
}"
28479,Variable,"{
  label_de: Soziale Unterstützung 1DE,
  valueType: integer,
  name: sl.d59s1de,
  id: var-ship-sl_d59s1de,
  label: Social support 1DE,
  source: Questionnaire,
  dataset: ship-start,
  target: Participant
}"
28480,Variable,"{
  label_de: Soziale Unterstützung 1SuD,
  valueType: integer,
  name: sl.d59s1nd,
  id: var-ship-sl_d59s1nd,
  label: Social support 1SuD,
  source: Questionnaire,
  dataset: ship-start,
  target: Participant
}"
28481,Variable,"{
  label_de: Bewertung damals LT,
  valueType: integer,
  name: sl.b12bdlt,
  id: var-ship-sl_b12bdlt,
  label: Rating at that time LT,
  source: Questionnaire,
  dataset: ship-start,
  target: Participant
}"
28482,Variable,"{
  label_de: Soziale Unterstützung IPA -,
  valueType: integer,
  name: sl.t67spam,
  id: var-ship-sl_t67spam,
  label: Social support IPA -,
  source: Questionnaire,
  dataset: ship-start,
  target: Participant
}"
28483,Variable,"{
  label_de: Soziale Unterstützung IPA +,
  valueType: integer,
  name: sl.t67spap,
  id: var-ship-sl_t67spap,
  label: Social support IPA +,
  source: Questionnaire,
  dataset: ship-start,
  target: Participant
}"
28484,Variable,"{
  label_de: Bewertung damals 1SuD,
  valueType: integer,
  name: sl.b13bd1nd,
  id: var-ship-sl_b13bd1nd,
  label: Evaluation at that time 1SuD,
  source: Questionnaire,
  dataset: ship-start,
  target: Participant
}"
28485,Variable,"{
  label_de: Dauer bis heute LT,
  valueType: integer,
  name: sl.b13dlt,
  id: var-ship-sl_b13dlt,
  label: Duration until today LT,
  source: Questionnaire,
  dataset: ship-start,
  target: Participant
}"
28486,Variable,"{
  label_de: Soziale Unterstützung 1SuD,
  valueType: integer,
  name: sl.l33s1nd,
  id: var-ship-sl_l33s1nd,
  label: Social support 1SuD,
  source: Questionnaire,
  dataset: ship-start,
  target: Participant
}"
28487,Variable,"{
  label_de: Soziale Unterstützung 1DE,
  valueType: integer,
  name: sl.l33s1de,
  id: var-ship-sl_l33s1de,
  label: Social support 1DE,
  source: Questionnaire,
  dataset: ship-start,
  target: Participant
}"
28488,Variable,"{
  label_de: Soziale Unterstützung LT,
  valueType: integer,
  name: sl.u78slt,
  id: var-ship-sl_u78slt,
  label: Social support LT,
  source: Questionnaire,
  dataset: ship-start,
  target: Participant
}"
28489,Variable,"{
  label_de: Soziale Unterstützung ZE,
  valueType: integer,
  name: sl.d59sze,
  id: var-ship-sl_d59sze,
  label: Social support ZE,
  source: Questionnaire,
  dataset: ship-start,
  target: Participant
}"
28490,Variable,"{
  label_de: Dauer bis heute ZE,
  valueType: integer,
  name: sl.b13dze,
  id: var-ship-sl_b13dze,
  label: Duration until today ZE,
  source: Questionnaire,
  dataset: ship-start,
  target: Participant
}"
28491,Variable,"{
  label_de: Soziale Unterstützung SDE,
  valueType: integer,
  name: sl.k22ssde,
  id: var-ship-sl_k22ssde,
  label: Social support SDE,
  source: Questionnaire,
  dataset: ship-start,
  target: Other
}"
28492,Variable,"{
  label_de: Soziale Unterstützung SDE,
  valueType: integer,
  name: sl.w54ssde,
  id: var-ship-sl_w54ssde,
  label: Social support SDE,
  source: Questionnaire,
  dataset: ship-start,
  target: Participant
}"
28493,Variable,"{
  label_de: Soziale Unterstützung 1SuD,
  valueType: integer,
  name: sl.r80s1nd,
  id: var-ship-sl_r80s1nd,
  label: Social support 1SuD,
  source: Questionnaire,
  dataset: ship-start,
  target: Participant
}"
28494,Variable,"{
  label_de: Soziale Unterstützung 1DE,
  valueType: integer,
  name: sl.r80s1de,
  id: var-ship-sl_r80s1de,
  label: Social support 1DE,
  source: Questionnaire,
  dataset: ship-start,
  target: Participant
}"
28495,Variable,"{
  label_de: Anzahl der Ereignisse LT,
  valueType: integer,
  name: sl.a40alt,
  id: var-ship-sl_a40alt,
  label: Number of events LT,
  source: Questionnaire,
  dataset: ship-start,
  target: Participant
}"
28496,Variable,"{
  label_de: Anzahl der Ereignisse IPA +,
  valueType: integer,
  name: sl.a40apap,
  id: var-ship-sl_a40apap,
  label: Number of events IPA +,
  source: Questionnaire,
  dataset: ship-start,
  target: Participant
}"
28497,Variable,"{
  label_de: Anzahl der Ereignisse IPA -,
  valueType: integer,
  name: sl.a40apam,
  id: var-ship-sl_a40apam,
  label: Number of events IPA -,
  source: Questionnaire,
  dataset: ship-start,
  target: Participant
}"
28498,Variable,"{
  label_de: Dauer bis heute LT,
  valueType: integer,
  name: sl.l34dlt,
  id: var-ship-sl_l34dlt,
  label: Duration until today LT,
  source: Questionnaire,
  dataset: ship-start,
  target: Participant
}"
28499,Variable,"{
  label_de: Anzahl der Ereignisse LT,
  valueType: integer,
  name: sl.a39alt,
  id: var-ship-sl_a39alt,
  label: Number of events LT,
  source: Questionnaire,
  dataset: ship-start,
  target: Participant
}"
28500,Variable,"{
  label_de: Bewertung heute IPA +,
  valueType: integer,
  name: sl.l30bhpap,
  id: var-ship-sl_l30bhpap,
  label: Valuation today IPA +,
  source: Questionnaire,
  dataset: ship-start,
  target: Participant
}"
28501,Variable,"{
  label_de: Bewertung heute IPA -,
  valueType: integer,
  name: sl.l30bhpam,
  id: var-ship-sl_l30bhpam,
  label: Evaluation today IPA -,
  source: Questionnaire,
  dataset: ship-start,
  target: Participant
}"
28502,Variable,"{
  label_de: Bewertung heute 1SuD,
  valueType: integer,
  name: sl.a44bh1nd,
  id: var-ship-sl_a44bh1nd,
  label: Valuation today 1SuD,
  source: Questionnaire,
  dataset: ship-start,
  target: Participant
}"
28503,Variable,"{
  label_de: Bewertung heute 1DE,
  valueType: integer,
  name: sl.a44bh1de,
  id: var-ship-sl_a44bh1de,
  label: Rating today 1DE,
  source: Questionnaire,
  dataset: ship-start,
  target: Participant
}"
28504,Variable,"{
  label_de: Bewertung damals 5J,
  valueType: integer,
  name: sl.a48bd5j,
  id: var-ship-sl_a48bd5j,
  label: Valuation then 5J,
  source: Questionnaire,
  dataset: ship-start,
  target: Participant
}"
28505,Variable,"{
  label_de: Bewertung damals LT,
  valueType: integer,
  name: sl.a48bdlt,
  id: var-ship-sl_a48bdlt,
  label: Rating at that time LT,
  source: Questionnaire,
  dataset: ship-start,
  target: Participant
}"
28506,Variable,"{
  label_de: Dauer bis heute ZE,
  valueType: integer,
  name: sl.l34dze,
  id: var-ship-sl_l34dze,
  label: Duration until today ZE,
  source: Questionnaire,
  dataset: ship-start,
  target: Participant
}"
28507,Variable,"{
  label_de: In welchem Lebensabschnitt hatte dieses Ereignis für Sie die größte Bedeutung?,
  valueType: integer,
  name: sl.a44lbw,
  id: var-ship-sl_a44lbw,
  label: At what stage of life did this event have the most significance for you?,
  source: Questionnaire,
  dataset: ship-start,
  target: Participant
}"
28508,Variable,"{
  label_de: Anzahl der Ereignisse 5J,
  valueType: integer,
  name: sl.a39a5j,
  id: var-ship-sl_a39a5j,
  label: Number of events 5J,
  source: Questionnaire,
  dataset: ship-start,
  target: Participant
}"
28509,Variable,"{
  label_de: Lebensbereich 46-50,
  valueType: integer,
  name: sl.a44lb9,
  id: var-ship-sl_a44lb9,
  label: Life area 46-50,
  source: Questionnaire,
  dataset: ship-start,
  target: Participant
}"
28510,Variable,"{
  label_de: Lebensbereich 41-45,
  valueType: integer,
  name: sl.a44lb8,
  id: var-ship-sl_a44lb8,
  label: Life area 41-45,
  source: Questionnaire,
  dataset: ship-start,
  target: Participant
}"
28511,Variable,"{
  label_de: Lebensbereich 36-40,
  valueType: integer,
  name: sl.a44lb7,
  id: var-ship-sl_a44lb7,
  label: Life area 36-40,
  source: Questionnaire,
  dataset: ship-start,
  target: Participant
}"
28512,Variable,"{
  label_de: Lebensbereich 31-35,
  valueType: integer,
  name: sl.a44lb6,
  id: var-ship-sl_a44lb6,
  label: Life area 31-35,
  source: Questionnaire,
  dataset: ship-start,
  target: Participant
}"
28513,Variable,"{
  label_de: Lebensbereich 26-30,
  valueType: integer,
  name: sl.a44lb5,
  id: var-ship-sl_a44lb5,
  label: Life area 26-30,
  source: Questionnaire,
  dataset: ship-start,
  target: Participant
}"
28514,Variable,"{
  label_de: Lebensbereich 21-25,
  valueType: integer,
  name: sl.a44lb4,
  id: var-ship-sl_a44lb4,
  label: Life area 21-25,
  source: Questionnaire,
  dataset: ship-start,
  target: Participant
}"
28515,Variable,"{
  label_de: Lebensbereich 16-20,
  valueType: integer,
  name: sl.a44lb3,
  id: var-ship-sl_a44lb3,
  label: Life area 16-20,
  source: Questionnaire,
  dataset: ship-start,
  target: Participant
}"
28516,Variable,"{
  label_de: Lebensbereich 11-15,
  valueType: integer,
  name: sl.a44lb2,
  id: var-ship-sl_a44lb2,
  label: Life area 11-15,
  source: Questionnaire,
  dataset: ship-start,
  target: Participant
}"
28517,Variable,"{
  label_de: Lebensbereich 5-10,
  valueType: integer,
  name: sl.a44lb1,
  id: var-ship-sl_a44lb1,
  label: Life area 5-10,
  source: Questionnaire,
  dataset: ship-start,
  target: Participant
}"
28518,Variable,"{
  label_de: Anzahl der Ereignisse 5J,
  valueType: integer,
  name: sl.a40a5j,
  id: var-ship-sl_a40a5j,
  label: Number of events 5J,
  source: Questionnaire,
  dataset: ship-start,
  target: Participant
}"
28519,Variable,"{
  label_de: F44: Arbeit erfordert Schnelligkeit,
  valueType: integer,
  name: s0.arb44sc,
  id: var-ship-s0_arb44sc,
  label: F44: My job requires working very fast.,
  source: Questionnaire,
  dataset: ship-start,
  target: Participant
}"
28520,Variable,"{
  label_de: Mußten Sie die Lasten in der Regel auf unebenen Transportwegen bewegen?,
  valueType: integer,
  name: s0.uneben,
  id: var-ship-s0_uneben,
  label: Did you have to move heavy loads on uneven ways?,
  source: Questionnaire,
  dataset: ship-start,
  target: Participant
}"
28521,Variable,"{
  label_de: Dauer bis heute 12,
  valueType: integer,
  name: sl.l34d12,
  id: var-ship-sl_l34d12,
  label: Duration until today 12,
  source: Questionnaire,
  dataset: ship-start,
  target: Participant
}"
28522,Variable,"{
  label_de: Bewertung heute SDE,
  valueType: integer,
  name: sl.a44bhsde,
  id: var-ship-sl_a44bhsde,
  label: Valuation today SDE,
  source: Questionnaire,
  dataset: ship-start,
  target: Participant
}"
28523,Variable,"{
  label_de: Anzahl der Ereignisse ZE,
  valueType: integer,
  name: sl.l34aze,
  id: var-ship-sl_l34aze,
  label: Number of events ZE,
  source: Questionnaire,
  dataset: ship-start,
  target: Participant
}"
28524,Variable,"{
  label_de: Dauer bis heute 5J,
  valueType: integer,
  name: sl.a39d5j,
  id: var-ship-sl_a39d5j,
  label: Duration until today 5J,
  source: Questionnaire,
  dataset: ship-start,
  target: Participant
}"
28525,Variable,"{
  label_de: Dauer bis heute 5J,
  valueType: integer,
  name: sl.a40d5j,
  id: var-ship-sl_a40d5j,
  label: Duration until today 5J,
  source: Questionnaire,
  dataset: ship-start,
  target: Participant
}"
28526,Variable,"{
  label_de: Anzahl der Ereignisse IPA -,
  valueType: integer,
  name: sl.a39apam,
  id: var-ship-sl_a39apam,
  label: Number of events IPA -,
  source: Questionnaire,
  dataset: ship-start,
  target: Participant
}"
28527,Variable,"{
  label_de: Anzahl der Ereignisse IPA +,
  valueType: integer,
  name: sl.a39apap,
  id: var-ship-sl_a39apap,
  label: Number of events IPA +,
  source: Questionnaire,
  dataset: ship-start,
  target: Participant
}"
28528,Variable,"{
  label_de: Bewertung damals 12,
  valueType: integer,
  name: sl.a48bd12,
  id: var-ship-sl_a48bd12,
  label: Rating at that time 12,
  source: Questionnaire,
  dataset: ship-start,
  target: Participant
}"
28529,Variable,"{
  label_de: Dauer bis heute 12,
  valueType: integer,
  name: sl.a39d12,
  id: var-ship-sl_a39d12,
  label: Duration until today 12,
  source: Questionnaire,
  dataset: ship-start,
  target: Participant
}"
28530,Variable,"{
  label_de: Dauer bis heute 12,
  valueType: integer,
  name: sl.a40d12,
  id: var-ship-sl_a40d12,
  label: Duration until today 12,
  source: Questionnaire,
  dataset: ship-start,
  target: Participant
}"
28531,Variable,"{
  label_de: Dauer bis heute 5J,
  valueType: integer,
  name: sl.l34d5j,
  id: var-ship-sl_l34d5j,
  label: Duration to date 5Y,
  source: Questionnaire,
  dataset: ship-start,
  target: Participant
}"
28532,Variable,"{
  label_de: Anzahl der Ereignisse ZE,
  valueType: integer,
  name: sl.a39aze,
  id: var-ship-sl_a39aze,
  label: Number of events ZE,
  source: Questionnaire,
  dataset: ship-start,
  target: Participant
}"
28533,Variable,"{
  label_de: Anzahl der Ereignisse ZE,
  valueType: integer,
  name: sl.a40aze,
  id: var-ship-sl_a40aze,
  label: Number of events ZE,
  source: Questionnaire,
  dataset: ship-start,
  target: Participant
}"
28534,Variable,"{
  label_de: Bewertung heute SDE,
  valueType: integer,
  name: sl.l37bhsde,
  id: var-ship-sl_l37bhsde,
  label: Valuation today SDE,
  source: Questionnaire,
  dataset: ship-start,
  target: Participant
}"
28535,Variable,"{
  label_de: Bewertung heute 1DE,
  valueType: integer,
  name: sl.l30bh1de,
  id: var-ship-sl_l30bh1de,
  label: Rating today 1DE,
  source: Questionnaire,
  dataset: ship-start,
  target: Participant
}"
28536,Variable,"{
  label_de: Bewertung heute 1SuD,
  valueType: integer,
  name: sl.l30bh1nd,
  id: var-ship-sl_l30bh1nd,
  label: Valuation today 1SuD,
  source: Questionnaire,
  dataset: ship-start,
  target: Participant
}"
28537,Variable,"{
  label_de: F44: übermäßig viel Arbeit,
  valueType: integer,
  name: s0.arb44ue,
  id: var-ship-s0_arb44ue,
  label: F44: I am asked to do an excessive amount of work.,
  source: Questionnaire,
  dataset: ship-start,
  target: Participant
}"
28538,Variable,"{
  label_de: Anzahl der Ereignisse 12 LT,
  valueType: integer,
  name: sl.a39a12,
  id: var-ship-sl_a39a12,
  label: Number of events 12 LT,
  source: Questionnaire,
  dataset: ship-start,
  target: Participant
}"
28539,Variable,"{
  label_de: Anzahl der Ereignisse 12 LT,
  valueType: integer,
  name: sl.a40a12,
  id: var-ship-sl_a40a12,
  label: Number of events 12 LT,
  source: Questionnaire,
  dataset: ship-start,
  target: Participant
}"
28540,Variable,"{
  label_de: Bewertung heute SDE,
  valueType: integer,
  name: sl.l30bhsde,
  id: var-ship-sl_l30bhsde,
  label: Valuation today SDE,
  source: Questionnaire,
  dataset: ship-start,
  target: Participant
}"
28541,Variable,"{
  label_de: Bewertung heute IPA -,
  valueType: integer,
  name: sl.a39bhpam,
  id: var-ship-sl_a39bhpam,
  label: Evaluation today IPA -,
  source: Questionnaire,
  dataset: ship-start,
  target: Participant
}"
28542,Variable,"{
  label_de: Bewertung heute IPA +,
  valueType: integer,
  name: sl.a39bhpap,
  id: var-ship-sl_a39bhpap,
  label: Evaluation today IPA +,
  source: Questionnaire,
  dataset: ship-start,
  target: Participant
}"
28543,Variable,"{
  label_de: Bewertung heute 1DE,
  valueType: integer,
  name: sl.l37bh1de,
  id: var-ship-sl_l37bh1de,
  label: Rating today 1DE,
  source: Questionnaire,
  dataset: ship-start,
  target: Participant
}"
28544,Variable,"{
  label_de: Bewertung heute 1SuD,
  valueType: integer,
  name: sl.l37bh1nd,
  id: var-ship-sl_l37bh1nd,
  label: Rating today 1SuD,
  source: Questionnaire,
  dataset: ship-start,
  target: Participant
}"
28545,Variable,"{
  label_de: Bewertung heute SDE,
  valueType: integer,
  name: sl.f49bhsde,
  id: var-ship-sl_f49bhsde,
  label: Valuation today SDE,
  source: Questionnaire,
  dataset: ship-start,
  target: Participant
}"
28546,Variable,"{
  label_de: Gab es ein bisher nicht erwähntes Ereignis im Zusammenhang mit Ihren Finanzen?,
  valueType: integer,
  name: sl.f51lt,
  id: var-ship-sl_f51lt,
  label: Was there a previously unmentioned event related to your finances?,
  source: Questionnaire,
  dataset: ship-start,
  target: Participant
}"
28547,Variable,"{
  label_de: Bewertung damals 1DE,
  valueType: integer,
  name: sl.a45bd1de,
  id: var-ship-sl_a45bd1de,
  label: Rating at that time 1DE,
  source: Questionnaire,
  dataset: ship-start,
  target: Participant
}"
28548,Variable,"{
  label_de: Bewertung heute 1DE,
  valueType: integer,
  name: sl.h4bh1de,
  id: var-ship-sl_h4bh1de,
  label: Rating today 1DE,
  source: Questionnaire,
  dataset: ship-start,
  target: Parents
}"
28549,Variable,"{
  label_de: Bewertung damals IPA -,
  valueType: integer,
  name: sl.l31bdpam,
  id: var-ship-sl_l31bdpam,
  label: Evaluation at that time IPA -,
  source: Questionnaire,
  dataset: ship-start,
  target: Participant
}"
28550,Variable,"{
  label_de: Bewertung damals IPA +,
  valueType: integer,
  name: sl.l31bdpap,
  id: var-ship-sl_l31bdpap,
  label: Evaluation at that time IPA +,
  source: Questionnaire,
  dataset: ship-start,
  target: Participant
}"
28551,Variable,"{
  label_de: Bewertung heute 1SuD,
  valueType: integer,
  name: sl.h4bh1nd,
  id: var-ship-sl_h4bh1nd,
  label: Valuation today 1SuD,
  source: Questionnaire,
  dataset: ship-start,
  target: Parents
}"
28552,Variable,"{
  label_de: F48: Berufliche Situation seit d. Wende,
  valueType: integer,
  name: s0.wend47,
  id: var-ship-s0_wend47,
  label: F48: Did your occupational situation change since the change of the political sy,
  source: Questionnaire,
  dataset: ship-start,
  target: Participant
}"
28553,Variable,"{
  label_de: F49: Finanzielle Situation seit d. Wende,
  valueType: integer,
  name: s0.wend48,
  id: var-ship-s0_wend48,
  label: F49: Did your financial situation change since the  Wende ?,
  source: Questionnaire,
  dataset: ship-start,
  target: Participant
}"
28554,Variable,"{
  label_de: F89: Monatl. Nettohaushaltseinkommen,
  valueType: integer,
  name: s0.sta82,
  id: var-ship-s0_sta82,
  label: F89: There is one more statistical question. What is the monthly income level of,
  source: Questionnaire,
  dataset: ship-start,
  target: Participant
}"
28555,Variable,"{
  label_de: Anzahl der Ereignisse 12 LT,
  valueType: integer,
  name: sl.l32a12,
  id: var-ship-sl_l32a12,
  label: Number of events 12 LT,
  source: Questionnaire,
  dataset: ship-start,
  target: Participant
}"
28556,Variable,"{
  label_de: Waren Sie die meiste Zeit mit Ihrer finanziellen Situation über einen längeren Z,
  valueType: integer,
  name: sl.f50lt,
  id: var-ship-sl_f50lt,
  label: Were you very satisfied with your financial situation most of the time over a lo,
  source: Questionnaire,
  dataset: ship-start,
  target: Participant
}"
28557,Variable,"{
  label_de: Anzahl der Ereignisse SDE,
  valueType: integer,
  name: sl.f49asde,
  id: var-ship-sl_f49asde,
  label: Number of events SDE,
  source: Questionnaire,
  dataset: ship-start,
  target: Participant
}"
28558,Variable,"{
  label_de: Bewertung damals 1SuD,
  valueType: integer,
  name: sl.a45bd1nd,
  id: var-ship-sl_a45bd1nd,
  label: Evaluation at that time 1SuD,
  source: Questionnaire,
  dataset: ship-start,
  target: Participant
}"
28559,Variable,"{
  label_de: Anzahl der Ereignisse IPA -,
  valueType: integer,
  name: sl.l36apam,
  id: var-ship-sl_l36apam,
  label: Number of events IPA -,
  source: Questionnaire,
  dataset: ship-start,
  target: Participant
}"
28560,Variable,"{
  label_de: Anzahl der Ereignisse IPA +,
  valueType: integer,
  name: sl.l36apap,
  id: var-ship-sl_l36apap,
  label: Number of events IPA +,
  source: Questionnaire,
  dataset: ship-start,
  target: Participant
}"
28561,Variable,"{
  label_de: Dauer bis heute IPA -,
  valueType: integer,
  name: sl.l32dpam,
  id: var-ship-sl_l32dpam,
  label: Duration until today IPA -,
  source: Questionnaire,
  dataset: ship-start,
  target: Participant
}"
28562,Variable,"{
  label_de: Dauer bis heute IPA +,
  valueType: integer,
  name: sl.l32dpap,
  id: var-ship-sl_l32dpap,
  label: Duration until today IPA +,
  source: Questionnaire,
  dataset: ship-start,
  target: Participant
}"
28563,Variable,"{
  label_de: Bewertung heute IPA -,
  valueType: integer,
  name: sl.l36bhpam,
  id: var-ship-sl_l36bhpam,
  label: Evaluation today IPA -,
  source: Questionnaire,
  dataset: ship-start,
  target: Participant
}"
28564,Variable,"{
  label_de: Bewertung heute IPA +,
  valueType: integer,
  name: sl.l36bhpap,
  id: var-ship-sl_l36bhpap,
  label: Valuation today IPA +,
  source: Questionnaire,
  dataset: ship-start,
  target: Participant
}"
28565,Variable,"{
  label_de: Anzahl der Ereignisse 1DE,
  valueType: integer,
  name: sl.a38a1de,
  id: var-ship-sl_a38a1de,
  label: Number of events 1DE,
  source: Questionnaire,
  dataset: ship-start,
  target: Participant
}"
28566,Variable,"{
  label_de: Dauer bis heute 1SuD,
  valueType: integer,
  name: sl.l31d1nd,
  id: var-ship-sl_l31d1nd,
  label: Duration until today 1SuD,
  source: Questionnaire,
  dataset: ship-start,
  target: Participant
}"
28567,Variable,"{
  label_de: Dauer bis heute 1DE,
  valueType: integer,
  name: sl.l31d1de,
  id: var-ship-sl_l31d1de,
  label: Duration until today 1DE,
  source: Questionnaire,
  dataset: ship-start,
  target: Participant
}"
28568,Variable,"{
  label_de: Bewertung heute ZE,
  valueType: integer,
  name: sl.l32bhze,
  id: var-ship-sl_l32bhze,
  label: Valuation today ZE,
  source: Questionnaire,
  dataset: ship-start,
  target: Participant
}"
28569,Variable,"{
  label_de: Anzahl der Ereignisse 1SuD,
  valueType: integer,
  name: sl.a38a1nd,
  id: var-ship-sl_a38a1nd,
  label: Number of events 1SuD,
  source: Questionnaire,
  dataset: ship-start,
  target: Participant
}"
28570,Variable,"{
  label_de: Bewertung heute IPA +,
  valueType: integer,
  name: sl.f49bhpap,
  id: var-ship-sl_f49bhpap,
  label: Valuation today IPA +,
  source: Questionnaire,
  dataset: ship-start,
  target: Participant
}"
28571,Variable,"{
  label_de: Bewertung heute IPA -,
  valueType: integer,
  name: sl.f49bhpam,
  id: var-ship-sl_f49bhpam,
  label: Evaluation today IPA -,
  source: Questionnaire,
  dataset: ship-start,
  target: Participant
}"
28572,Variable,"{
  label_de: Bewertung heute LT,
  valueType: integer,
  name: sl.l32bhlt,
  id: var-ship-sl_l32bhlt,
  label: Valuation today LT,
  source: Questionnaire,
  dataset: ship-start,
  target: Participant
}"
28573,Variable,"{
  label_de: Seit wann ist Ihr Ehepartner(in) nicht mehr berufstätig?,
  valueType: integer,
  name: s0.dprente,
  id: var-ship-s0_dprente,
  label: Since when your husband / wife doesn t work any more?,
  source: Questionnaire,
  dataset: ship-start,
  target: Partner
}"
28574,Variable,"{
  label_de: Falls Geburtsdatum nicht vollständig, hier verfügbare Angaben eintragen 2. Kind,
  valueType: text,
  name: s3.frau_04c1,
  id: var-ship-s3_frau_04c1,
  label: If date of birth is not complete, enter available information here 2nd child,
  source: Questionnaire,
  dataset: ship-start,
  target: Children
}"
28575,Variable,"{
  label_de: Falls Geburtsdatum nicht vollständig, hier verfügbare Angaben eintragen 1. Kind,
  valueType: text,
  name: s3.frau_04a1,
  id: var-ship-s3_frau_04a1,
  label: If date of birth is not complete, enter available information here 1st child,
  source: Questionnaire,
  dataset: ship-start,
  target: Children
}"
28576,Variable,"{
  label_de: Anzahl der Ereignisse 1DE,
  valueType: integer,
  name: sl.f49a1de,
  id: var-ship-sl_f49a1de,
  label: Number of events 1DE,
  source: Questionnaire,
  dataset: ship-start,
  target: Participant
}"
28577,Variable,"{
  label_de: Falls Geburtsdatum nicht vollständig, hier verfügbare Angaben eintragen 9. Kind,
  valueType: text,
  name: s3.frau_04q1,
  id: var-ship-s3_frau_04q1,
  label: If date of birth is not complete, enter available information here 9th child,
  source: Questionnaire,
  dataset: ship-start,
  target: Children
}"
28578,Variable,"{
  label_de: Falls Geburtsdatum nicht vollständig, hier verfügbare Angaben eintragen 8. Kind,
  valueType: text,
  name: s3.frau_04o1,
  id: var-ship-s3_frau_04o1,
  label: If date of birth is not complete, enter available information here 8th child,
  source: Questionnaire,
  dataset: ship-start,
  target: Children
}"
28579,Variable,"{
  label_de: Falls Geburtsdatum nicht vollständig, hier verfügbare Angaben eintragen 11. Kind,
  valueType: text,
  name: s3.frau_04u1,
  id: var-ship-s3_frau_04u1,
  label: If date of birth is not complete, enter available information here 11th child,
  source: Questionnaire,
  dataset: ship-start,
  target: Children
}"
28580,Variable,"{
  label_de: Anzahl der Ereignisse 1SuD,
  valueType: integer,
  name: sl.f49a1nd,
  id: var-ship-sl_f49a1nd,
  label: Number of events 1SuD,
  source: Questionnaire,
  dataset: ship-start,
  target: Participant
}"
28581,Variable,"{
  label_de: Falls Geburtsdatum nicht vollständig, hier verfügbare Angaben eintragen 10. Kind,
  valueType: text,
  name: s3.frau_04s1,
  id: var-ship-s3_frau_04s1,
  label: If date of birth is not complete, enter available information here 10th child,
  source: Questionnaire,
  dataset: ship-start,
  target: Children
}"
28582,Variable,"{
  label_de: Falls Geburtsdatum nicht vollständig, hier verfügbare Angaben eintragen 5. Kind,
  valueType: text,
  name: s3.frau_04i1,
  id: var-ship-s3_frau_04i1,
  label: If date of birth is not complete, enter available information here 5th child,
  source: Questionnaire,
  dataset: ship-start,
  target: Children
}"
28583,Variable,"{
  label_de: Falls Geburtsdatum nicht vollständig, hier verfügbare Angaben eintragen 3. Kind,
  valueType: text,
  name: s3.frau_04e1,
  id: var-ship-s3_frau_04e1,
  label: If date of birth is not complete, enter available information here 3rd child,
  source: Questionnaire,
  dataset: ship-start,
  target: Children
}"
28584,Variable,"{
  label_de: Falls Geburtsdatum nicht vollständig, hier verfügbare Angaben eintragen 4. Kind,
  valueType: text,
  name: s3.frau_04g1,
  id: var-ship-s3_frau_04g1,
  label: If date of birth is not complete, enter available information here 4th child,
  source: Questionnaire,
  dataset: ship-start,
  target: Children
}"
28585,Variable,"{
  label_de: Falls Geburtsdatum nicht vollständig, hier verfügbare Angaben eintragen 7. Kind,
  valueType: text,
  name: s3.frau_04m1,
  id: var-ship-s3_frau_04m1,
  label: If date of birth is not complete, enter available information here 7th child,
  source: Questionnaire,
  dataset: ship-start,
  target: Children
}"
28586,Variable,"{
  label_de: SD: Geschlecht Kinder,
  valueType: integer,
  name: s1.iv_id_gender,
  id: var-ship-s1_iv_id_gender,
  label: SD: gender,
  source: Questionnaire,
  dataset: ship-start,
  target: Participant
}"
28587,Variable,"{
  label_de: Falls Geburtsdatum nicht vollständig, hier verfügbare Angaben eintragen 6. Kind,
  valueType: text,
  name: s3.frau_04k1,
  id: var-ship-s3_frau_04k1,
  label: If date of birth is not complete, enter available information here 6th child,
  source: Questionnaire,
  dataset: ship-start,
  target: Children
}"
28588,Variable,"{
  label_de: Anzahl der Ereignisse SDE,
  valueType: integer,
  name: sl.a38asde,
  id: var-ship-sl_a38asde,
  label: Number of events SDE,
  source: Questionnaire,
  dataset: ship-start,
  target: Participant
}"
28589,Variable,"{
  label_de: Dauer bis heute 12,
  valueType: integer,
  name: sl.l32d12,
  id: var-ship-sl_l32d12,
  label: Duration until today 12,
  source: Questionnaire,
  dataset: ship-start,
  target: Participant
}"
28590,Variable,"{
  label_de: Dauer bis heute 5J,
  valueType: integer,
  name: sl.l32d5j,
  id: var-ship-sl_l32d5j,
  label: Duration to date 5Y,
  source: Questionnaire,
  dataset: ship-start,
  target: Participant
}"
28591,Variable,"{
  label_de: Bewertung heute 5J,
  valueType: integer,
  name: sl.l32bh5j,
  id: var-ship-sl_l32bh5j,
  label: Valuation today 5J,
  source: Questionnaire,
  dataset: ship-start,
  target: Participant
}"
28592,Variable,"{
  label_de: Anzahl der Ereignisse ZE,
  valueType: integer,
  name: sl.l32aze,
  id: var-ship-sl_l32aze,
  label: Number of events ZE,
  source: Questionnaire,
  dataset: ship-start,
  target: Participant
}"
28593,Variable,"{
  label_de: Dauer bis heute SDE,
  valueType: integer,
  name: sl.l31dsde,
  id: var-ship-sl_l31dsde,
  label: Duration to date SDE,
  source: Questionnaire,
  dataset: ship-start,
  target: Participant
}"
28594,Variable,"{
  label_de: Welche Sonstige? Krankenkasse,
  valueType: text,
  name: s2.s2_inan_15c,
  id: var-ship-s2_s2_inan_15c,
  label: What other? health insurance,
  source: Questionnaire,
  dataset: ship-start,
  target: Participant
}"
28595,Variable,"{
  label_de: Welches der folgenden Merkmale trifft auf Ihre derzeitige Hauptbeschäftigung zu,,
  valueType: integer,
  name: s0.htaetig,
  id: var-ship-s0_htaetig,
  label: Which of the following items best describes your present regular occupation, e.g,
  source: Questionnaire,
  dataset: ship-start,
  target: Participant
}"
28596,Variable,"{
  label_de: F87: Glaube, daß ich zuviel esse,
  valueType: integer,
  name: s0.ern80zb,
  id: var-ship-s0_ern80zb,
  label: F87: I think I eat too much.,
  source: Questionnaire,
  dataset: ship-start,
  target: Participant
}"
28597,Variable,"{
  label_de: Wie empfinden Sie den Gesundheitszustand Ihrer Zähne?,
  valueType: integer,
  name: s2.geszahn,
  id: var-ship-s2_geszahn,
  label: How would you describe the state of health of your teeth?,
  source: Questionnaire,
  dataset: ship-start,
  target: Participant
}"
28598,Variable,"{
  label_de: F87: Über m. Essen nachd. = Zeitverschw.,
  valueType: integer,
  name: s0.ern80ue,
  id: var-ship-s0_ern80ue,
  label: F87: It s a waste of time thinking about my eating.,
  source: Questionnaire,
  dataset: ship-start,
  target: Participant
}"
28599,Variable,"{
  label_de: F87: Weniger essen, ergibt für mich Sinn,
  valueType: integer,
  name: s0.ern80si,
  id: var-ship-s0_ern80si,
  label: F87: Eating less makes sense to me.,
  source: Questionnaire,
  dataset: ship-start,
  target: Participant
}"
28600,Variable,"{
  label_de: F87: Mein Essen ist manchmal ein Problem,
  valueType: integer,
  name: s0.ern80pr,
  id: var-ship-s0_ern80pr,
  label: F87: My eating is a problem sometimes.,
  source: Questionnaire,
  dataset: ship-start,
  target: Participant
}"
28601,Variable,"{
  label_de: F87: Reduziere Essen jetzt im Moment,
  valueType: integer,
  name: s0.ern80mo,
  id: var-ship-s0_ern80mo,
  label: F87: I am actually cutting down on my eating now.,
  source: Questionnaire,
  dataset: ship-start,
  target: Participant
}"
28602,Variable,"{
  label_de: F87: Änderungsabs. zu Ernährung beantw.,
  valueType: integer,
  name: s0.ern80jn,
  id: var-ship-s0_ern80jn,
  label: F87: Please answer these questions about your intentions to change your eating h,
  source: Questionnaire,
  dataset: ship-start,
  target: Participant
}"
28603,Variable,"{
  label_de: F87: Würde an Eßgewohnh.-Kurs teilnehmen,
  valueType: integer,
  name: s0.ern80ku,
  id: var-ship-s0_ern80ku,
  label: F87: I would attend a course where I can learn to eat in a way that is beneficia,
  source: Questionnaire,
  dataset: ship-start,
  target: Participant
}"
28604,Variable,"{
  label_de: Wann haben Sie zuletzt Sport getrieben?,
  valueType: datetime,
  name: s4.pre_sport_h,
  id: var-ship-s4_pre_sport_h,
  label: When do you last exercise?,
  source: Questionnaire,
  dataset: ship-start,
  target: Participant
}"
28605,Variable,"{
  label_de: Fahrrad fahren,
  valueType: integer,
  name: s4.pre_sport_bicycle,
  id: var-ship-s4_pre_sport_bicycle,
  label: Riding a bicycle,
  source: Questionnaire,
  dataset: ship-start,
  target: Participant
}"
28606,Variable,"{
  label_de: Was trifft zurzeit auf Sie zu? Ich schaue mir Fernsehsendungen an.,
  valueType: integer,
  name: s3.frs_alltag_tv,
  id: var-ship-s3_frs_alltag_tv,
  label: What is currently true for you? Watching television shows.,
  source: Questionnaire,
  dataset: ship-start,
  target: Participant
}"
28607,Variable,"{
  label_de: Wie viele Zigaretten rauchen Sie durchschnittlich pro Tag?,
  valueType: integer,
  name: s0.ncig1,
  id: var-ship-s0_ncig1,
  label: How many cigarettes/ day do you smoke on average?,
  source: Questionnaire,
  dataset: ship-start,
  target: Participant
}"
28608,Variable,"{
  label_de: Was war die größte Anzahl Zigaretten, die Sie täglich über ein Jahr geraucht hab,
  valueType: integer,
  name: s0.ncig2,
  id: var-ship-s0_ncig2,
  label: What was the highest daily amount of cigarettes that you smoked for more than on,
  source: Questionnaire,
  dataset: ship-start,
  target: Participant
}"
28609,Variable,"{
  label_de: F87: Notw.,ü.Reduzier. d.Essens nachzud.,
  valueType: integer,
  name: s0.ern80ae,
  id: var-ship-s0_ern80ae,
  label: F87: I think there is a need for me to think about cutting down on my eating.,
  source: Questionnaire,
  dataset: ship-start,
  target: Participant
}"
28610,Variable,"{
  label_de: F86: Mit m. Art zu Rauchen einverstanden,
  valueType: integer,
  name: s0.rau79z,
  id: var-ship-s0_rau79z,
  label: F86: I totally agree with my mode of smoking.,
  source: Questionnaire,
  dataset: ship-start,
  target: Participant
}"
28611,Variable,"{
  label_de: F86: Versuche, weniger zu rauchen,
  valueType: integer,
  name: s0.rau79w,
  id: var-ship-s0_rau79w,
  label: F86: I am trying to smoke less than I used to.,
  source: Questionnaire,
  dataset: ship-start,
  target: Participant
}"
28612,Variable,"{
  label_de: Wann haben Sie diese Tätigkeit in etwa beendet?,
  valueType: datetime,
  name: s4.pre_physhard_h,
  id: var-ship-s4_pre_physhard_h,
  label: When did you approximately finish this activity?,
  source: Questionnaire,
  dataset: ship-start,
  target: Participant
}"
28613,Variable,"{
  label_de: F86: Ich tue etwas wegen des Rauchens,
  valueType: integer,
  name: s0.rau79r,
  id: var-ship-s0_rau79r,
  label: F86: Anyone can talk about wanting to do something about smoking, but I am actua,
  source: Questionnaire,
  dataset: ship-start,
  target: Participant
}"
28614,Variable,"{
  label_de: F86: Sollte nachd. weniger zu rauchen,
  valueType: integer,
  name: s0.rau79p,
  id: var-ship-s0_rau79p,
  label: F86: I am at the stage where I should think about stop smoking or smoking less.,
  source: Questionnaire,
  dataset: ship-start,
  target: Participant
}"
28615,Variable,"{
  label_de: F86: Rauche gern, aber manchmal zuviel,
  valueType: integer,
  name: s0.rau79g,
  id: var-ship-s0_rau79g,
  label: F86: I enjoy smoking, but sometimes I smoke too much.,
  source: Questionnaire,
  dataset: ship-start,
  target: Participant
}"
28616,Variable,"{
  label_de: F86: Denke, ich sollte weniger rauchen,
  valueType: integer,
  name: s0.rau79m,
  id: var-ship-s0_rau79m,
  label: F86: Sometimes I think I should stop or cut down on my smoking.,
  source: Questionnaire,
  dataset: ship-start,
  target: Participant
}"
28617,Variable,"{
  label_de: F86: Vor kurzem Rauchen eingeschränkt,
  valueType: integer,
  name: s0.rau79k,
  id: var-ship-s0_rau79k,
  label: F86: I have just recently cut down on my smoking.,
  source: Questionnaire,
  dataset: ship-start,
  target: Participant
}"
28618,Variable,"{
  label_de: F30: Alkohol am Steuer, letzte 12 Monate,
  valueType: integer,
  name: s0.verk301,
  id: var-ship-s0_verk301,
  label: F30: If yes, did you drink and drive whithin the past 12 months?,
  source: Questionnaire,
  dataset: ship-start,
  target: Participant
}"
28619,Variable,"{
  label_de: F30: Wie oft Alkohol am Steuer,
  valueType: integer,
  name: s0.verk302,
  id: var-ship-s0_verk302,
  label: F30: If yes, how often:,
  source: Questionnaire,
  dataset: ship-start,
  target: Participant
}"
28620,Variable,"{
  label_de: F30: Alkohol am Steuer,
  valueType: integer,
  name: s0.verk30,
  id: var-ship-s0_verk30,
  label: F30: Everbody happens to do things unperilous from time to time. Since the Unifi,
  source: Questionnaire,
  dataset: ship-start,
  target: Participant
}"
28621,Variable,"{
  label_de: F29: KEIN Führerschein,
  valueType: integer,
  name: s0.verk29,
  id: var-ship-s0_verk29,
  label: F29: I have a driver s licence,
  source: Questionnaire,
  dataset: ship-start,
  target: Participant
}"
28622,Variable,"{
  label_de: F79: Sucht: Drogen,
  valueType: integer,
  name: s0.psydrog,
  id: var-ship-s0_psydrog,
  label: F79: Have you taken drugs (like marihuana/hashish, ecstasy, cocaine, heroin) mor,
  source: Questionnaire,
  dataset: ship-start,
  target: Participant
}"
28623,Variable,"{
  label_de: 2. Kind gestillt,
  valueType: decimal,
  name: s3.frau_04d,
  id: var-ship-s3_frau_04d,
  label: 2nd child nursed,
  source: Questionnaire,
  dataset: ship-start,
  target: Participant
}"
28624,Variable,"{
  label_de: 1. Kind gestillt,
  valueType: decimal,
  name: s3.frau_04b,
  id: var-ship-s3_frau_04b,
  label: 1st child nursed,
  source: Questionnaire,
  dataset: ship-start,
  target: Participant
}"
28625,Variable,"{
  label_de: 8. Kind gestillt,
  valueType: decimal,
  name: s3.frau_04p,
  id: var-ship-s3_frau_04p,
  label: 8th child nursed,
  source: Questionnaire,
  dataset: ship-start,
  target: Participant
}"
28626,Variable,"{
  label_de: 7. Kind gestillt,
  valueType: decimal,
  name: s3.frau_04n,
  id: var-ship-s3_frau_04n,
  label: 7th child nursed,
  source: Questionnaire,
  dataset: ship-start,
  target: Participant
}"
28627,Variable,"{
  label_de: 10. Kind gestillt,
  valueType: decimal,
  name: s3.frau_04t,
  id: var-ship-s3_frau_04t,
  label: 10th child nursed,
  source: Questionnaire,
  dataset: ship-start,
  target: Participant
}"
28628,Variable,"{
  label_de: 9. Kind gestillt,
  valueType: decimal,
  name: s3.frau_04r,
  id: var-ship-s3_frau_04r,
  label: 9th child nursed,
  source: Questionnaire,
  dataset: ship-start,
  target: Participant
}"
28629,Variable,"{
  label_de: 4. Kind gestillt,
  valueType: decimal,
  name: s3.frau_04h,
  id: var-ship-s3_frau_04h,
  label: 4th child nursed,
  source: Questionnaire,
  dataset: ship-start,
  target: Participant
}"
28630,Variable,"{
  label_de: 3. Kind gestillt,
  valueType: decimal,
  name: s3.frau_04f,
  id: var-ship-s3_frau_04f,
  label: 3rd child nursed,
  source: Questionnaire,
  dataset: ship-start,
  target: Participant
}"
28631,Variable,"{
  label_de: 6. Kind gestillt,
  valueType: decimal,
  name: s3.frau_04l,
  id: var-ship-s3_frau_04l,
  label: 6th child nursed,
  source: Questionnaire,
  dataset: ship-start,
  target: Participant
}"
28632,Variable,"{
  label_de: 5. Kind gestillt,
  valueType: decimal,
  name: s3.frau_04j,
  id: var-ship-s3_frau_04j,
  label: 5th child nursed,
  source: Questionnaire,
  dataset: ship-start,
  target: Participant
}"
28633,Variable,"{
  label_de: 12. Kind gestillt,
  valueType: decimal,
  name: s3.frau_04x,
  id: var-ship-s3_frau_04x,
  label: 12th child nursed,
  source: Questionnaire,
  dataset: ship-start,
  target: Participant
}"
28634,Variable,"{
  label_de: 11. Kind gestillt,
  valueType: decimal,
  name: s3.frau_04v,
  id: var-ship-s3_frau_04v,
  label: 11th child nursed,
  source: Questionnaire,
  dataset: ship-start,
  target: Participant
}"
28635,Variable,"{
  label_de: TRAFO: Food Frequency Score,
  valueType: decimal,
  name: s0.ffs_s0,
  id: var-ship-s0_ffs_s0,
  label: TRAFO: Food Frequency Score,
  source: Questionnaire,
  dataset: ship-start,
  target: Participant
}"
28636,Variable,"{
  label_de: Laufen/ Joggen,
  valueType: integer,
  name: s3.pre_sport_jogging,
  id: var-ship-s3_pre_sport_jogging,
  label: Running/ jogging,
  source: Questionnaire,
  dataset: ship-start,
  target: Participant
}"
28637,Variable,"{
  label_de: Vollkornbrot, Schwarzbrot, Knäckebrot,
  valueType: integer,
  name: s2.s2_ernaehr_11,
  id: var-ship-s2_s2_ernaehr_11,
  label: wholemeal bread, brown bread, crispbread,
  source: Questionnaire,
  dataset: ship-start,
  target: Participant
}"
28638,Variable,"{
  label_de: Frisches Obst,
  valueType: integer,
  name: s2.s2_ernaehr_10,
  id: var-ship-s2_s2_ernaehr_10,
  label: fresh fruit,
  source: Questionnaire,
  dataset: ship-start,
  target: Participant
}"
28639,Variable,"{
  label_de: Eier,
  valueType: integer,
  name: s2.s2_ernaehr_13,
  id: var-ship-s2_s2_ernaehr_13,
  label: eggs,
  source: Questionnaire,
  dataset: ship-start,
  target: Participant
}"
28640,Variable,"{
  label_de: Haferflocken, Müsli, Cornflakes,
  valueType: integer,
  name: s2.s2_ernaehr_12,
  id: var-ship-s2_s2_ernaehr_12,
  label: oat flakes, cereals, cornflakes,
  source: Questionnaire,
  dataset: ship-start,
  target: Participant
}"
28641,Variable,"{
  label_de: Süßwaren (Bonbons, Pralinen, Schokolade),
  valueType: integer,
  name: s2.s2_ernaehr_15,
  id: var-ship-s2_s2_ernaehr_15,
  label: candy/sweets (hard candy, filled chocolates, chocolate),
  source: Questionnaire,
  dataset: ship-start,
  target: Participant
}"
28642,Variable,"{
  label_de: Kuchen, Gebäck, Kekse,
  valueType: integer,
  name: s2.s2_ernaehr_14,
  id: var-ship-s2_s2_ernaehr_14,
  label: cake, biscuits, cookies,
  source: Questionnaire,
  dataset: ship-start,
  target: Participant
}"
28643,Variable,"{
  label_de: Salzige Knabbereien (Erdnüsse, Chips),
  valueType: integer,
  name: s2.s2_ernaehr_16,
  id: var-ship-s2_s2_ernaehr_16,
  label: salty snacks (peanuts, potato chips),
  source: Questionnaire,
  dataset: ship-start,
  target: Participant
}"
28644,Variable,"{
  label_de: Wurstwaren, Schinken,
  valueType: integer,
  name: s2.s2_ernaehr_02,
  id: var-ship-s2_s2_ernaehr_02,
  label: sausages, ham,
  source: Questionnaire,
  dataset: ship-start,
  target: Participant
}"
28645,Variable,"{
  label_de: Betain (N,N,N-Trimethylammonioacetat) im Plasma [ng/ml], Anzahl der Messungen,
  valueType: decimal,
  name: s2.omics_tma_betaine_runs,
  id: var-ship-s2_omics_tma_betaine_runs,
  label: betaine / trimethylglycine (2-trimethylammonioacetate) in plasma [ng/ml], number,
  source: Biosample,
  dataset: ship-start,
  target: Participant
}"
28646,Variable,"{
  label_de: LAX: 25-Hydroxy-Vitamin D (IDS) [µg/l],
  valueType: decimal,
  name: s1.vitd25,
  id: var-ship-s1_vitd25,
  label: LAX: 25-Hydroxy-Vitamin D (IDS) [µg/l],
  source: Biosample,
  dataset: ship-start,
  target: Participant
}"
28647,Variable,"{
  label_de: Normoblasten (%),
  valueType: decimal,
  name: s3.normo_pct,
  id: var-ship-s3_normo_pct,
  label: normoblasts (%),
  source: Biosample,
  dataset: ship-start,
  target: Participant
}"
28648,Variable,"{
  label_de: MIBI: Toxoplasma-Antikörper, IgG (IE/ml),
  valueType: decimal,
  name: s0.mib_toxe,
  id: var-ship-s0_mib_toxe,
  label: MIBI: Toxoplasma antibodies, IgG (IE/ml),
  source: Biosample,
  dataset: ship-start,
  target: Participant
}"
28649,Variable,"{
  label_de: LABRE: Rheumafaktor [IU/ml],
  valueType: decimal,
  name: s0.rf_re_s,
  id: var-ship-s0_rf_re_s,
  label: LABRE: rheumatoid factor,
  source: Biosample,
  dataset: ship-start,
  target: Participant
}"
28650,Variable,"{
  label_de: MIBI: Toxoplasma-Antikörper, Impfschutz-2,
  valueType: text,
  name: s0.mib_tox2,
  id: var-ship-s0_mib_tox2,
  label: MIBI: Toxoplasma antibodies, protection by vaccination 2,
  source: Biosample,
  dataset: ship-start,
  target: Participant
}"
28651,Variable,"{
  label_de: MIBI: Toxoplasma-Antikörper, Impfschutz-1,
  valueType: text,
  name: s0.mib_tox1,
  id: var-ship-s0_mib_tox1,
  label: MIBI: Toxoplasma antibodies, protection by vaccination 1,
  source: Biosample,
  dataset: ship-start,
  target: Participant
}"
28652,Variable,"{
  label_de: MB: Nase: Vergrünende Streptokokken,
  valueType: integer,
  name: s2.mb_nase_vs,
  id: var-ship-s2_mb_nase_vs,
  label: MB: nose: alpha-hemolytic Streptococcus,
  source: Biosample,
  dataset: ship-start,
  target: Participant
}"
28653,Variable,"{
  label_de: LAB: Monozyten (MICR) (%),
  valueType: decimal,
  name: s3.mono_e,
  id: var-ship-s3_mono_e,
  label: LAB: monocytes (MICR) (%),
  source: Biosample,
  dataset: ship-start,
  target: Participant
}"
28654,Variable,"{
  label_de: LABRE: Trijodthyronin, freies (fT3) [pmol/l],
  valueType: decimal,
  name: s1.ft3_re,
  id: var-ship-s1_ft3_re,
  label: LABRE: triiodothyronine, free (fT3) [pmol/l],
  source: Biosample,
  dataset: ship-start,
  target: Participant
}"
28655,Variable,"{
  label_de: LABRE: beta-hCG [IU/l],
  valueType: decimal,
  name: s2.hcgb_re_s,
  id: var-ship-s2_hcgb_re_s,
  label: LABRE: beta-hCG,
  source: Biosample,
  dataset: ship-start,
  target: Participant
}"
28656,Variable,"{
  label_de: Protein (Urin) [+/-],
  valueType: text,
  name: s0.prot_u,
  id: var-ship-s0_prot_u,
  label: (Urine) Proteins (+/-),
  source: Biosample,
  dataset: ship-start,
  target: Participant
}"
28657,Variable,"{
  label_de: TRAFO: Urin: Albumin-Kreatinin-Verhältnis [mg/g],
  valueType: decimal,
  name: s0.alb_crea_u_s0,
  id: var-ship-s0_alb_crea_u_s0,
  label: TRAFO: Urinary albumin-creatinine ratio [mg/g],
  source: Biosample,
  dataset: ship-start,
  target: Participant
}"
28658,Variable,"{
  label_de: LAB: Mg / Magnesium (mmol/l),
  valueType: decimal,
  name: s3.mg_s,
  id: var-ship-s3_mg_s,
  label: LAB: magnesium (mmol/l),
  source: Biosample,
  dataset: ship-start,
  target: Participant
}"
28659,Variable,"{
  label_de: LABRE: Cystatin C [mg/l],
  valueType: decimal,
  name: s1.cystatin_re,
  id: var-ship-s1_cystatin_re,
  label: LABRE: cystatin C [mg/l],
  source: Biosample,
  dataset: ship-start,
  target: Participant
}"
28660,Variable,"{
  label_de: LAX: Asymmetrisches Dimethylarginin [µmol/L],
  valueType: decimal,
  name: s0.adma,
  id: var-ship-s0_adma,
  label: LAX: Asymmetric dimethylarginine [µmol/L],
  source: Biosample,
  dataset: ship-start,
  target: Participant
}"
28661,Variable,"{
  label_de: LAB: LP(a)-Cholesterol (mmol/l),
  valueType: decimal,
  name: s1.lipo_a,
  id: var-ship-s1_lipo_a,
  label: LAB: Lp(a) lipoprotein cholesterol (mmol/l),
  source: Biosample,
  dataset: ship-start,
  target: Participant
}"
28662,Variable,"{
  label_de: MB: Rachenplatte: Neisseria meningitidis B,
  valueType: integer,
  name: s2.mb_platte_nemeb,
  id: var-ship-s2_mb_platte_nemeb,
  label: MB: throat swab (plate): Neisseria meningitidis B,
  source: Biosample,
  dataset: ship-start,
  target: Participant
}"
28663,Variable,"{
  label_de: MB: Rachenplatte: Neisseria meningitidis C,
  valueType: integer,
  name: s2.mb_platte_nemec,
  id: var-ship-s2_mb_platte_nemec,
  label: MB: throat swab (plate): Neisseria meningitidis C,
  source: Biosample,
  dataset: ship-start,
  target: Participant
}"
28664,Variable,"{
  label_de: Wnt5a (Wingless Type MMTV Integration Site Family, Member 5A) [pg/ml],
  valueType: decimal,
  name: s1.wnt5a,
  id: var-ship-s1_wnt5a,
  label: Wnt5a (Wingless Type MMTV Integration Site Family, Member 5A) [pg/ml],
  source: Biosample,
  dataset: ship-start,
  target: Participant
}"
28665,Variable,"{
  label_de: LABRE: Transferrin [g/l],
  valueType: decimal,
  name: s0.tf_re_s,
  id: var-ship-s0_tf_re_s,
  label: LABRE: transferrin,
  source: Biosample,
  dataset: ship-start,
  target: Participant
}"
28666,Variable,"{
  label_de: LABRE: Laktatdehydrogenase [µkatal/l],
  valueType: decimal,
  name: s2.ldh_re_s,
  id: var-ship-s2_ldh_re_s,
  label: LABRE: lactate dehydrogenase (µkatal/l),
  source: Biosample,
  dataset: ship-start,
  target: Participant
}"
28667,Variable,"{
  label_de: LAB: ALAT (GPT) / Alanin-Aminotransferase (µkatal/l),
  valueType: decimal,
  name: s2.alat_s,
  id: var-ship-s2_alat_s,
  label: LAB: alanine aminotransferase (ALAT/GPT) (µkatal/l),
  source: Biosample,
  dataset: ship-start,
  target: Participant
}"
28668,Variable,"{
  label_de: Brain-derived neurotrophic factor, BDNF (ELISA) [pg/ml],
  valueType: decimal,
  name: s3.bdnf,
  id: var-ship-s3_bdnf,
  label: Brain-derived neurotrophic factor, BDNF (ELISA) [pg/ml],
  source: Biosample,
  dataset: ship-start,
  target: Participant
}"
28669,Variable,"{
  label_de: LAB: HDL-Cholesterol (mmol/l),
  valueType: decimal,
  name: s3.hdlch,
  id: var-ship-s3_hdlch,
  label: LAB: HDL-cholesterol (mmol/l),
  source: Biosample,
  dataset: ship-start,
  target: Participant
}"
28670,Variable,"{
  label_de: Antikörper gegen zyklische citrullinierte Peptide (CCP) im Serum (ImmuCAP) // Pr,
  valueType: text,
  name: s2.ccp_ab_p,
  id: var-ship-s2_ccp_ab_p,
  label: antibodies against cyclic citrullinated peptides (CCP) in serum (ImmuCAP) // pre,
  source: Biosample,
  dataset: ship-start,
  target: Participant
}"
28671,Variable,"{
  label_de: Antikörper gegen zyklische citrullinierte Peptide (CCP) im Serum (ImmuCAP) // wi,
  valueType: decimal,
  name: s2.ccp_ab_z,
  id: var-ship-s2_ccp_ab_z,
  label: Antibodies against cyclic citrullinated peptides (CCP) in serum (ImmuCAP) // win,
  source: Biosample,
  dataset: ship-start,
  target: Participant
}"
28672,Variable,"{
  label_de: Trimethylamin-N-oxid (TMAO) im Plasma [ng/ml], Anzahl der Messungen,
  valueType: decimal,
  name: s2.omics_tma_tmao_runs,
  id: var-ship-s2_omics_tma_tmao_runs,
  label: trimethylamine N-oxide (TMAO) in plasma [ng/ml], number of measurements,
  source: Biosample,
  dataset: ship-start,
  target: Participant
}"
28673,Variable,"{
  label_de: LAB: (Urin) Leukozyten (/µl),
  valueType: integer,
  name: s2.leuco_u,
  id: var-ship-s2_leuco_u,
  label: LAB: (urine) leukocytes (/µl),
  source: Biosample,
  dataset: ship-start,
  target: Participant
}"
28674,Variable,"{
  label_de: Cholesterol [mmol/l],
  valueType: decimal,
  name: s0.chol_s,
  id: var-ship-s0_chol_s,
  label: Cholesterol (total) (mmol/l),
  source: Biosample,
  dataset: ship-start,
  target: Participant
}"
28675,Variable,"{
  label_de: LAB: MCHC / Mittlere Hämoglobinkonzentration der Ery. (mmol/l),
  valueType: decimal,
  name: s3.mchc,
  id: var-ship-s3_mchc,
  label: LAB: MCHC/mean corpuscular haemoglobin concentration (mmol/l),
  source: Biosample,
  dataset: ship-start,
  target: Participant
}"
28676,Variable,"{
  label_de: LAB: HDL-Cholesterol (mmol/l),
  valueType: decimal,
  name: s1.hdl_s,
  id: var-ship-s1_hdl_s,
  label: LAB: HDL - High-density lipoprotein cholesterol (mmol/l),
  source: Biosample,
  dataset: ship-start,
  target: Participant
}"
28677,Variable,"{
  label_de: LABRE: Cholesterin, gesamt [mmol/l],
  valueType: decimal,
  name: s0.chol_re_s,
  id: var-ship-s0_chol_re_s,
  label: LABRE: cholesterol, total [mmol/l],
  source: Biosample,
  dataset: ship-start,
  target: Participant
}"
28678,Variable,"{
  label_de: LABRE: Laktatdehydrogenase [µkatal/l],
  valueType: decimal,
  name: s0.ldh_re_s,
  id: var-ship-s0_ldh_re_s,
  label: LABRE: lactate dehydrogenase (µkatal/l),
  source: Biosample,
  dataset: ship-start,
  target: Participant
}"
28679,Variable,"{
  label_de: LAB: Glucose i.S. (mmol/l),
  valueType: decimal,
  name: s2.gluc_s,
  id: var-ship-s2_gluc_s,
  label: LAB: serum glucose (mmol/l),
  source: Biosample,
  dataset: ship-start,
  target: Participant
}"
28680,Variable,"{
  label_de: LAB: (Urin) Glucose (mmol/l),
  valueType: integer,
  name: s2.gluc_u,
  id: var-ship-s2_gluc_u,
  label: LAB: (urine) glucose (mmol/l),
  source: Biosample,
  dataset: ship-start,
  target: Participant
}"
28681,Variable,"{
  label_de: LAX: Insulin-like growth factor binding protein 3 (IDS) [ng/mL],
  valueType: decimal,
  name: s1.igfbp3_ids,
  id: var-ship-s1_igfbp3_ids,
  label: LAX: Insulin-like growth factor binding protein 3 (IDS) [ng/mL],
  source: Biosample,
  dataset: ship-start,
  target: Participant
}"
28682,Variable,"{
  label_de: HbA1c (IFCC) (mmol/mol),
  valueType: decimal,
  name: s3.hba1c_ifcc,
  id: var-ship-s3_hba1c_ifcc,
  label: HbA1c (IFCC) (mmol/mol),
  source: Biosample,
  dataset: ship-start,
  target: Participant
}"
28683,Variable,"{
  label_de: LAB: (Urin) Creatinin (mmol/l),
  valueType: decimal,
  name: s1.crea_u,
  id: var-ship-s1_crea_u,
  label: LAB: (Urine) Creatinine (mmol/l),
  source: Biosample,
  dataset: ship-start,
  target: Participant
}"
28684,Variable,"{
  label_de: LAB: Creatinin i.S. (µmol/l),
  valueType: decimal,
  name: s1.crea_s,
  id: var-ship-s1_crea_s,
  label: LAB: Creatinine (µmol/l),
  source: Biosample,
  dataset: ship-start,
  target: Participant
}"
28685,Variable,"{
  label_de: MB: Rachen 1: Staphylococcus aureus (Methicillin resistent),
  valueType: integer,
  name: s2.mb_rachen1_mrsa,
  id: var-ship-s2_mb_rachen1_mrsa,
  label: MB: pharynx: Staphylococcus aureus (Methicillin resistant),
  source: Biosample,
  dataset: ship-start,
  target: Participant
}"
28686,Variable,"{
  label_de: LAB: Folsäure (ng/ml),
  valueType: decimal,
  name: s3.fols,
  id: var-ship-s3_fols,
  label: LAB: folic acid (ng/ml),
  source: Biosample,
  dataset: ship-start,
  target: Participant
}"
28687,Variable,"{
  label_de: LABRE: Lipase [µkatal/l],
  valueType: decimal,
  name: s0.lip_re_s,
  id: var-ship-s0_lip_re_s,
  label: LABRE: lipase (µkatal/l),
  source: Biosample,
  dataset: ship-start,
  target: Participant
}"
28688,Variable,"{
  label_de: LAX: Human Angiopoietin-2 (IDS) [pg/ml],
  valueType: decimal,
  name: s1.ang2,
  id: var-ship-s1_ang2,
  label: LAX: Human Angiopoietin-2 (IDS) [pg/ml],
  source: Biosample,
  dataset: ship-start,
  target: Participant
}"
28689,Variable,"{
  label_de: LABRE: Phosphat [mmol/l],
  valueType: decimal,
  name: s1.phos_re_s,
  id: var-ship-s1_phos_re_s,
  label: LABRE: phosphate,
  source: Biosample,
  dataset: ship-start,
  target: Participant
}"
28690,Variable,"{
  label_de: LABRE: Ferritin [µg/l],
  valueType: decimal,
  name: s1.ferri_re,
  id: var-ship-s1_ferri_re,
  label: LABRE: ferritin [µg/l],
  source: Biosample,
  dataset: ship-start,
  target: Participant
}"
28691,Variable,"{
  label_de: Anulozyten (MICR),
  valueType: integer,
  name: s3.anulo,
  id: var-ship-s3_anulo,
  label: hypochromic erythrocytes (MICR),
  source: Biosample,
  dataset: ship-start,
  target: Participant
}"
28692,Variable,"{
  label_de: Betain (N,N,N-Trimethylammonioacetat) im Plasma [ng/ml],
  valueType: decimal,
  name: s2.omics_tma_betaine,
  id: var-ship-s2_omics_tma_betaine,
  label: betaine / trimethylglycine (2-trimethylammonioacetate) in plasma [ng/ml],
  source: Biosample,
  dataset: ship-start,
  target: Participant
}"
28693,Variable,"{
  label_de: Helicobacter pylori IgG im Serum,
  valueType: decimal,
  name: s0.hpylori_igg,
  id: var-ship-s0_hpylori_igg,
  label: LAX: Helicobacter pylori IgG  i.s.,
  source: Biosample,
  dataset: ship-start,
  target: Participant
}"
28694,Variable,"{
  label_de: Kopienzahl des bakteriellen Betain-Reductase-Gens (grdH) im Stuhl (qPCR),
  valueType: decimal,
  name: s2.stool_dna_tma_grdh,
  id: var-ship-s2_stool_dna_tma_grdh,
  label: copy number of the bacterial betaine reductase gene (grdH) in stool (qPCR),
  source: Biosample,
  dataset: ship-start,
  target: Participant
}"
28695,Variable,"{
  label_de: TRAFO: Haupttodesursache Krebs (ICD-10: C00-C97),
  valueType: integer,
  name: s0.mort_ca,
  id: var-ship-s0_mort_ca,
  label: TRAFO: Main cause of death cancer (ICD-10: C00-C97),
  source: Questionnaire,
  dataset: ship-start,
  target: Participant
}"
28696,Variable,"{
  label_de: Stammdaten: Beginn der Untersuchungen,
  valueType: datetime,
  name: s1.all_ubeg,
  id: var-ship-s1_all_ubeg,
  label: Start of Examinations,
  source: Questionnaire,
  dataset: ship-start,
  target: Participant
}"
28697,Variable,"{
  label_de: Stammdaten: Untersuchungszentrum,
  valueType: integer,
  name: s0.all_uznr,
  id: var-ship-s0_all_uznr,
  label: Examination center,
  source: Questionnaire,
  dataset: ship-start,
  target: Participant
}"
28698,Variable,"{
  label_de: TRAFO: Haupttodesursache (ICD-10),
  valueType: text,
  name: s0.mort_icd10,
  id: var-ship-s0_mort_icd10,
  label: TRAFO: Main cause of death (ICD 10),
  source: Questionnaire,
  dataset: ship-start,
  target: Participant
}"
28699,Variable,"{
  label_de: TRAFO: Haupttodesursache koronare Herzkrankheit (ICD-10: I20-I25, R96),
  valueType: integer,
  name: s0.mort_chd,
  id: var-ship-s0_mort_chd,
  label: TRAFO: Main cause of death CHD (ICD-10: I20-I25, R96),
  source: Questionnaire,
  dataset: ship-start,
  target: Participant
}"
28700,Variable,"{
  label_de: TRAFO: Haupttodesursache Herz-Kreislauf-Erkrankung (ICD-10: I10-I79, R96),
  valueType: integer,
  name: s0.mort_cvd,
  id: var-ship-s0_mort_cvd,
  label: TRAFO: Main cause of death CVD (ICD-10: I10-I79, R96),
  source: Questionnaire,
  dataset: ship-start,
  target: Participant
}"
28701,Variable,"{
  label_de: TRAFO: Gesamtmortalität,
  valueType: integer,
  name: s0.mort_all,
  id: var-ship-s0_mort_all,
  label: TRAFO: All-cause mortality,
  source: Questionnaire,
  dataset: ship-start,
  target: Participant
}"
28702,Variable,"{
  label_de: TRAFO: Überlebenszeit bzw. Zeit bis zur Zensierung des Probanden nach Geburt [d],
  valueType: decimal,
  name: s0.mort_time_birth,
  id: var-ship-s0_mort_time_birth,
  label: TRAFO: time until death or time until censoring after date of birth [d],
  source: Questionnaire,
  dataset: ship-start,
  target: Participant
}"
28703,Variable,"{
  label_de: Stammdaten: Auftretende Besonderheiten,
  valueType: integer,
  name: s0.all_bsnr,
  id: var-ship-s0_all_bsnr,
  label: Particularities,
  source: Questionnaire,
  dataset: ship-start,
  target: Participant
}"
28704,Variable,"{
  label_de: Stammdaten: Beginn der Untersuchungen,
  valueType: datetime,
  name: s0.all_ubeg,
  id: var-ship-s0_all_ubeg,
  label: Start of Examinations,
  source: Questionnaire,
  dataset: ship-start,
  target: Participant
}"
28705,Variable,"{
  label_de: TRAFO: Überlebenszeit bzw. Zeit bis zur Zensierung des Probanden nach Untersuchu,
  valueType: decimal,
  name: s0.mort_time,
  id: var-ship-s0_mort_time,
  label: TRAFO: time until death or time until censoring after examination [d],
  source: Questionnaire,
  dataset: ship-start,
  target: Participant
}"
28706,Variable,"{
  label_de: Stammdaten: Ende der Untersuchungen,
  valueType: datetime,
  name: s0.all_uend,
  id: var-ship-s0_all_uend,
  label: End of Examinations,
  source: Questionnaire,
  dataset: ship-start,
  target: Participant
}"
28707,Variable,"{
  label_de: Stammdaten: Untersuchungsdatum,
  valueType: datetime,
  name: s0.all_udat,
  id: var-ship-s0_all_udat,
  label: Date of Examination,
  source: Questionnaire,
  dataset: ship-start,
  target: Participant
}"
28708,Variable,"{
  label_de: Stammdaten: Welche Besonderheiten,
  valueType: text,
  name: s0.all_note,
  id: var-ship-s0_all_note,
  label: What Particularities,
  source: Questionnaire,
  dataset: ship-start,
  target: Participant
}"
28709,Variable,"{
  label_de: CORE durchschnittlicher täglicher Luftdruck (hPa),
  valueType: decimal,
  name: s2.wea_airpressure_core,
  id: var-ship-s2_wea_airpressure_core,
  label: CORE Average daily air pressure (hPa),
  source: Governmental_databases_registries,
  dataset: ship-start,
  target: Participant
}"
28710,Variable,"{
  label_de: CORE durchschnittliche Tagestemperatur (°C),
  valueType: decimal,
  name: s3.wea_temp_average_core,
  id: var-ship-s3_wea_temp_average_core,
  label: CORE Average daily temperature (°C),
  source: Governmental_databases_registries,
  dataset: ship-start,
  target: Participant
}"
28711,Variable,"{
  label_de: F19: Heizung mit Gas,
  valueType: integer,
  name: s0.wohn19_2,
  id: var-ship-s0_wohn19_2,
  label: F19: fuel for heating: gas,
  source: Questionnaire,
  dataset: ship-start,
  target: Participant
}"
28712,Variable,"{
  label_de: F19: Heizung mit Kohle/Briketts,
  valueType: integer,
  name: s0.wohn19_3,
  id: var-ship-s0_wohn19_3,
  label: F19: fuel for heating: coal/briquettes,
  source: Questionnaire,
  dataset: ship-start,
  target: Participant
}"
28713,Variable,"{
  label_de: F19: Heizung mit Fernwärme,
  valueType: integer,
  name: s0.wohn19_6,
  id: var-ship-s0_wohn19_6,
  label: F19: fuel for heating: district heating,
  source: Questionnaire,
  dataset: ship-start,
  target: Participant
}"
28714,Variable,"{
  label_de: F19: Heizung mit Öl,
  valueType: integer,
  name: s0.wohn19_4,
  id: var-ship-s0_wohn19_4,
  label: F19: fuel for heating: oil,
  source: Questionnaire,
  dataset: ship-start,
  target: Participant
}"
28715,Variable,"{
  label_de: F19: Heizung mit Holz,
  valueType: integer,
  name: s0.wohn19_5,
  id: var-ship-s0_wohn19_5,
  label: F19: fuel for heating: wood,
  source: Questionnaire,
  dataset: ship-start,
  target: Participant
}"
28716,Variable,"{
  label_de: F19: Heizbrennstoff - Nicht auswertbar,
  valueType: integer,
  name: s0.wohn19_8,
  id: var-ship-s0_wohn19_8,
  label: F19: fuel for heating - not evaluable,
  source: Questionnaire,
  dataset: ship-start,
  target: Participant
}"
28717,Variable,"{
  label_de: F19: Heizbrennstoff - Keine Angabe,
  valueType: integer,
  name: s0.wohn19_9,
  id: var-ship-s0_wohn19_9,
  label: F19: fuel for heating - not stated,
  source: Questionnaire,
  dataset: ship-start,
  target: Participant
}"
28718,Variable,"{
  label_de: IMB tägliche Niederschlagsmenge (mm),
  valueType: decimal,
  name: s1.wea_rainfall_imb,
  id: var-ship-s1_wea_rainfall_imb,
  label: IMB Daily amount of rainfall (mm),
  source: Governmental_databases_registries,
  dataset: ship-start,
  target: Participant
}"
28719,Variable,"{
  label_de: CORE durchschnittliche tägliche Luftfeuchtigkeit (%),
  valueType: decimal,
  name: s2.wea_airhumidity_core,
  id: var-ship-s2_wea_airhumidity_core,
  label: CORE Average daily air humidity (%),
  source: Governmental_databases_registries,
  dataset: ship-start,
  target: Participant
}"
28720,Variable,"{
  label_de: IMB durchschnittliche Tagestemperatur (°C),
  valueType: decimal,
  name: s3.wea_temp_average_imb,
  id: var-ship-s3_wea_temp_average_imb,
  label: IMB Average daily temperature (°C),
  source: Governmental_databases_registries,
  dataset: ship-start,
  target: Participant
}"
28721,Variable,"{
  label_de: IMB maximale Tagestemperatur (°C),
  valueType: decimal,
  name: s1.wea_temp_max_imb,
  id: var-ship-s1_wea_temp_max_imb,
  label: IMB Maximal daily temperature (°C),
  source: Governmental_databases_registries,
  dataset: ship-start,
  target: Participant
}"
28722,Variable,"{
  label_de: CORE durchschnittliche tägliche Luftfeuchtigkeit (%),
  valueType: decimal,
  name: s3.wea_airhumidity_core,
  id: var-ship-s3_wea_airhumidity_core,
  label: CORE Average daily air humidity (%),
  source: Governmental_databases_registries,
  dataset: ship-start,
  target: Participant
}"
28723,Variable,"{
  label_de: IMB durchschnittliche Tagestemperatur (°C),
  valueType: decimal,
  name: s2.wea_temp_average_imb,
  id: var-ship-s2_wea_temp_average_imb,
  label: IMB Average daily temperature (°C),
  source: Governmental_databases_registries,
  dataset: ship-start,
  target: Participant
}"
28724,Variable,"{
  label_de: IMB tägliche Niederschlagsmenge (mm),
  valueType: decimal,
  name: s2.wea_rainfall_imb,
  id: var-ship-s2_wea_rainfall_imb,
  label: IMB Daily amount of rainfall (mm),
  source: Governmental_databases_registries,
  dataset: ship-start,
  target: Participant
}"
28725,Variable,"{
  label_de: MRT durchschnittliche tägliche Luftfeuchtigkeit (%),
  valueType: decimal,
  name: s2.wea_airhumidity_mri,
  id: var-ship-s2_wea_airhumidity_mri,
  label: MRI Average daily air humidity (%),
  source: Governmental_databases_registries,
  dataset: ship-start,
  target: Participant
}"
28726,Variable,"{
  label_de: Starker Lärm (keine Sprachverständigung in normaler Umgangssprache möglich, z.B.,
  valueType: integer,
  name: s2.s2_belast_04,
  id: var-ship-s2_s2_belast_04,
  label: Noise (communication at normal volume not possible, e.g. circular saws, drop ham,
  source: Questionnaire,
  dataset: ship-start,
  target: Participant
}"
28727,Variable,"{
  label_de: Chemische Schadstoffe (z.B. Farben, Lösungsmittel, Säure, Laugen, Pflanzenschutz,
  valueType: integer,
  name: s2.s2_belast_06,
  id: var-ship-s2_s2_belast_06,
  label: Chemical pollutants (e.g. paints, solvents, acids, lye, pesticides, benzene)?,
  source: Questionnaire,
  dataset: ship-start,
  target: Participant
}"
28728,Variable,"{
  label_de: Wie viele Jahre seit SHIP-0 haben Sie diese Tätigkeit ausgeübt? Starker Lärm,
  valueType: integer,
  name: s2.s2_belast_05,
  id: var-ship-s2_s2_belast_05,
  label: How many years have you been doing that work since SHIP-0? noise,
  source: Questionnaire,
  dataset: ship-start,
  target: Participant
}"
28729,Variable,"{
  label_de: Asbestbelastungen (z.B. Herstellung und Benutzung von Asbesttextilien, Bremsbelä,
  valueType: integer,
  name: s2.s2_belast_08,
  id: var-ship-s2_s2_belast_08,
  label: Being exposed to asbestos (e.g. production and use of asbestos textiles, break p,
  source: Questionnaire,
  dataset: ship-start,
  target: Participant
}"
28730,Variable,"{
  label_de: Wie viele Jahre seit SHIP-0 haben Sie diese Tätigkeit ausgeübt? Chemische Schads,
  valueType: integer,
  name: s2.s2_belast_07,
  id: var-ship-s2_s2_belast_07,
  label: How many years have you been doing that work since SHIP-0? chemical pollutants,
  source: Questionnaire,
  dataset: ship-start,
  target: Participant
}"
28731,Variable,"{
  label_de: Wie viele Jahre seit SHIP-0 haben Sie diese Tätigkeit ausgeübt? Asbestbelastunge,
  valueType: integer,
  name: s2.s2_belast_09,
  id: var-ship-s2_s2_belast_09,
  label: How many years have you been doing that work since SHIP-0? asbestos exposure,
  source: Questionnaire,
  dataset: ship-start,
  target: Participant
}"
28732,Variable,"{
  label_de: Wie viele Jahre seit SHIP-0 haben Sie diese Tätigkeit ausgeübt? Stäube,
  valueType: integer,
  name: s2.s2_belast_11,
  id: var-ship-s2_s2_belast_11,
  label: How many years have you been doing that work since SHIP-0? dust,
  source: Questionnaire,
  dataset: ship-start,
  target: Participant
}"
28733,Variable,"{
  label_de: Stäube (z.B. Getreide, Futtermittel, Tier-, Holzstäube, Gesteins- oder Metallstä,
  valueType: integer,
  name: s2.s2_belast_10,
  id: var-ship-s2_s2_belast_10,
  label: Dust (e.g. grain, animal feeding-stuff, animal dust, wood dust, rock or metal du,
  source: Questionnaire,
  dataset: ship-start,
  target: Participant
}"
28734,Variable,"{
  label_de: Wie viele Jahre seit SHIP-0 haben Sie diese Tätigkeit ausgeübt? Ganzkörperschwin,
  valueType: integer,
  name: s2.s2_belast_13,
  id: var-ship-s2_s2_belast_13,
  label: How many years have you been doing that work since SHIP-0? whole body vibration,
  source: Questionnaire,
  dataset: ship-start,
  target: Participant
}"
28735,Variable,"{
  label_de: Ganzkörperschwingungen (z.B. Vibrationen beim Baggern, Traktor fahren, Arbeit au,
  valueType: integer,
  name: s2.s2_belast_12,
  id: var-ship-s2_s2_belast_12,
  label: Whole body vibration (e.g. vibrations when excavating, driving tractors, working,
  source: Questionnaire,
  dataset: ship-start,
  target: Participant
}"
28736,Variable,"{
  label_de: Wie viele Jahre seit SHIP-0 haben Sie diese Tätigkeit ausgeübt? Teilkörperschwin,
  valueType: integer,
  name: s2.s2_belast_15,
  id: var-ship-s2_s2_belast_15,
  label: How many years have you been doing that work since SHIP-0? vibration of body par,
  source: Questionnaire,
  dataset: ship-start,
  target: Participant
}"
28737,Variable,"{
  label_de: Teilkörperschwingungen mit stoßartiger Belastung von Arm und Hand (z.B. Schlagbo,
  valueType: integer,
  name: s2.s2_belast_14,
  id: var-ship-s2_s2_belast_14,
  label: Vibration of body parts with impact stress of arms and hands (e.g. percussion dr,
  source: Questionnaire,
  dataset: ship-start,
  target: Participant
}"
28738,Variable,"{
  label_de: Wie viele Jahre seit SHIP-0 haben Sie diese Tätigkeit ausgeübt? Radioaktive Stra,
  valueType: integer,
  name: s2.s2_belast_17,
  id: var-ship-s2_s2_belast_17,
  label: How many years have you been doing that work since SHIP-0? radioactivity,
  source: Questionnaire,
  dataset: ship-start,
  target: Participant
}"
28739,Variable,"{
  label_de: Radioaktive Strahlen (ohne KKW; z.B. Röntgen, Isotopenlabor, Untertagearbeit),
  valueType: integer,
  name: s2.s2_belast_16,
  id: var-ship-s2_s2_belast_16,
  label: Radioactivity (except for nuclear power plant; e.g. X-ray, isotope laboratory, u,
  source: Questionnaire,
  dataset: ship-start,
  target: Participant
}"
28740,Variable,"{
  label_de: CORE tägliche Niederschlagsmenge (mm),
  valueType: decimal,
  name: s1.wea_rainfall_core,
  id: var-ship-s1_wea_rainfall_core,
  label: CORE Daily amount of rainfall (mm),
  source: Governmental_databases_registries,
  dataset: ship-start,
  target: Participant
}"
28741,Variable,"{
  label_de: CORE maximale Tagestemperatur (°C),
  valueType: decimal,
  name: s2.wea_temp_max_core,
  id: var-ship-s2_wea_temp_max_core,
  label: CORE Maximal daily temperature (°C),
  source: Governmental_databases_registries,
  dataset: ship-start,
  target: Participant
}"
28742,Variable,"{
  label_de: War Ihre elterliche Wohnung kleiner als 50 qm?,
  valueType: integer,
  name: sl.fa_11b,
  id: var-ship-sl_fa_11b,
  label: Was your parental home smaller than 50 square meters?,
  source: Questionnaire,
  dataset: ship-start,
  target: Participant
}"
28743,Variable,"{
  label_de: MRT durchschnittliche Tagestemperatur (°C),
  valueType: decimal,
  name: s2.wea_temp_average_mri,
  id: var-ship-s2_wea_temp_average_mri,
  label: MRI Average daily temperature (°C),
  source: Governmental_databases_registries,
  dataset: ship-start,
  target: Participant
}"
28744,Variable,"{
  label_de: CORE durchschnittliche Tagestemperatur (°C),
  valueType: decimal,
  name: s0.wea_temp_average_core,
  id: var-ship-s0_wea_temp_average_core,
  label: CORE Average daily temperature (°C),
  source: Governmental_databases_registries,
  dataset: ship-start,
  target: Participant
}"
28745,Variable,"{
  label_de: IMB durchschnittliche Windgeschwindigkeit (10m/s),
  valueType: decimal,
  name: s3.wea_windvelocity_imb,
  id: var-ship-s3_wea_windvelocity_imb,
  label: IMB Average wind velocity (10m/s),
  source: Governmental_databases_registries,
  dataset: ship-start,
  target: Participant
}"
28746,Variable,"{
  label_de: CORE tägliche Sonnenscheindauer (h),
  valueType: decimal,
  name: s2.wea_sunshine_core,
  id: var-ship-s2_wea_sunshine_core,
  label: CORE Daily sunshine duration (h),
  source: Governmental_databases_registries,
  dataset: ship-start,
  target: Participant
}"
28747,Variable,"{
  label_de: IMB durchschnittlicher täglicher Luftdruck (hPa),
  valueType: decimal,
  name: s3.wea_airpressure_imb,
  id: var-ship-s3_wea_airpressure_imb,
  label: IMB Average daily air pressure (hPa),
  source: Governmental_databases_registries,
  dataset: ship-start,
  target: Participant
}"
28748,Variable,"{
  label_de: IMB maximale Tagestemperatur (°C),
  valueType: decimal,
  name: s2.wea_temp_max_imb,
  id: var-ship-s2_wea_temp_max_imb,
  label: IMB Maximal daily temperature (°C),
  source: Governmental_databases_registries,
  dataset: ship-start,
  target: Participant
}"
28749,Variable,"{
  label_de: CORE durchschnittliche tägliche Luftfeuchtigkeit (%),
  valueType: decimal,
  name: s1.wea_airhumidity_core,
  id: var-ship-s1_wea_airhumidity_core,
  label: CORE Average daily air humidity (%),
  source: Governmental_databases_registries,
  dataset: ship-start,
  target: Participant
}"
28750,Variable,"{
  label_de: MRT durchschnittliche tägliche Luftfeuchtigkeit (%),
  valueType: decimal,
  name: s3.wea_airhumidity_mri,
  id: var-ship-s3_wea_airhumidity_mri,
  label: MRI Average daily air humidity (%),
  source: Governmental_databases_registries,
  dataset: ship-start,
  target: Participant
}"
28751,Variable,"{
  label_de: MRT durchschnittlicher täglicher Luftdruck (hPa),
  valueType: decimal,
  name: s3.wea_airpressure_mri,
  id: var-ship-s3_wea_airpressure_mri,
  label: MRI Average daily air pressure (hPa),
  source: Governmental_databases_registries,
  dataset: ship-start,
  target: Participant
}"
28752,Variable,"{
  label_de: MRT maximale Tagestemperatur (°C),
  valueType: decimal,
  name: s2.wea_temp_max_mri,
  id: var-ship-s2_wea_temp_max_mri,
  label: MRI Maximal daily temperature (°C),
  source: Governmental_databases_registries,
  dataset: ship-start,
  target: Participant
}"
28753,Variable,"{
  label_de: CORE durchschnittlicher täglicher Luftdruck (hPa),
  valueType: decimal,
  name: s3.wea_airpressure_core,
  id: var-ship-s3_wea_airpressure_core,
  label: CORE Average daily air pressure (hPa),
  source: Governmental_databases_registries,
  dataset: ship-start,
  target: Participant
}"
28754,Variable,"{
  label_de: CORE maximale Tagestemperatur (°C),
  valueType: decimal,
  name: s0.wea_temp_max_core,
  id: var-ship-s0_wea_temp_max_core,
  label: CORE Maximal daily temperature (°C),
  source: Governmental_databases_registries,
  dataset: ship-start,
  target: Participant
}"
28755,Variable,"{
  label_de: IMB durchschnittliche tägliche Luftfeuchtigkeit (%),
  valueType: decimal,
  name: s3.wea_airhumidity_imb,
  id: var-ship-s3_wea_airhumidity_imb,
  label: IMB Average daily air humidity (%),
  source: Governmental_databases_registries,
  dataset: ship-start,
  target: Participant
}"
28756,Variable,"{
  label_de: IMB durchschnittliche tägliche Luftfeuchtigkeit (%),
  valueType: decimal,
  name: s2.wea_airhumidity_imb,
  id: var-ship-s2_wea_airhumidity_imb,
  label: IMB Average daily air humidity (%),
  source: Governmental_databases_registries,
  dataset: ship-start,
  target: Participant
}"
28757,Variable,"{
  label_de: MRT tägliche Niederschlagsmenge (mm),
  valueType: decimal,
  name: s2.wea_rainfall_mri,
  id: var-ship-s2_wea_rainfall_mri,
  label: MRI Daily amount of rainfall (mm),
  source: Governmental_databases_registries,
  dataset: ship-start,
  target: Participant
}"
28758,Variable,"{
  label_de: CORE tägliche Niederschlagsmenge (mm),
  valueType: decimal,
  name: s0.wea_rainfall_core,
  id: var-ship-s0_wea_rainfall_core,
  label: CORE Daily amount of rainfall (mm),
  source: Governmental_databases_registries,
  dataset: ship-start,
  target: Participant
}"
28759,Variable,"{
  label_de: Wenn ja, wie oft?,
  valueType: integer,
  name: s0.werxfreq,
  id: var-ship-s0_werxfreq,
  label: If yes, how often?,
  source: Questionnaire,
  dataset: ship-start,
  target: Participant
}"
28760,Variable,"{
  label_de: Wer hat sie bezahlt?,
  valueType: integer,
  name: s0.neural3,
  id: var-ship-s0_neural3,
  label: Who paid for it?,
  source: Questionnaire,
  dataset: ship-start,
  target: Participant
}"
28761,Variable,"{
  label_de: Wer hat diese verordnet?,
  valueType: integer,
  name: s0.neural2,
  id: var-ship-s0_neural2,
  label: Who prescribed it?,
  source: Questionnaire,
  dataset: ship-start,
  target: Participant
}"
28762,Variable,"{
  label_de: Unfall, Verletzung,
  valueType: integer,
  name: s0.grund_7,
  id: var-ship-s0_grund_7,
  label: accident, injury,
  source: Questionnaire,
  dataset: ship-start,
  target: Participant
}"
28763,Variable,"{
  label_de: Chronische Erkrankung,
  valueType: integer,
  name: s0.grund_6,
  id: var-ship-s0_grund_6,
  label: chronic disease,
  source: Questionnaire,
  dataset: ship-start,
  target: Participant
}"
28764,Variable,"{
  label_de: Akute Erkrankung (z.B. Grippe),
  valueType: integer,
  name: s0.grund_5,
  id: var-ship-s0_grund_5,
  label: acute disease,
  source: Questionnaire,
  dataset: ship-start,
  target: Participant
}"
28765,Variable,"{
  label_de: Wiedereinbestellung durch den Arzt,
  valueType: integer,
  name: s0.grund_9,
  id: var-ship-s0_grund_9,
  label: appointment the doctor had made with you for that date,
  source: Questionnaire,
  dataset: ship-start,
  target: Participant
}"
28766,Variable,"{
  label_de: Überweisung,
  valueType: integer,
  name: s0.grund_8,
  id: var-ship-s0_grund_8,
  label: referral,
  source: Questionnaire,
  dataset: ship-start,
  target: Participant
}"
28767,Variable,"{
  label_de: LEG_SA, F10: in einem Hospiz?,
  valueType: integer,
  name: sl.leg_sa_pat_hospiz,
  id: var-ship-sl_leg_sa_pat_hospiz,
  label: LEG_SA, F10: in a hospice?,
  source: Questionnaire,
  dataset: ship-start,
  target: Participant
}"
28768,Variable,"{
  label_de: Wie oft sonstiger 2. Arzt,
  valueType: integer,
  name: s1.ina1_30c,
  id: var-ship-s1_ina1_30c,
  label: how often second doctor,
  source: Questionnaire,
  dataset: ship-start,
  target: Participant
}"
28769,Variable,"{
  label_de: Noch ein weiterer 3. Arzt,
  valueType: integer,
  name: s1.ina1_30d,
  id: var-ship-s1_ina1_30d,
  label: another third doctor,
  source: Questionnaire,
  dataset: ship-start,
  target: Participant
}"
28770,Variable,"{
  label_de: Welcher sonstige 2. Arzt,
  valueType: text,
  name: s1.ina1_30b,
  id: var-ship-s1_ina1_30b,
  label: which other second doctor,
  source: Questionnaire,
  dataset: ship-start,
  target: Participant
}"
28771,Variable,"{
  label_de: Waren Sie wegen der Befundmitteilung aus der Inneren Medizin beim Arzt?,
  valueType: integer,
  name: s2.mrtmfu_befund_inn_02,
  id: var-ship-s2_mrtmfu_befund_inn_02,
  label: Did you consult a doctor because of the message from internal medicine?,
  source: Questionnaire,
  dataset: ship-start,
  target: Participant
}"
28772,Variable,"{
  label_de: Wenn ja, wie oft?,
  valueType: integer,
  name: s0.neurfreq,
  id: var-ship-s0_neurfreq,
  label: If yes, how often?,
  source: Questionnaire,
  dataset: ship-start,
  target: Participant
}"
28773,Variable,"{
  label_de: DER_INT: Vor wie vielen Jahren war Ihr letzter stationärer Aufenthalt wegen CVI?,
  valueType: integer,
  name: s2.cvi_arz_10,
  id: var-ship-s2_cvi_arz_10,
  label: DER_INT: How long ago was your last hospitalisation because of CVI ?,
  source: Questionnaire,
  dataset: ship-start,
  target: Participant
}"
28774,Variable,"{
  label_de: DER_INT: Wie viele Klinikaufenthalte sind Ihnen bekannt?,
  valueType: integer,
  name: s2.cvi_arz_07,
  id: var-ship-s2_cvi_arz_07,
  label: DER_INT: How many stays at a hospital do you remember?,
  source: Questionnaire,
  dataset: ship-start,
  target: Participant
}"
28775,Variable,"{
  label_de: DER_INT: Wie viele Kuraufenthalte sind Ihnen bekannt?,
  valueType: integer,
  name: s2.cvi_arz_08,
  id: var-ship-s2_cvi_arz_08,
  label: DER_INT: How many stays at a health resort do you remember?,
  source: Questionnaire,
  dataset: ship-start,
  target: Participant
}"
28776,Variable,"{
  label_de: Neurologe,
  valueType: integer,
  name: s0.neuro,
  id: var-ship-s0_neuro,
  label: neurologist,
  source: Questionnaire,
  dataset: ship-start,
  target: Participant
}"
28777,Variable,"{
  label_de: Chirurg,
  valueType: integer,
  name: s2.s2_inan_04g,
  id: var-ship-s2_s2_inan_04g,
  label: surgeon,
  source: Questionnaire,
  dataset: ship-start,
  target: Participant
}"
28778,Variable,"{
  label_de: Wie oft? Frauenarzt,
  valueType: integer,
  name: s2.s2_inan_04f,
  id: var-ship-s2_s2_inan_04f,
  label: How often? gynaecologist,
  source: Questionnaire,
  dataset: ship-start,
  target: Participant
}"
28779,Variable,"{
  label_de: Frauenarzt,
  valueType: integer,
  name: s2.s2_inan_04e,
  id: var-ship-s2_s2_inan_04e,
  label: gynaecologist,
  source: Questionnaire,
  dataset: ship-start,
  target: Participant
}"
28780,Variable,"{
  label_de: Wie oft? Internist,
  valueType: integer,
  name: s2.s2_inan_04d,
  id: var-ship-s2_s2_inan_04d,
  label: How often? internist,
  source: Questionnaire,
  dataset: ship-start,
  target: Participant
}"
28781,Variable,"{
  label_de: Internist (Arzt für Innere Medizin),
  valueType: integer,
  name: s2.s2_inan_04c,
  id: var-ship-s2_s2_inan_04c,
  label: internist,
  source: Questionnaire,
  dataset: ship-start,
  target: Participant
}"
28782,Variable,"{
  label_de: Wie oft? Allgemeinarzt oder Praktischer Arzt,
  valueType: integer,
  name: s2.s2_inan_04b,
  id: var-ship-s2_s2_inan_04b,
  label: How often? general practitioner,
  source: Questionnaire,
  dataset: ship-start,
  target: Participant
}"
28783,Variable,"{
  label_de: Allgemeinarzt oder Praktischer Arzt,
  valueType: integer,
  name: s2.s2_inan_04a,
  id: var-ship-s2_s2_inan_04a,
  label: general practitioner,
  source: Questionnaire,
  dataset: ship-start,
  target: Participant
}"
28784,Variable,"{
  label_de: Augenarzt,
  valueType: integer,
  name: s2.s2_inan_04o,
  id: var-ship-s2_s2_inan_04o,
  label: ophthalmologist,
  source: Questionnaire,
  dataset: ship-start,
  target: Participant
}"
28785,Variable,"{
  label_de: Wie oft? Hals-Nasen-Ohren-Arzt,
  valueType: integer,
  name: s2.s2_inan_04n,
  id: var-ship-s2_s2_inan_04n,
  label: How often? ear, nose, and throat specialist,
  source: Questionnaire,
  dataset: ship-start,
  target: Participant
}"
28786,Variable,"{
  label_de: Hals-Nasen-Ohren-Arzt,
  valueType: integer,
  name: s2.s2_inan_04m,
  id: var-ship-s2_s2_inan_04m,
  label: ear, nose, and throat specialist,
  source: Questionnaire,
  dataset: ship-start,
  target: Participant
}"
28787,Variable,"{
  label_de: Wie oft? Urologe,
  valueType: integer,
  name: s2.s2_inan_04l,
  id: var-ship-s2_s2_inan_04l,
  label: How often? urologist,
  source: Questionnaire,
  dataset: ship-start,
  target: Participant
}"
28788,Variable,"{
  label_de: Urologe,
  valueType: integer,
  name: s2.s2_inan_04k,
  id: var-ship-s2_s2_inan_04k,
  label: urologist,
  source: Questionnaire,
  dataset: ship-start,
  target: Participant
}"
28789,Variable,"{
  label_de: Wie oft? Orthopäde,
  valueType: integer,
  name: s2.s2_inan_04j,
  id: var-ship-s2_s2_inan_04j,
  label: How often? orthopaedist,
  source: Questionnaire,
  dataset: ship-start,
  target: Participant
}"
28790,Variable,"{
  label_de: Orthopäde,
  valueType: integer,
  name: s2.s2_inan_04i,
  id: var-ship-s2_s2_inan_04i,
  label: orthopaedist,
  source: Questionnaire,
  dataset: ship-start,
  target: Participant
}"
28791,Variable,"{
  label_de: Wie oft? Chirurg,
  valueType: integer,
  name: s2.s2_inan_04h,
  id: var-ship-s2_s2_inan_04h,
  label: How often? surgeon,
  source: Questionnaire,
  dataset: ship-start,
  target: Participant
}"
28792,Variable,"{
  label_de: Werks-, Betriebsarzt oder Arbeitsmediziner,
  valueType: integer,
  name: s2.s2_inan_04w,
  id: var-ship-s2_s2_inan_04w,
  label: company doctor or occupational health physician,
  source: Questionnaire,
  dataset: ship-start,
  target: Participant
}"
28793,Variable,"{
  label_de: Wie oft? Psychotherapeut/ Psychiater,
  valueType: integer,
  name: s2.s2_inan_04v,
  id: var-ship-s2_s2_inan_04v,
  label: How often? psychotherapist/psychiatrist,
  source: Questionnaire,
  dataset: ship-start,
  target: Participant
}"
28794,Variable,"{
  label_de: Psychotherapeut/ Psychiater,
  valueType: integer,
  name: s2.s2_inan_04u,
  id: var-ship-s2_s2_inan_04u,
  label: psychotherapist/psychiatrist,
  source: Questionnaire,
  dataset: ship-start,
  target: Participant
}"
28795,Variable,"{
  label_de: Wie oft? Neurologe,
  valueType: integer,
  name: s2.s2_inan_04t,
  id: var-ship-s2_s2_inan_04t,
  label: How often? neurologist,
  source: Questionnaire,
  dataset: ship-start,
  target: Participant
}"
28796,Variable,"{
  label_de: Neurologe,
  valueType: integer,
  name: s2.s2_inan_04s,
  id: var-ship-s2_s2_inan_04s,
  label: neurologist,
  source: Questionnaire,
  dataset: ship-start,
  target: Participant
}"
28797,Variable,"{
  label_de: Wie oft? Hautarzt,
  valueType: integer,
  name: s2.s2_inan_04r,
  id: var-ship-s2_s2_inan_04r,
  label: How often? dermatologist,
  source: Questionnaire,
  dataset: ship-start,
  target: Participant
}"
28798,Variable,"{
  label_de: Hautarzt,
  valueType: integer,
  name: s2.s2_inan_04q,
  id: var-ship-s2_s2_inan_04q,
  label: dermatologist,
  source: Questionnaire,
  dataset: ship-start,
  target: Participant
}"
28799,Variable,"{
  label_de: Wie oft? Augenarzt,
  valueType: integer,
  name: s2.s2_inan_04p,
  id: var-ship-s2_s2_inan_04p,
  label: How often? ophthalmologist,
  source: Questionnaire,
  dataset: ship-start,
  target: Participant
}"
28800,Variable,"{
  label_de: Ein weiterer sonstiger Arzt,
  valueType: integer,
  name: s2.s2_inan_04z,
  id: var-ship-s2_s2_inan_04z,
  label: another doctor,
  source: Questionnaire,
  dataset: ship-start,
  target: Participant
}"
28801,Variable,"{
  label_de: Sonstiger Arzt,
  valueType: integer,
  name: s2.s2_inan_04y,
  id: var-ship-s2_s2_inan_04y,
  label: other doctor,
  source: Questionnaire,
  dataset: ship-start,
  target: Participant
}"
28802,Variable,"{
  label_de: Wie oft? Werks-, Betriebsarzt oder Arbeitsmediziner,
  valueType: integer,
  name: s2.s2_inan_04x,
  id: var-ship-s2_s2_inan_04x,
  label: How often? company doctor or occupational health physician,
  source: Questionnaire,
  dataset: ship-start,
  target: Participant
}"
28803,Variable,"{
  label_de: Orthopäde,
  valueType: integer,
  name: s0.ortho,
  id: var-ship-s0_ortho,
  label: orthopedist,
  source: Questionnaire,
  dataset: ship-start,
  target: Participant
}"
28804,Variable,"{
  label_de: Waren Sie schon einmal in einem Krankenhaus wegen Ihres Alkoholkonsums?,
  valueType: integer,
  name: s0.alk77,
  id: var-ship-s0_alk77,
  label: Have you ever been in hospital because of drinking?,
  source: Questionnaire,
  dataset: ship-start,
  target: Participant
}"
28805,Variable,"{
  label_de: Wer hat sie bezahlt?,
  valueType: integer,
  name: s0.oberf3,
  id: var-ship-s0_oberf3,
  label: Who paid for it?,
  source: Questionnaire,
  dataset: ship-start,
  target: Participant
}"
28806,Variable,"{
  label_de: Wer hat diese verordnet?,
  valueType: integer,
  name: s0.oberf2,
  id: var-ship-s0_oberf2,
  label: Who prescribed it?,
  source: Questionnaire,
  dataset: ship-start,
  target: Participant
}"
28807,Variable,"{
  label_de: Warum?,
  valueType: text,
  name: s4.finb_doc_recommend_other_why,
  id: var-ship-s4_finb_doc_recommend_other_why,
  label: Why?,
  source: Questionnaire,
  dataset: ship-start,
  target: Participant
}"
28808,Variable,"{
  label_de: Wie oft sonstiger 3. Arzt,
  valueType: integer,
  name: s1.ina2_30f,
  id: var-ship-s1_ina2_30f,
  label: how often third doctor,
  source: Questionnaire,
  dataset: ship-start,
  target: Participant
}"
28809,Variable,"{
  label_de: Bekommen Sie beim normalen Gehen Schmerzen oder Krämpfe in den Beinen?,
  valueType: integer,
  name: s2.s2_claud_02,
  id: var-ship-s2_s2_claud_02,
  label: Do you feel pain or get cramps during walking?,
  source: Questionnaire,
  dataset: ship-start,
  target: Participant
}"
28810,Variable,"{
  label_de: Wie weit können Sie gewöhnlich schmerzfrei gehen? Geben Sie an, wie viele Meter ,
  valueType: integer,
  name: s2.s2_claud_04,
  id: var-ship-s2_s2_claud_04,
  label: Roughly, how many metres can you normally walk without feeling pain?,
  source: Questionnaire,
  dataset: ship-start,
  target: Participant
}"
28811,Variable,"{
  label_de: Was tun Sie, wenn Sie diese Schmerzen beim Gehen bekommen?,
  valueType: integer,
  name: s2.s2_claud_03,
  id: var-ship-s2_s2_claud_03,
  label: What do you do when you feel those pains during walking?,
  source: Questionnaire,
  dataset: ship-start,
  target: Participant
}"
28812,Variable,"{
  label_de: Leiden Sie an den im folgenden genannten Beschwerden? Zungenbrennen oder Mundbre,
  valueType: integer,
  name: s2.od_8,
  id: var-ship-s2_od_8,
  label: Do you suffer from one of the following complaints? burning tongue/mouth,
  source: Questionnaire,
  dataset: ship-start,
  target: Participant
}"
28813,Variable,"{
  label_de: Beunruhigt es Sie, wenn Ihr Zahnfleisch beim Zähneputzen blutet?,
  valueType: integer,
  name: s1.unruhe,
  id: var-ship-s1_unruhe,
  label: Are you worried about your gums bleeding while brushing?,
  source: Questionnaire,
  dataset: ship-start,
  target: Participant
}"
28814,Variable,"{
  label_de: Hatten Sie in den letzten 12 Monaten irgendwann ein pfeifendes oder keuchendes G,
  valueType: integer,
  name: s1.asthma_1,
  id: var-ship-s1_asthma_1,
  label: Did you have a whistling or wheezy noise in your chest during the last 12 months,
  source: Questionnaire,
  dataset: ship-start,
  target: Participant
}"
28815,Variable,"{
  label_de: Hatten Sie das pfeifende oder keuchende Geräusch auch, wenn Sie nicht erkältet w,
  valueType: integer,
  name: s1.asthma_2,
  id: var-ship-s1_asthma_2,
  label: Did you have these noises allthough you didn t have a cold?,
  source: Questionnaire,
  dataset: ship-start,
  target: Participant
}"
28816,Variable,"{
  label_de: Sind Sie in den letzten 12 Monaten irgendwann mit einem Engegefühl in der Brust ,
  valueType: integer,
  name: s1.asthma_3,
  id: var-ship-s1_asthma_3,
  label: Have you woken up at night with a feeling of narrowness in your chest during the,
  source: Questionnaire,
  dataset: ship-start,
  target: Participant
}"
28817,Variable,"{
  label_de: Sind Sie in den letzten 12 Monaten irgendwann durch einen Anfall von Atemnot auf,
  valueType: integer,
  name: s1.asthma_4,
  id: var-ship-s1_asthma_4,
  label: Have you woken up at night with an attack of shortness of breath during the last,
  source: Questionnaire,
  dataset: ship-start,
  target: Participant
}"
28818,Variable,"{
  label_de: Sind Sie in den letzten 12 Monaten irgendwann wegen eines Hustenanfalls aufgewac,
  valueType: integer,
  name: s1.asthma_6,
  id: var-ship-s1_asthma_6,
  label: Have you woken up at night because of a fit of coughing without having a cold du,
  source: Questionnaire,
  dataset: ship-start,
  target: Participant
}"
28819,Variable,"{
  label_de: Blutet Ihr Zahnfleisch beim Zähneputzen?,
  valueType: integer,
  name: s0.zahnblut,
  id: var-ship-s0_zahnblut,
  label: Do your gums bleed while brushing?,
  source: Questionnaire,
  dataset: ship-start,
  target: Participant
}"
28820,Variable,"{
  label_de: Hatten Sie in den letzten 7 Tagen Schmerzen?,
  valueType: integer,
  name: s3.schmerz_01,
  id: var-ship-s3_schmerz_01,
  label: Have you suffered pain within the last 7 days?,
  source: Questionnaire,
  dataset: ship-start,
  target: Participant
}"
28821,Variable,"{
  label_de: Hatten Sie in den vergangenen 12 Monaten Kopfschmerzen?,
  valueType: integer,
  name: s3.schmerz_09,
  id: var-ship-s3_schmerz_09,
  label: Have you had headaches in the past 12 months?,
  source: Questionnaire,
  dataset: ship-start,
  target: Participant
}"
28822,Variable,"{
  label_de: Wie lange hatten Sie Probleme mit dem Gleichgewichtsgefühl?,
  valueType: integer,
  name: s3.int_baq_030b,
  id: var-ship-s3_int_baq_030b,
  label: How long did you have problems with balance?,
  source: Questionnaire,
  dataset: ship-start,
  target: Participant
}"
28823,Variable,"{
  label_de: An wie vielen Tagen pro Monat leiden Sie durchschnittlich an entsprechenden Kopf,
  valueType: decimal,
  name: s3.schmerz_13,
  id: var-ship-s3_schmerz_13,
  label: On average, on how many days per month do you suffer from those headaches? Pleas,
  source: Questionnaire,
  dataset: ship-start,
  target: Participant
}"
28824,Variable,"{
  label_de: Wie lange dauern Ihre Kopfschmerzen an, wenn Sie kein Medikament einnehmen oder ,
  valueType: integer,
  name: s3.schmerz_10,
  id: var-ship-s3_schmerz_10,
  label: How long does your headache persist if you do not take any medication or if a th,
  source: Questionnaire,
  dataset: ship-start,
  target: Participant
}"
28825,Variable,"{
  label_de: Welche dieser Probleme hatten Sie? Gleichgewichtsstörungen,
  valueType: integer,
  name: s3.int_baq_030a,
  id: var-ship-s3_int_baq_030a,
  label: Which of these problems did you have? Balance problems,
  source: Questionnaire,
  dataset: ship-start,
  target: Participant
}"
28826,Variable,"{
  label_de: Sind Sie in den letzten 12 Monaten irgendwann mit einem Engegefühl in der Brust ,
  valueType: integer,
  name: s0.enge,
  id: var-ship-s0_enge,
  label: In the last 12 months, did you wake up feeling somehow constricted in your chest,
  source: Questionnaire,
  dataset: ship-start,
  target: Participant
}"
28827,Variable,"{
  label_de: Und an wie vielen Tagen haben Sie Medikamente gegen Ihre Kopfschmerzen eingenomm,
  valueType: decimal,
  name: s3.schmerz_14,
  id: var-ship-s3_schmerz_14,
  label: On how many days did you take medications for your headache?,
  source: Questionnaire,
  dataset: ship-start,
  target: Participant
}"
28828,Variable,"{
  label_de: F80: Übelkeit,
  valueType: integer,
  name: s0.ges70ueb,
  id: var-ship-s0_ges70ueb,
  label: F80: sickness,
  source: Questionnaire,
  dataset: ship-start,
  target: Participant
}"
28829,Variable,"{
  label_de: F80: Überempfindlichkeit gegen Kälte,
  valueType: integer,
  name: s0.ges70uek,
  id: var-ship-s0_ges70uek,
  label: F80: hypersensitivity to coldness,
  source: Questionnaire,
  dataset: ship-start,
  target: Participant
}"
28830,Variable,"{
  label_de: F80: Überempfindlichkeit gegen Wärme,
  valueType: integer,
  name: s0.ges70uew,
  id: var-ship-s0_ges70uew,
  label: F80: hypersensitivity to heat,
  source: Questionnaire,
  dataset: ship-start,
  target: Participant
}"
28831,Variable,"{
  label_de: Taubheitsgefühl (Einschlafen, Absterben, Brennen oder Kribbeln) in Händen und/od,
  valueType: integer,
  name: s2.ges_bl_37,
  id: var-ship-s2_ges_bl_37,
  label: numbness (falling asleep, dying or tingling) of hands and/or feet,
  source: Questionnaire,
  dataset: ship-start,
  target: Participant
}"
28832,Variable,"{
  label_de: Wetterfühligkeit,
  valueType: integer,
  name: s2.ges_bl_38,
  id: var-ship-s2_ges_bl_38,
  label: weather sensitivity,
  source: Questionnaire,
  dataset: ship-start,
  target: Participant
}"
28833,Variable,"{
  label_de: Wie lange dauerte der Schwindel an?,
  valueType: integer,
  name: s3.int_baq_020b,
  id: var-ship-s3_int_baq_020b,
  label: How long did the dizziness last?,
  source: Questionnaire,
  dataset: ship-start,
  target: Participant
}"
28834,Variable,"{
  label_de: Welche dieser Probleme hatten Sie? Schwindel,
  valueType: integer,
  name: s3.int_baq_020a,
  id: var-ship-s3_int_baq_020a,
  label: Which of these problems did you have? Dizziness,
  source: Questionnaire,
  dataset: ship-start,
  target: Participant
}"
28835,Variable,"{
  label_de: Kam es dabei zu Oberbauchschmerzen/ Druckgefühl?,
  valueType: integer,
  name: s2.s2_reflux_02,
  id: var-ship-s2_s2_reflux_02,
  label: Did you suffer from upper abdominal pain/feeling of pressure in this context?,
  source: Questionnaire,
  dataset: ship-start,
  target: Participant
}"
28836,Variable,"{
  label_de: Bestanden bei Ihnen über einen Zeitraum von etwa 3 Monaten während des letzten h,
  valueType: integer,
  name: s2.s2_reflux_01,
  id: var-ship-s2_s2_reflux_01,
  label: Within the last six months, have you had abdominal fullness/indisposition after ,
  source: Questionnaire,
  dataset: ship-start,
  target: Participant
}"
28837,Variable,"{
  label_de: Bekommen Sie beim Genuss von Milchprodukten Blähungen oder Durchfall?,
  valueType: integer,
  name: s2.s2_reflux_06,
  id: var-ship-s2_s2_reflux_06,
  label: Do you suffer from flatulence (gas) or diarrhoea when consuming milk and dairy p,
  source: Questionnaire,
  dataset: ship-start,
  target: Participant
}"
28838,Variable,"{
  label_de: e) die Ihre übliche Tagesaktivität erheblich beeinträchtigen?,
  valueType: integer,
  name: s3.schmerz_11e,
  id: var-ship-s3_schmerz_11e,
  label: e) that significantly affect your daily routine?,
  source: Questionnaire,
  dataset: ship-start,
  target: Participant
}"
28839,Variable,"{
  label_de: f) die durch körperliche Aktivität, z.B. beim Treppensteigen verstärkt werden?,
  valueType: integer,
  name: s3.schmerz_11f,
  id: var-ship-s3_schmerz_11f,
  label: f) that are worsened by physical activity, e.g. climbing stairs?,
  source: Questionnaire,
  dataset: ship-start,
  target: Participant
}"
28840,Variable,"{
  label_de: g) die von Übelkeit begleitet werden?,
  valueType: integer,
  name: s3.schmerz_11g,
  id: var-ship-s3_schmerz_11g,
  label: g) that are accompanied by nausea?,
  source: Questionnaire,
  dataset: ship-start,
  target: Participant
}"
28841,Variable,"{
  label_de: h) die von Erbrechen begleitet werden?,
  valueType: integer,
  name: s3.schmerz_11h,
  id: var-ship-s3_schmerz_11h,
  label: h) that are accompanied by vomiting?,
  source: Questionnaire,
  dataset: ship-start,
  target: Participant
}"
28842,Variable,"{
  label_de: a) die sich auf eine Kopfhälfte beschränken?,
  valueType: integer,
  name: s3.schmerz_11a,
  id: var-ship-s3_schmerz_11a,
  label: a) that are restricted to one side of the head?,
  source: Questionnaire,
  dataset: ship-start,
  target: Participant
}"
28843,Variable,"{
  label_de: b) die bei Ihnen beidseitig auftreten?,
  valueType: integer,
  name: s3.schmerz_11b,
  id: var-ship-s3_schmerz_11b,
  label: b) that occur on both sides?,
  source: Questionnaire,
  dataset: ship-start,
  target: Participant
}"
28844,Variable,"{
  label_de: c) die einen pulsierenden oder pochenden Charakter haben?,
  valueType: integer,
  name: s3.schmerz_11c,
  id: var-ship-s3_schmerz_11c,
  label: c) that are pulsating or throbbing?,
  source: Questionnaire,
  dataset: ship-start,
  target: Participant
}"
28845,Variable,"{
  label_de: d) die einen dumpfen, drückenden bis ziehenden Charakter haben?,
  valueType: integer,
  name: s3.schmerz_11d,
  id: var-ship-s3_schmerz_11d,
  label: d) that are dull, pressing, or pulling ?,
  source: Questionnaire,
  dataset: ship-start,
  target: Participant
}"
28846,Variable,"{
  label_de: Druck- oder Völlegefühl im Leib,
  valueType: integer,
  name: s2.ges_bl_06,
  id: var-ship-s2_ges_bl_06,
  label: feeling of pressure or fullness in the body,
  source: Questionnaire,
  dataset: ship-start,
  target: Participant
}"
28847,Variable,"{
  label_de: Mattigkeit,
  valueType: integer,
  name: s2.ges_bl_07,
  id: var-ship-s2_ges_bl_07,
  label: faintness,
  source: Questionnaire,
  dataset: ship-start,
  target: Participant
}"
28848,Variable,"{
  label_de: Schluckbeschwerden,
  valueType: integer,
  name: s2.ges_bl_04,
  id: var-ship-s2_ges_bl_04,
  label: difficulties in swallowing,
  source: Questionnaire,
  dataset: ship-start,
  target: Participant
}"
28849,Variable,"{
  label_de: Stiche, Schmerzen oder Ziehen in der Brust,
  valueType: integer,
  name: s2.ges_bl_05,
  id: var-ship-s2_ges_bl_05,
  label: stiches or pain in the chest,
  source: Questionnaire,
  dataset: ship-start,
  target: Participant
}"
28850,Variable,"{
  label_de: Übelkeit,
  valueType: integer,
  name: s2.ges_bl_08,
  id: var-ship-s2_ges_bl_08,
  label: nausea,
  source: Questionnaire,
  dataset: ship-start,
  target: Participant
}"
28851,Variable,"{
  label_de: Sodbrennen oder saures Aufstoßen,
  valueType: integer,
  name: s2.ges_bl_09,
  id: var-ship-s2_ges_bl_09,
  label: heartburn or acid reflux,
  source: Questionnaire,
  dataset: ship-start,
  target: Participant
}"
28852,Variable,"{
  label_de: Reizbarkeit,
  valueType: integer,
  name: s2.ges_bl_10,
  id: var-ship-s2_ges_bl_10,
  label: irritability,
  source: Questionnaire,
  dataset: ship-start,
  target: Participant
}"
28853,Variable,"{
  label_de: Innere Unruhe,
  valueType: integer,
  name: s2.ges_bl_14,
  id: var-ship-s2_ges_bl_14,
  label: inner restlessness,
  source: Questionnaire,
  dataset: ship-start,
  target: Participant
}"
28854,Variable,"{
  label_de: Starkes Schwitzen,
  valueType: integer,
  name: s2.ges_bl_12,
  id: var-ship-s2_ges_bl_12,
  label: heavy sweating/perspiration,
  source: Questionnaire,
  dataset: ship-start,
  target: Participant
}"
28855,Variable,"{
  label_de: Kurzatmigkeit,
  valueType: integer,
  name: s2.ges_bl_02,
  id: var-ship-s2_ges_bl_02,
  label: shortness of breath,
  source: Questionnaire,
  dataset: ship-start,
  target: Participant
}"
28856,Variable,"{
  label_de: Schwächegeühl,
  valueType: integer,
  name: s2.ges_bl_03,
  id: var-ship-s2_ges_bl_03,
  label: feeling of tiredness/faintness,
  source: Questionnaire,
  dataset: ship-start,
  target: Participant
}"
28857,Variable,"{
  label_de: Kloßgefühl, Engigkeit oder Würgen im Hals,
  valueType: integer,
  name: s2.ges_bl_01,
  id: var-ship-s2_ges_bl_01,
  label: lump in the throat, choking in the throat,
  source: Questionnaire,
  dataset: ship-start,
  target: Participant
}"
28858,Variable,"{
  label_de: Erstickungsgefühl,
  valueType: integer,
  name: s2.ges_bl_28,
  id: var-ship-s2_ges_bl_28,
  label: suffocated feeling,
  source: Questionnaire,
  dataset: ship-start,
  target: Participant
}"
28859,Variable,"{
  label_de: oder hatten Sie bei diesem Unfall einen Zahnverlust?,
  valueType: integer,
  name: s1.unfal_3,
  id: var-ship-s1_unfal_3,
  label: Did you lose teeth?,
  source: Questionnaire,
  dataset: ship-start,
  target: Participant
}"
28860,Variable,"{
  label_de: Wie viele Zähne haben Sie verloren?,
  valueType: decimal,
  name: s1.unfal_4,
  id: var-ship-s1_unfal_4,
  label: How many teeth did you lose?,
  source: Questionnaire,
  dataset: ship-start,
  target: Participant
}"
34321,Category,"{
  label_de: Antwortverweigerung,
  id: cat-ship-s0_htaetig-9,
  label_en: Refusal to answer,
  value: 9,
  dataset: ship-start
}"
34322,Category,"{
  label_de: bewegen vorwiegend,
  id: cat-ship-s0_htaetig-3,
  label_en: moving mainly,
  value: 3,
  dataset: ship-start
}"
34323,Category,"{
  label_de: stehen vorwiegend,
  id: cat-ship-s0_htaetig-2,
  label_en: standing mainly,
  value: 2,
  dataset: ship-start
}"
34324,Category,"{
  label_de: weiß nicht,
  id: cat-ship-s0_htaetig-8,
  label_en: do not know,
  value: 8,
  dataset: ship-start
}"
34325,Category,"{
  label_de: sitzen, stehen, bewegen,
  id: cat-ship-s0_htaetig-4,
  label_en: sitting, standing, moving,
  value: 4,
  dataset: ship-start
}"
34326,Category,"{
  label_de: sitzen vorwiegend,
  id: cat-ship-s0_htaetig-1,
  label_en: sitting mainly,
  value: 1,
  dataset: ship-start
}"
34327,Category,"{
  label_de: ja,
  id: cat-ship-s0_gravid-1,
  label_en: yes,
  value: 1,
  dataset: ship-start
}"
34328,Category,"{
  label_de: Antwortverweigerung,
  id: cat-ship-s0_gravid-9,
  label_en: Refusal to answer,
  value: 9,
  dataset: ship-start
}"
34329,Category,"{
  label_de: weiß nicht,
  id: cat-ship-s0_gravid-8,
  label_en: do not know,
  value: 8,
  dataset: ship-start
}"
34330,Category,"{
  label_de: nein,
  id: cat-ship-s0_gravid-2,
  label_en: no,
  value: 2,
  dataset: ship-start
}"
34331,Category,"{
  label_de: Nicht auswertbar,
  id: cat-ship-s0_arb44sc-8,
  label_en: Not evaluable,
  value: 8,
  dataset: ship-start
}"
34332,Category,"{
  label_de: Völlig unzutreffend,
  id: cat-ship-s0_arb44sc-4,
  label_en: Completely inapplicable,
  value: 4,
  dataset: ship-start
}"
34333,Category,"{
  label_de: Zutreffend,
  id: cat-ship-s0_arb44sc-2,
  label_en: Applicable,
  value: 2,
  dataset: ship-start
}"
34334,Category,"{
  label_de: Unzutreffend,
  id: cat-ship-s0_arb44sc-3,
  label_en: Not applicable,
  value: 3,
  dataset: ship-start
}"
34335,Category,"{
  label_de: Völlig zutreffend,
  id: cat-ship-s0_arb44sc-1,
  label_en: Completely applicable,
  value: 1,
  dataset: ship-start
}"
34336,Category,"{
  label_de: Keine Angabe,
  id: cat-ship-s0_arb44sc-9,
  label_en: Not specified,
  value: 9,
  dataset: ship-start
}"
34337,Category,"{
  label_de: Stimme überhaupt nicht zu,
  id: cat-ship-s0_rau79m-1,
  label_en: Do not agree at all,
  value: 1,
  dataset: ship-start
}"
34338,Category,"{
  label_de: Keine Angabe,
  id: cat-ship-s0_rau79m-9,
  label_en: No answer,
  value: 9,
  dataset: ship-start
}"
34339,Category,"{
  label_de: Stimme sehr zu,
  id: cat-ship-s0_rau79m-5,
  label_en: Agree very much,
  value: 5,
  dataset: ship-start
}"
34340,Category,"{
  label_de: Stimme zu,
  id: cat-ship-s0_rau79m-4,
  label_en: Agree,
  value: 4,
  dataset: ship-start
}"
34341,Category,"{
  label_de: Bin unsicher,
  id: cat-ship-s0_rau79m-3,
  label_en: Am unsure,
  value: 3,
  dataset: ship-start
}"
34342,Category,"{
  label_de: Nicht auswertbar,
  id: cat-ship-s0_rau79m-8,
  label_en: Not evaluable,
  value: 8,
  dataset: ship-start
}"
34343,Category,"{
  label_de: Stimme nicht zu,
  id: cat-ship-s0_rau79m-2,
  label_en: Do not agree,
  value: 2,
  dataset: ship-start
}"
34344,Category,"{
  label_de: Weiß nicht,
  id: cat-ship-s2_s2_inan_06-998,
  label_en: do not know,
  value: 998,
  dataset: ship-start
}"
34345,Category,"{
  label_de: Nein,
  id: cat-ship-s2_s2_inan_06-2,
  label_en: No,
  value: 2,
  dataset: ship-start
}"
34346,Category,"{
  label_de: Ja,
  id: cat-ship-s2_s2_inan_06-1,
  label_en: Yes,
  value: 1,
  dataset: ship-start
}"
34347,Category,"{
  label_de: Antwortverweigerung,
  id: cat-ship-s2_s2_inan_06-999,
  label_en: refused to answer,
  value: 999,
  dataset: ship-start
}"
34348,Category,"{
  label_de: Weiß nicht,
  id: cat-ship-s2_s2_inan_05-998,
  label_en: do not know,
  value: 998,
  dataset: ship-start
}"
34349,Category,"{
  label_de: Nein,
  id: cat-ship-s2_s2_inan_05-2,
  label_en: No,
  value: 2,
  dataset: ship-start
}"
34350,Category,"{
  label_de: Ja,
  id: cat-ship-s2_s2_inan_05-1,
  label_en: Yes,
  value: 1,
  dataset: ship-start
}"
34351,Category,"{
  label_de: Antwortverweigerung,
  id: cat-ship-s2_s2_inan_05-999,
  label_en: refused to answer,
  value: 999,
  dataset: ship-start
}"
34352,Category,"{
  label_de: Weiß nicht,
  id: cat-ship-s2_s2_belast_10-998,
  label_en: do not know,
  value: 998,
  dataset: ship-start
}"
34353,Category,"{
  label_de: Nein,
  id: cat-ship-s2_s2_belast_10-2,
  label_en: No,
  value: 2,
  dataset: ship-start
}"
34354,Category,"{
  label_de: Ja,
  id: cat-ship-s2_s2_belast_10-1,
  label_en: Yes,
  value: 1,
  dataset: ship-start
}"
34355,Category,"{
  label_de: Antwortverweigerung,
  id: cat-ship-s2_s2_belast_10-999,
  label_en: refused to answer,
  value: 999,
  dataset: ship-start
}"
34356,Category,"{
  label_de: Antwortverweigerung,
  id: cat-ship-s2_s2_allerg_02-999,
  label_en: refused to answer,
  value: 999,
  dataset: ship-start
}"
34357,Category,"{
  label_de: Ja,
  id: cat-ship-s2_s2_allerg_02-1,
  label_en: Yes,
  value: 1,
  dataset: ship-start
}"
34358,Category,"{
  label_de: Weiß nicht,
  id: cat-ship-s2_s2_allerg_02-998,
  label_en: don't know,
  value: 998,
  dataset: ship-start
}"
34359,Category,"{
  label_de: Die Behandlung dauert derzeit noch an,
  id: cat-ship-s2_s2_allerg_02-3,
  label_en: The therapy is ongoing,
  value: 3,
  dataset: ship-start
}"
34360,Category,"{
  label_de: Nein,
  id: cat-ship-s2_s2_allerg_02-2,
  label_en: No,
  value: 2,
  dataset: ship-start
}"
34361,Category,"{
  label_de: Weiß nicht,
  id: cat-ship-s2_s2_medik_05-998,
  label_en: do not know,
  value: 998,
  dataset: ship-start
}"
34362,Category,"{
  label_de: Nein,
  id: cat-ship-s2_s2_medik_05-2,
  label_en: No,
  value: 2,
  dataset: ship-start
}"
34363,Category,"{
  label_de: Ja,
  id: cat-ship-s2_s2_medik_05-1,
  label_en: Yes,
  value: 1,
  dataset: ship-start
}"
34364,Category,"{
  label_de: Antwortverweigerung,
  id: cat-ship-s2_s2_medik_05-999,
  label_en: refused to answer,
  value: 999,
  dataset: ship-start
}"
34365,Category,"{
  label_de: Nein,
  id: cat-ship-s3_int_vlmt_garden_1-0,
  label_en: No,
  value: 0,
  dataset: ship-start
}"
34366,Category,"{
  label_de: Ja,
  id: cat-ship-s3_int_vlmt_garden_1-1,
  label_en: Yes,
  value: 1,
  dataset: ship-start
}"
34367,Category,"{
  label_de: Weiß nicht,
  id: cat-ship-s3_schmerz_11g-998,
  label_en: do not know,
  value: 998,
  dataset: ship-start
}"
34368,Category,"{
  label_de: Nein,
  id: cat-ship-s3_schmerz_11g-0,
  label_en: No,
  value: 0,
  dataset: ship-start
}"
34369,Category,"{
  label_de: Antwortverweigerung,
  id: cat-ship-s3_schmerz_11g-999,
  label_en: refused to answer,
  value: 999,
  dataset: ship-start
}"
34370,Category,"{
  label_de: Ja,
  id: cat-ship-s3_schmerz_11g-1,
  label_en: Yes,
  value: 1,
  dataset: ship-start
}"
34371,Category,"{
  label_de: (J) erlaubter Sprung,
  id: cat-ship-sl_s10a1de-99983,
  label_en: (J) jump allowed,
  value: 99983,
  dataset: ship-start
}"
34372,Category,"{
  label_de: (777) Weiß nicht,
  id: cat-ship-sl_s10a1de-777,
  label_en: (777) Don't know,
  value: 777,
  dataset: ship-start
}"
34373,Category,"{
  label_de: (999) Unbekannt,
  id: cat-ship-sl_s10a1de-999,
  label_en: (999) Unknown,
  value: 999,
  dataset: ship-start
}"
34374,Category,"{
  label_de: (888) Trifft nicht zu,
  id: cat-ship-sl_s10a1de-888,
  label_en: (888) Does not apply,
  value: 888,
  dataset: ship-start
}"
34375,Category,"{
  label_de: (3) neutral,
  id: cat-ship-sl_h4bh1de-3,
  label_en: (3) neutral,
  value: 3,
  dataset: ship-start
}"
34376,Category,"{
  label_de: (2) positiv,
  id: cat-ship-sl_h4bh1de-2,
  label_en: (2) positive,
  value: 2,
  dataset: ship-start
}"
34377,Category,"{
  label_de: (5) sehr negativ,
  id: cat-ship-sl_h4bh1de-5,
  label_en: (5) very negative,
  value: 5,
  dataset: ship-start
}"
34378,Category,"{
  label_de: (777) Weiß nicht,
  id: cat-ship-sl_h4bh1de-777,
  label_en: (777) Don't know,
  value: 777,
  dataset: ship-start
}"
34379,Category,"{
  label_de: (888) Trifft nicht zu,
  id: cat-ship-sl_h4bh1de-888,
  label_en: (888) Does not apply,
  value: 888,
  dataset: ship-start
}"
34380,Category,"{
  label_de: (J) erlaubter Sprung,
  id: cat-ship-sl_h4bh1de-99983,
  label_en: (J) allowed jump,
  value: 99983,
  dataset: ship-start
}"
34381,Category,"{
  label_de: (999) Unbekannt,
  id: cat-ship-sl_h4bh1de-999,
  label_en: (999) Unknown,
  value: 999,
  dataset: ship-start
}"
34382,Category,"{
  label_de: (4) negativ,
  id: cat-ship-sl_h4bh1de-4,
  label_en: (4) negative,
  value: 4,
  dataset: ship-start
}"
34383,Category,"{
  label_de: (1) sehr positiv,
  id: cat-ship-sl_h4bh1de-1,
  label_en: (1) very positive,
  value: 1,
  dataset: ship-start
}"
34384,Category,"{
  label_de: (3) neutral,
  id: cat-ship-sl_l36bhpam-3,
  label_en: (3) neutral,
  value: 3,
  dataset: ship-start
}"
34385,Category,"{
  label_de: (2) positiv,
  id: cat-ship-sl_l36bhpam-2,
  label_en: (2) positive,
  value: 2,
  dataset: ship-start
}"
34386,Category,"{
  label_de: (5) sehr negativ,
  id: cat-ship-sl_l36bhpam-5,
  label_en: (5) very negative,
  value: 5,
  dataset: ship-start
}"
34387,Category,"{
  label_de: (888) Trifft nicht zu,
  id: cat-ship-sl_l36bhpam-888,
  label_en: (888) Does not apply,
  value: 888,
  dataset: ship-start
}"
34388,Category,"{
  label_de: (777) Weiß nicht,
  id: cat-ship-sl_l36bhpam-777,
  label_en: (777) Don't know,
  value: 777,
  dataset: ship-start
}"
34389,Category,"{
  label_de: (J) erlaubter Sprung,
  id: cat-ship-sl_l36bhpam-99983,
  label_en: (J) allowed jump,
  value: 99983,
  dataset: ship-start
}"
34390,Category,"{
  label_de: (999) Unbekannt,
  id: cat-ship-sl_l36bhpam-999,
  label_en: (999) Unknown,
  value: 999,
  dataset: ship-start
}"
34391,Category,"{
  label_de: (4) negativ,
  id: cat-ship-sl_l36bhpam-4,
  label_en: (4) negative,
  value: 4,
  dataset: ship-start
}"
34392,Category,"{
  label_de: (1) sehr positiv,
  id: cat-ship-sl_l36bhpam-1,
  label_en: (1) very positive,
  value: 1,
  dataset: ship-start
}"
34393,Category,"{
  label_de: (3) neutral,
  id: cat-ship-sl_a44bhsde-3,
  label_en: (3) neutral,
  value: 3,
  dataset: ship-start
}"
34394,Category,"{
  label_de: (2) positiv,
  id: cat-ship-sl_a44bhsde-2,
  label_en: (2) positive,
  value: 2,
  dataset: ship-start
}"
34395,Category,"{
  label_de: (5) sehr negativ,
  id: cat-ship-sl_a44bhsde-5,
  label_en: (5) very negative,
  value: 5,
  dataset: ship-start
}"
34396,Category,"{
  label_de: (777) Weiß nicht,
  id: cat-ship-sl_a44bhsde-777,
  label_en: (777) Don't know,
  value: 777,
  dataset: ship-start
}"
34397,Category,"{
  label_de: (888) Trifft nicht zu,
  id: cat-ship-sl_a44bhsde-888,
  label_en: (888) Does not apply,
  value: 888,
  dataset: ship-start
}"
34398,Category,"{
  label_de: (J) erlaubter Sprung,
  id: cat-ship-sl_a44bhsde-99983,
  label_en: (J) allowed jump,
  value: 99983,
  dataset: ship-start
}"
34399,Category,"{
  label_de: (999) Unbekannt,
  id: cat-ship-sl_a44bhsde-999,
  label_en: (999) Unknown,
  value: 999,
  dataset: ship-start
}"
34400,Category,"{
  label_de: (4) negativ,
  id: cat-ship-sl_a44bhsde-4,
  label_en: (4) negative,
  value: 4,
  dataset: ship-start
}"
34401,Category,"{
  label_de: (1) sehr positiv,
  id: cat-ship-sl_a44bhsde-1,
  label_en: (1) very positive,
  value: 1,
  dataset: ship-start
}"
34402,Category,"{
  label_de: (J) erlaubter Sprung,
  id: cat-ship-sl_a40alt-99983,
  label_en: (J) jump allowed,
  value: 99983,
  dataset: ship-start
}"
34403,Category,"{
  label_de: (777) Weiß nicht,
  id: cat-ship-sl_a40alt-777,
  label_en: (777) Don't know,
  value: 777,
  dataset: ship-start
}"
34404,Category,"{
  label_de: (999) Unbekannt,
  id: cat-ship-sl_a40alt-999,
  label_en: (999) Unknown,
  value: 999,
  dataset: ship-start
}"
34405,Category,"{
  label_de: (888) Trifft nicht zu,
  id: cat-ship-sl_a40alt-888,
  label_en: (888) Does not apply,
  value: 888,
  dataset: ship-start
}"
34406,Category,"{
  label_de: (3) neutral,
  id: cat-ship-sl_r80bd1de-3,
  label_en: (3) neutral,
  value: 3,
  dataset: ship-start
}"
34407,Category,"{
  label_de: (2) positiv,
  id: cat-ship-sl_r80bd1de-2,
  label_en: (2) positive,
  value: 2,
  dataset: ship-start
}"
34408,Category,"{
  label_de: (5) sehr negativ,
  id: cat-ship-sl_r80bd1de-5,
  label_en: (5) very negative,
  value: 5,
  dataset: ship-start
}"
34409,Category,"{
  label_de: (777) Weiß nicht,
  id: cat-ship-sl_r80bd1de-777,
  label_en: (777) Don't know,
  value: 777,
  dataset: ship-start
}"
34410,Category,"{
  label_de: (888) Trifft nicht zu,
  id: cat-ship-sl_r80bd1de-888,
  label_en: (888) Does not apply,
  value: 888,
  dataset: ship-start
}"
34411,Category,"{
  label_de: (J) erlaubter Sprung,
  id: cat-ship-sl_r80bd1de-99983,
  label_en: (J) allowed jump,
  value: 99983,
  dataset: ship-start
}"
34412,Category,"{
  label_de: (999) Unbekannt,
  id: cat-ship-sl_r80bd1de-999,
  label_en: (999) Unknown,
  value: 999,
  dataset: ship-start
}"
34413,Category,"{
  label_de: (4) negativ,
  id: cat-ship-sl_r80bd1de-4,
  label_en: (4) negative,
  value: 4,
  dataset: ship-start
}"
34414,Category,"{
  label_de: (1) sehr positiv,
  id: cat-ship-sl_r80bd1de-1,
  label_en: (1) very positive,
  value: 1,
  dataset: ship-start
}"
34415,Category,"{
  label_de: (2) wenig,
  id: cat-ship-sl_r80ssde-2,
  label_en: (2) little,
  value: 2,
  dataset: ship-start
}"
34416,Category,"{
  label_de: (J) erlaubter Sprung,
  id: cat-ship-sl_r80ssde-99983,
  label_en: (J) allowed jump,
  value: 99983,
  dataset: ship-start
}"
34417,Category,"{
  label_de: (777) Weiß nicht,
  id: cat-ship-sl_r80ssde-777,
  label_en: (777) Don't know,
  value: 777,
  dataset: ship-start
}"
34418,Category,"{
  label_de: (3) mäßig,
  id: cat-ship-sl_r80ssde-3,
  label_en: (3) moderate,
  value: 3,
  dataset: ship-start
}"
34419,Category,"{
  label_de: (1) keine,
  id: cat-ship-sl_r80ssde-1,
  label_en: (1) none,
  value: 1,
  dataset: ship-start
}"
34420,Category,"{
  label_de: (999) Unbekannt,
  id: cat-ship-sl_r80ssde-999,
  label_en: (999) Unknown,
  value: 999,
  dataset: ship-start
}"
34421,Category,"{
  label_de: (888) Trifft nicht zu,
  id: cat-ship-sl_r80ssde-888,
  label_en: (888) Does not apply,
  value: 888,
  dataset: ship-start
}"
34422,Category,"{
  label_de: (4) viel,
  id: cat-ship-sl_r80ssde-4,
  label_en: (4) much,
  value: 4,
  dataset: ship-start
}"
34423,Category,"{
  label_de: (0) nicht erwünscht,
  id: cat-ship-sl_r80ssde-0,
  label_en: (0) not desired,
  value: 0,
  dataset: ship-start
}"
34424,Category,"{
  label_de: (J) erlaubter Sprung,
  id: cat-ship-sl_o74lb8-99983,
  label_en: (J) allowed jump,
  value: 99983,
  dataset: ship-start
}"
34425,Category,"{
  label_de: (0) Nein,
  id: cat-ship-sl_o74lb8-0,
  label_en: (0) No,
  value: 0,
  dataset: ship-start
}"
34426,Category,"{
  label_de: (888) Trifft nicht zu,
  id: cat-ship-sl_o74lb8-888,
  label_en: (888) Does not apply,
  value: 888,
  dataset: ship-start
}"
34427,Category,"{
  label_de: (777) Weiß nicht,
  id: cat-ship-sl_o74lb8-777,
  label_en: (777) Don't know,
  value: 777,
  dataset: ship-start
}"
34428,Category,"{
  label_de: (999) Unbekannt,
  id: cat-ship-sl_o74lb8-999,
  label_en: (999) Unknown,
  value: 999,
  dataset: ship-start
}"
34429,Category,"{
  label_de: (1) Ja,
  id: cat-ship-sl_o74lb8-1,
  label_en: (1) Yes,
  value: 1,
  dataset: ship-start
}"
34430,Category,"{
  label_de: (3) neutral,
  id: cat-ship-sl_k21bd12-3,
  label_en: (3) neutral,
  value: 3,
  dataset: ship-start
}"
34431,Category,"{
  label_de: (2) positiv,
  id: cat-ship-sl_k21bd12-2,
  label_en: (2) positive,
  value: 2,
  dataset: ship-start
}"
34432,Category,"{
  label_de: (5) sehr negativ,
  id: cat-ship-sl_k21bd12-5,
  label_en: (5) very negative,
  value: 5,
  dataset: ship-start
}"
34433,Category,"{
  label_de: (777) Weiß nicht,
  id: cat-ship-sl_k21bd12-777,
  label_en: (777) Don't know,
  value: 777,
  dataset: ship-start
}"
34434,Category,"{
  label_de: (888) Trifft nicht zu,
  id: cat-ship-sl_k21bd12-888,
  label_en: (888) Does not apply,
  value: 888,
  dataset: ship-start
}"
34435,Category,"{
  label_de: (J) erlaubter Sprung,
  id: cat-ship-sl_k21bd12-99983,
  label_en: (J) allowed jump,
  value: 99983,
  dataset: ship-start
}"
34436,Category,"{
  label_de: (999) Unbekannt,
  id: cat-ship-sl_k21bd12-999,
  label_en: (999) Unknown,
  value: 999,
  dataset: ship-start
}"
34437,Category,"{
  label_de: (4) negativ,
  id: cat-ship-sl_k21bd12-4,
  label_en: (4) negative,
  value: 4,
  dataset: ship-start
}"
34438,Category,"{
  label_de: (1) sehr positiv,
  id: cat-ship-sl_k21bd12-1,
  label_en: (1) very positive,
  value: 1,
  dataset: ship-start
}"
34439,Category,"{
  label_de: (2) wenig,
  id: cat-ship-sl_w54s1nd-2,
  label_en: (2) little,
  value: 2,
  dataset: ship-start
}"
34440,Category,"{
  label_de: (J) erlaubter Sprung,
  id: cat-ship-sl_w54s1nd-99983,
  label_en: (J) allowed jump,
  value: 99983,
  dataset: ship-start
}"
34441,Category,"{
  label_de: (777) Weiß nicht,
  id: cat-ship-sl_w54s1nd-777,
  label_en: (777) Don't know,
  value: 777,
  dataset: ship-start
}"
34442,Category,"{
  label_de: (3) mäßig,
  id: cat-ship-sl_w54s1nd-3,
  label_en: (3) moderate,
  value: 3,
  dataset: ship-start
}"
34443,Category,"{
  label_de: (1) keine,
  id: cat-ship-sl_w54s1nd-1,
  label_en: (1) none,
  value: 1,
  dataset: ship-start
}"
34444,Category,"{
  label_de: (999) Unbekannt,
  id: cat-ship-sl_w54s1nd-999,
  label_en: (999) Unknown,
  value: 999,
  dataset: ship-start
}"
34445,Category,"{
  label_de: (888) Trifft nicht zu,
  id: cat-ship-sl_w54s1nd-888,
  label_en: (888) Does not apply,
  value: 888,
  dataset: ship-start
}"
34446,Category,"{
  label_de: (4) viel,
  id: cat-ship-sl_w54s1nd-4,
  label_en: (4) much,
  value: 4,
  dataset: ship-start
}"
34447,Category,"{
  label_de: (0) nicht erwünscht,
  id: cat-ship-sl_w54s1nd-0,
  label_en: (0) not desired,
  value: 0,
  dataset: ship-start
}"
34448,Category,"{
  label_de: (J) erlaubter Sprung,
  id: cat-ship-sl_k22lb8-99983,
  label_en: (J) allowed jump,
  value: 99983,
  dataset: ship-start
}"
34449,Category,"{
  label_de: (0) Nein,
  id: cat-ship-sl_k22lb8-0,
  label_en: (0) No,
  value: 0,
  dataset: ship-start
}"
34450,Category,"{
  label_de: (888) Trifft nicht zu,
  id: cat-ship-sl_k22lb8-888,
  label_en: (888) Does not apply,
  value: 888,
  dataset: ship-start
}"
34451,Category,"{
  label_de: (777) Weiß nicht,
  id: cat-ship-sl_k22lb8-777,
  label_en: (777) Don't know,
  value: 777,
  dataset: ship-start
}"
34452,Category,"{
  label_de: (999) Unbekannt,
  id: cat-ship-sl_k22lb8-999,
  label_en: (999) Unknown,
  value: 999,
  dataset: ship-start
}"
34453,Category,"{
  label_de: (1) Ja,
  id: cat-ship-sl_k22lb8-1,
  label_en: (1) Yes,
  value: 1,
  dataset: ship-start
}"
34454,Category,"{
  label_de: vorhanden,
  id: cat-ship-s0_kgorremi-1,
  label_en: present,
  value: 1,
  dataset: ship-start
}"
34455,Category,"{
  label_de: nicht vorhanden,
  id: cat-ship-s0_kgorremi-0,
  label_en: not present,
  value: 0,
  dataset: ship-start
}"
34456,Category,"{
  label_de: nein,
  id: cat-ship-s0_grund_6-0,
  label_en: no,
  value: 0,
  dataset: ship-start
}"
34457,Category,"{
  label_de: ja,
  id: cat-ship-s0_grund_6-1,
  label_en: yes,
  value: 1,
  dataset: ship-start
}"
34458,Category,"{
  label_de: nein,
  id: cat-ship-s0_grund_2-0,
  label_en: no,
  value: 0,
  dataset: ship-start
}"
34459,Category,"{
  label_de: ja,
  id: cat-ship-s0_grund_2-1,
  label_en: yes,
  value: 1,
  dataset: ship-start
}"
34460,Category,"{
  label_de: Nicht auswertbar,
  id: cat-ship-s0_wohn19_9-8,
  label_en: Not evaluable,
  value: 8,
  dataset: ship-start
}"
34461,Category,"{
  label_de: Nein,
  id: cat-ship-s0_wohn19_9-0,
  label_en: No,
  value: 0,
  dataset: ship-start
}"
34462,Category,"{
  label_de: Ja,
  id: cat-ship-s0_wohn19_9-1,
  label_en: Yes,
  value: 1,
  dataset: ship-start
}"
34463,Category,"{
  label_de: Keine Angabe,
  id: cat-ship-s0_wohn19_9-9,
  label_en: No information,
  value: 9,
  dataset: ship-start
}"
34464,Category,"{
  label_de: beidseitig,
  id: cat-ship-s1_inv_f08d-3,
  label_en: both sides,
  value: 3,
  dataset: ship-start
}"
34465,Category,"{
  label_de: nur links,
  id: cat-ship-s1_inv_f08d-2,
  label_en: left only,
  value: 2,
  dataset: ship-start
}"
34466,Category,"{
  label_de: keine Angabe,
  id: cat-ship-s1_inv_f08d-997,
  label_en: not specified,
  value: 997,
  dataset: ship-start
}"
34467,Category,"{
  label_de: nichts,
  id: cat-ship-s1_inv_f08d-4,
  label_en: nothing,
  value: 4,
  dataset: ship-start
}"
34468,Category,"{
  label_de: nur rechts,
  id: cat-ship-s1_inv_f08d-1,
  label_en: only right,
  value: 1,
  dataset: ship-start
}"
34469,Category,"{
  label_de: Antwortverweigerung,
  id: cat-ship-s1_kom_f06h-999,
  label_en: Refusal to answer,
  value: 999,
  dataset: ship-start
}"
34470,Category,"{
  label_de: weiß nicht,
  id: cat-ship-s1_kom_f06h-998,
  label_en: do not know,
  value: 998,
  dataset: ship-start
}"
34471,Category,"{
  label_de: nein,
  id: cat-ship-s1_kom_f06h-2,
  label_en: no,
  value: 2,
  dataset: ship-start
}"
34472,Category,"{
  label_de: keine Angabe,
  id: cat-ship-s1_kom_f06h-997,
  label_en: not specified,
  value: 997,
  dataset: ship-start
}"
34473,Category,"{
  label_de: ja,
  id: cat-ship-s1_kom_f06h-1,
  label_en: yes,
  value: 1,
  dataset: ship-start
}"
34474,Category,"{
  label_de: Weiß nicht,
  id: cat-ship-s1_ina1_30c-998,
  label_en: Does not know,
  value: 998,
  dataset: ship-start
}"
34475,Category,"{
  label_de: Trifft nicht zu,
  id: cat-ship-s1_ina1_30c-997,
  label_en: Does not apply,
  value: 997,
  dataset: ship-start
}"
34476,Category,"{
  label_de: Antwortverweigerung,
  id: cat-ship-s1_ina1_30c-999,
  label_en: Refused to answer,
  value: 999,
  dataset: ship-start
}"
34477,Category,"{
  label_de: Antwortverweigerung,
  id: cat-ship-s2_s2_inan_04f-9999,
  label_en: non-response (datetime),
  value: 9999,
  dataset: ship-start
}"
34478,Category,"{
  label_de: Weiß nicht,
  id: cat-ship-s2_s2_inan_04f-9998,
  label_en: I don't know (datetime),
  value: 9998,
  dataset: ship-start
}"
34479,Category,"{
  label_de: Messung nicht möglich,
  id: cat-ship-s2_s2_inan_04f-996,
  label_en: measurement not done,
  value: 996,
  dataset: ship-start
}"
34480,Category,"{
  label_de: Antwortverweigerung,
  id: cat-ship-s2_s2_inan_04f-999,
  label_en: non-response,
  value: 999,
  dataset: ship-start
}"
34481,Category,"{
  label_de: Nicht zutreffend,
  id: cat-ship-s2_s2_inan_04f-997,
  label_en: does not apply,
  value: 997,
  dataset: ship-start
}"
34482,Category,"{
  label_de: Weiß nicht,
  id: cat-ship-s2_s2_inan_04f-998,
  label_en: I don't know,
  value: 998,
  dataset: ship-start
}"
34483,Category,"{
  label_de: Ja,
  id: cat-ship-s3_spi_bsnr-1,
  label_en: Yes,
  value: 1,
  dataset: ship-start
}"
34484,Category,"{
  label_de: Nein,
  id: cat-ship-s3_spi_bsnr-0,
  label_en: No,
  value: 0,
  dataset: ship-start
}"
34485,Category,"{
  label_de: Manchmal,
  id: cat-ship-s3_frs_alltag_wortfind-2,
  label_en: Sometimes,
  value: 2,
  dataset: ship-start
}"
34486,Category,"{
  label_de: Oft,
  id: cat-ship-s3_frs_alltag_wortfind-1,
  label_en: Often,
  value: 1,
  dataset: ship-start
}"
34487,Category,"{
  label_de: Nie,
  id: cat-ship-s3_frs_alltag_wortfind-3,
  label_en: Never,
  value: 3,
  dataset: ship-start
}"
34488,Category,"{
  label_de: (J) erlaubter Sprung,
  id: cat-ship-sl_g66dze-99983,
  label_en: (J) allowed jump,
  value: 99983,
  dataset: ship-start
}"
34489,Category,"{
  label_de: (999) Unbekannt,
  id: cat-ship-sl_g66dze-999,
  label_en: (999) Unknown,
  value: 999,
  dataset: ship-start
}"
34490,Category,"{
  label_de: (1) Ja,
  id: cat-ship-sl_g66dze-1,
  label_en: (1) Yes,
  value: 1,
  dataset: ship-start
}"
34491,Category,"{
  label_de: (888) Trifft nicht zu,
  id: cat-ship-sl_g66dze-888,
  label_en: (888) Does not apply,
  value: 888,
  dataset: ship-start
}"
34492,Category,"{
  label_de: (777) Weiß nicht,
  id: cat-ship-sl_g66dze-777,
  label_en: (777) Don't know,
  value: 777,
  dataset: ship-start
}"
34493,Category,"{
  label_de: (0) Nein,
  id: cat-ship-sl_g66dze-0,
  label_en: (0) No,
  value: 0,
  dataset: ship-start
}"
34494,Category,"{
  label_de: (3) neutral,
  id: cat-ship-sl_f49bhpam-3,
  label_en: (3) neutral,
  value: 3,
  dataset: ship-start
}"
34495,Category,"{
  label_de: (2) positiv,
  id: cat-ship-sl_f49bhpam-2,
  label_en: (2) positive,
  value: 2,
  dataset: ship-start
}"
34496,Category,"{
  label_de: (5) sehr negativ,
  id: cat-ship-sl_f49bhpam-5,
  label_en: (5) very negative,
  value: 5,
  dataset: ship-start
}"
34497,Category,"{
  label_de: (J) erlaubter Sprung,
  id: cat-ship-sl_f49bhpam-99983,
  label_en: (J) allowed jump,
  value: 99983,
  dataset: ship-start
}"
34498,Category,"{
  label_de: (999) Unbekannt,
  id: cat-ship-sl_f49bhpam-999,
  label_en: (999) Unknown,
  value: 999,
  dataset: ship-start
}"
34499,Category,"{
  label_de: (4) negativ,
  id: cat-ship-sl_f49bhpam-4,
  label_en: (4) negative,
  value: 4,
  dataset: ship-start
}"
34500,Category,"{
  label_de: (1) sehr positiv,
  id: cat-ship-sl_f49bhpam-1,
  label_en: (1) very positive,
  value: 1,
  dataset: ship-start
}"
34501,Category,"{
  label_de: (888) Trifft nicht zu,
  id: cat-ship-sl_f49bhpam-888,
  label_en: (888) Does not apply,
  value: 888,
  dataset: ship-start
}"
34502,Category,"{
  label_de: (777) Weiß nicht,
  id: cat-ship-sl_f49bhpam-777,
  label_en: (777) Don't know,
  value: 777,
  dataset: ship-start
}"
34503,Category,"{
  label_de: (J) erlaubter Sprung,
  id: cat-ship-sl_o74lb11-99983,
  label_en: (J) allowed jump,
  value: 99983,
  dataset: ship-start
}"
34504,Category,"{
  label_de: (999) Unbekannt,
  id: cat-ship-sl_o74lb11-999,
  label_en: (999) Unknown,
  value: 999,
  dataset: ship-start
}"
34505,Category,"{
  label_de: (1) Ja,
  id: cat-ship-sl_o74lb11-1,
  label_en: (1) Yes,
  value: 1,
  dataset: ship-start
}"
34506,Category,"{
  label_de: (888) Trifft nicht zu,
  id: cat-ship-sl_o74lb11-888,
  label_en: (888) Does not apply,
  value: 888,
  dataset: ship-start
}"
34507,Category,"{
  label_de: (777) Weiß nicht,
  id: cat-ship-sl_o74lb11-777,
  label_en: (777) Don't know,
  value: 777,
  dataset: ship-start
}"
34508,Category,"{
  label_de: (0) Nein,
  id: cat-ship-sl_o74lb11-0,
  label_en: (0) No,
  value: 0,
  dataset: ship-start
}"
34509,Category,"{
  label_de: (3) neutral,
  id: cat-ship-sl_u78bd5j-3,
  label_en: (3) neutral,
  value: 3,
  dataset: ship-start
}"
34510,Category,"{
  label_de: (2) positiv,
  id: cat-ship-sl_u78bd5j-2,
  label_en: (2) positive,
  value: 2,
  dataset: ship-start
}"
34511,Category,"{
  label_de: (5) sehr negativ,
  id: cat-ship-sl_u78bd5j-5,
  label_en: (5) very negative,
  value: 5,
  dataset: ship-start
}"
34512,Category,"{
  label_de: (J) erlaubter Sprung,
  id: cat-ship-sl_u78bd5j-99983,
  label_en: (J) allowed jump,
  value: 99983,
  dataset: ship-start
}"
34513,Category,"{
  label_de: (999) Unbekannt,
  id: cat-ship-sl_u78bd5j-999,
  label_en: (999) Unknown,
  value: 999,
  dataset: ship-start
}"
34514,Category,"{
  label_de: (4) negativ,
  id: cat-ship-sl_u78bd5j-4,
  label_en: (4) negative,
  value: 4,
  dataset: ship-start
}"
34515,Category,"{
  label_de: (1) sehr positiv,
  id: cat-ship-sl_u78bd5j-1,
  label_en: (1) very positive,
  value: 1,
  dataset: ship-start
}"
34516,Category,"{
  label_de: (888) Trifft nicht zu,
  id: cat-ship-sl_u78bd5j-888,
  label_en: (888) Does not apply,
  value: 888,
  dataset: ship-start
}"
34517,Category,"{
  label_de: (777) Weiß nicht,
  id: cat-ship-sl_u78bd5j-777,
  label_en: (777) Don't know,
  value: 777,
  dataset: ship-start
}"
34518,Category,"{
  label_de: (2) wenig,
  id: cat-ship-sl_u78s1de-2,
  label_en: (2) little,
  value: 2,
  dataset: ship-start
}"
34519,Category,"{
  label_de: (J) erlaubter Sprung,
  id: cat-ship-sl_u78s1de-99983,
  label_en: (J) allowed jump,
  value: 99983,
  dataset: ship-start
}"
34520,Category,"{
  label_de: (999) Unbekannt,
  id: cat-ship-sl_u78s1de-999,
  label_en: (999) Unknown,
  value: 999,
  dataset: ship-start
}"
34521,Category,"{
  label_de: (888) Trifft nicht zu,
  id: cat-ship-sl_u78s1de-888,
  label_en: (888) Does not apply,
  value: 888,
  dataset: ship-start
}"
34522,Category,"{
  label_de: (4) viel,
  id: cat-ship-sl_u78s1de-4,
  label_en: (4) much,
  value: 4,
  dataset: ship-start
}"
34523,Category,"{
  label_de: (0) nicht erwünscht,
  id: cat-ship-sl_u78s1de-0,
  label_en: (0) not desired,
  value: 0,
  dataset: ship-start
}"
34524,Category,"{
  label_de: (777) Weiß nicht,
  id: cat-ship-sl_u78s1de-777,
  label_en: (777) Don't know,
  value: 777,
  dataset: ship-start
}"
34525,Category,"{
  label_de: (3) mäßig,
  id: cat-ship-sl_u78s1de-3,
  label_en: (3) moderate,
  value: 3,
  dataset: ship-start
}"
34526,Category,"{
  label_de: (1) keine,
  id: cat-ship-sl_u78s1de-1,
  label_en: (1) none,
  value: 1,
  dataset: ship-start
}"
34527,Category,"{
  label_de: (J) erlaubter Sprung,
  id: cat-ship-sl_w53alt-99983,
  label_en: (J) jump allowed,
  value: 99983,
  dataset: ship-start
}"
34528,Category,"{
  label_de: (777) Weiß nicht,
  id: cat-ship-sl_w53alt-777,
  label_en: (777) Don't know,
  value: 777,
  dataset: ship-start
}"
34529,Category,"{
  label_de: (999) Unbekannt,
  id: cat-ship-sl_w53alt-999,
  label_en: (999) Unknown,
  value: 999,
  dataset: ship-start
}"
34530,Category,"{
  label_de: (888) Trifft nicht zu,
  id: cat-ship-sl_w53alt-888,
  label_en: (888) Does not apply,
  value: 888,
  dataset: ship-start
}"
34531,Category,"{
  label_de: (3) neutral,
  id: cat-ship-sl_w53bhlt-3,
  label_en: (3) neutral,
  value: 3,
  dataset: ship-start
}"
34532,Category,"{
  label_de: (2) positiv,
  id: cat-ship-sl_w53bhlt-2,
  label_en: (2) positive,
  value: 2,
  dataset: ship-start
}"
34533,Category,"{
  label_de: (5) sehr negativ,
  id: cat-ship-sl_w53bhlt-5,
  label_en: (5) very negative,
  value: 5,
  dataset: ship-start
}"
34534,Category,"{
  label_de: (J) erlaubter Sprung,
  id: cat-ship-sl_w53bhlt-99983,
  label_en: (J) allowed jump,
  value: 99983,
  dataset: ship-start
}"
34535,Category,"{
  label_de: (999) Unbekannt,
  id: cat-ship-sl_w53bhlt-999,
  label_en: (999) Unknown,
  value: 999,
  dataset: ship-start
}"
34536,Category,"{
  label_de: (4) negativ,
  id: cat-ship-sl_w53bhlt-4,
  label_en: (4) negative,
  value: 4,
  dataset: ship-start
}"
34537,Category,"{
  label_de: (1) sehr positiv,
  id: cat-ship-sl_w53bhlt-1,
  label_en: (1) very positive,
  value: 1,
  dataset: ship-start
}"
34538,Category,"{
  label_de: (888) Trifft nicht zu,
  id: cat-ship-sl_w53bhlt-888,
  label_en: (888) Does not apply,
  value: 888,
  dataset: ship-start
}"
34539,Category,"{
  label_de: (777) Weiß nicht,
  id: cat-ship-sl_w53bhlt-777,
  label_en: (777) Don't know,
  value: 777,
  dataset: ship-start
}"
34540,Category,"{
  label_de: (3) neutral,
  id: cat-ship-sl_k21bdze-3,
  label_en: (3) neutral,
  value: 3,
  dataset: ship-start
}"
34541,Category,"{
  label_de: (2) positiv,
  id: cat-ship-sl_k21bdze-2,
  label_en: (2) positive,
  value: 2,
  dataset: ship-start
}"
34542,Category,"{
  label_de: (5) sehr negativ,
  id: cat-ship-sl_k21bdze-5,
  label_en: (5) very negative,
  value: 5,
  dataset: ship-start
}"
34543,Category,"{
  label_de: (J) erlaubter Sprung,
  id: cat-ship-sl_k21bdze-99983,
  label_en: (J) allowed jump,
  value: 99983,
  dataset: ship-start
}"
34544,Category,"{
  label_de: (999) Unbekannt,
  id: cat-ship-sl_k21bdze-999,
  label_en: (999) Unknown,
  value: 999,
  dataset: ship-start
}"
34545,Category,"{
  label_de: (4) negativ,
  id: cat-ship-sl_k21bdze-4,
  label_en: (4) negative,
  value: 4,
  dataset: ship-start
}"
34546,Category,"{
  label_de: (1) sehr positiv,
  id: cat-ship-sl_k21bdze-1,
  label_en: (1) very positive,
  value: 1,
  dataset: ship-start
}"
34547,Category,"{
  label_de: (888) Trifft nicht zu,
  id: cat-ship-sl_k21bdze-888,
  label_en: (888) Does not apply,
  value: 888,
  dataset: ship-start
}"
34548,Category,"{
  label_de: (777) Weiß nicht,
  id: cat-ship-sl_k21bdze-777,
  label_en: (777) Don't know,
  value: 777,
  dataset: ship-start
}"
34549,Category,"{
  label_de: (3) neutral,
  id: cat-ship-sl_k21bhpam-3,
  label_en: (3) neutral,
  value: 3,
  dataset: ship-start
}"
34550,Category,"{
  label_de: (2) positiv,
  id: cat-ship-sl_k21bhpam-2,
  label_en: (2) positive,
  value: 2,
  dataset: ship-start
}"
34551,Category,"{
  label_de: (5) sehr negativ,
  id: cat-ship-sl_k21bhpam-5,
  label_en: (5) very negative,
  value: 5,
  dataset: ship-start
}"
34552,Category,"{
  label_de: (J) erlaubter Sprung,
  id: cat-ship-sl_k21bhpam-99983,
  label_en: (J) allowed jump,
  value: 99983,
  dataset: ship-start
}"
34553,Category,"{
  label_de: (999) Unbekannt,
  id: cat-ship-sl_k21bhpam-999,
  label_en: (999) Unknown,
  value: 999,
  dataset: ship-start
}"
34554,Category,"{
  label_de: (4) negativ,
  id: cat-ship-sl_k21bhpam-4,
  label_en: (4) negative,
  value: 4,
  dataset: ship-start
}"
34555,Category,"{
  label_de: (1) sehr positiv,
  id: cat-ship-sl_k21bhpam-1,
  label_en: (1) very positive,
  value: 1,
  dataset: ship-start
}"
34556,Category,"{
  label_de: (888) Trifft nicht zu,
  id: cat-ship-sl_k21bhpam-888,
  label_en: (888) Does not apply,
  value: 888,
  dataset: ship-start
}"
34557,Category,"{
  label_de: (777) Weiß nicht,
  id: cat-ship-sl_k21bhpam-777,
  label_en: (777) Don't know,
  value: 777,
  dataset: ship-start
}"
34558,Category,"{
  label_de: (2) wenig,
  id: cat-ship-sl_k22s1de-2,
  label_en: (2) little,
  value: 2,
  dataset: ship-start
}"
34559,Category,"{
  label_de: (J) erlaubter Sprung,
  id: cat-ship-sl_k22s1de-99983,
  label_en: (J) allowed jump,
  value: 99983,
  dataset: ship-start
}"
34560,Category,"{
  label_de: (999) Unbekannt,
  id: cat-ship-sl_k22s1de-999,
  label_en: (999) Unknown,
  value: 999,
  dataset: ship-start
}"
34561,Category,"{
  label_de: (888) Trifft nicht zu,
  id: cat-ship-sl_k22s1de-888,
  label_en: (888) Does not apply,
  value: 888,
  dataset: ship-start
}"
34562,Category,"{
  label_de: (4) viel,
  id: cat-ship-sl_k22s1de-4,
  label_en: (4) much,
  value: 4,
  dataset: ship-start
}"
34563,Category,"{
  label_de: (0) nicht erwünscht,
  id: cat-ship-sl_k22s1de-0,
  label_en: (0) not desired,
  value: 0,
  dataset: ship-start
}"
34564,Category,"{
  label_de: (777) Weiß nicht,
  id: cat-ship-sl_k22s1de-777,
  label_en: (777) Don't know,
  value: 777,
  dataset: ship-start
}"
34565,Category,"{
  label_de: (3) mäßig,
  id: cat-ship-sl_k22s1de-3,
  label_en: (3) moderate,
  value: 3,
  dataset: ship-start
}"
34566,Category,"{
  label_de: (1) keine,
  id: cat-ship-sl_k22s1de-1,
  label_en: (1) none,
  value: 1,
  dataset: ship-start
}"
34567,Category,"{
  label_de: (J) erlaubter Sprung,
  id: cat-ship-sl_l32d5j-99983,
  label_en: (J) allowed jump,
  value: 99983,
  dataset: ship-start
}"
34568,Category,"{
  label_de: (999) Unbekannt,
  id: cat-ship-sl_l32d5j-999,
  label_en: (999) Unknown,
  value: 999,
  dataset: ship-start
}"
34569,Category,"{
  label_de: (1) Ja,
  id: cat-ship-sl_l32d5j-1,
  label_en: (1) Yes,
  value: 1,
  dataset: ship-start
}"
34570,Category,"{
  label_de: (888) Trifft nicht zu,
  id: cat-ship-sl_l32d5j-888,
  label_en: (888) Does not apply,
  value: 888,
  dataset: ship-start
}"
34571,Category,"{
  label_de: (777) Weiß nicht,
  id: cat-ship-sl_l32d5j-777,
  label_en: (777) Don't know,
  value: 777,
  dataset: ship-start
}"
34572,Category,"{
  label_de: (0) Nein,
  id: cat-ship-sl_l32d5j-0,
  label_en: (0) No,
  value: 0,
  dataset: ship-start
}"
34573,Category,"{
  label_de: (J) erlaubter Sprung,
  id: cat-ship-sl_h3d5j-99983,
  label_en: (J) allowed jump,
  value: 99983,
  dataset: ship-start
}"
34574,Category,"{
  label_de: (999) Unbekannt,
  id: cat-ship-sl_h3d5j-999,
  label_en: (999) Unknown,
  value: 999,
  dataset: ship-start
}"
34575,Category,"{
  label_de: (1) Ja,
  id: cat-ship-sl_h3d5j-1,
  label_en: (1) Yes,
  value: 1,
  dataset: ship-start
}"
34576,Category,"{
  label_de: (888) Trifft nicht zu,
  id: cat-ship-sl_h3d5j-888,
  label_en: (888) Does not apply,
  value: 888,
  dataset: ship-start
}"
34577,Category,"{
  label_de: (777) Weiß nicht,
  id: cat-ship-sl_h3d5j-777,
  label_en: (777) Don't know,
  value: 777,
  dataset: ship-start
}"
34578,Category,"{
  label_de: (0) Nein,
  id: cat-ship-sl_h3d5j-0,
  label_en: (0) No,
  value: 0,
  dataset: ship-start
}"
34579,Category,"{
  label_de: Antwortverweigerung,
  id: cat-ship-s0_neurfreq-999,
  label_en: Refusal to answer,
  value: 999,
  dataset: ship-start
}"
34580,Category,"{
  label_de: nicht betreffend,
  id: cat-ship-s0_neurfreq-997,
  label_en: not concerning,
  value: 997,
  dataset: ship-start
}"
34581,Category,"{
  label_de: weiß nicht,
  id: cat-ship-s0_neurfreq-998,
  label_en: do not know,
  value: 998,
  dataset: ship-start
}"
34582,Category,"{
  label_de: alle ärztlichen Untersuchungen nicht durchführbar,
  id: cat-ship-s0_all_bsnr-8,
  label_en: all medical examinations not feasible,
  value: 8,
  dataset: ship-start
}"
34583,Category,"{
  label_de: Verweigerung aller ärztlichen Untersuchungen,
  id: cat-ship-s0_all_bsnr-9,
  label_en: refusal of all medical examinations,
  value: 9,
  dataset: ship-start
}"
34584,Category,"{
  label_de: mindestens ein besonderes Vorkommnis bei ärztlichen Untersuchungen,
  id: cat-ship-s0_all_bsnr-1,
  label_en: at least one special event during medical examinations,
  value: 1,
  dataset: ship-start
}"
34585,Category,"{
  label_de: alle ärtzliche Untersuchungen ohne besondere Vorkommnisse,
  id: cat-ship-s0_all_bsnr-0,
  label_en: all medical examinations without special incidents,
  value: 0,
  dataset: ship-start
}"
34586,Category,"{
  label_de: Stimme überhaupt nicht zu,
  id: cat-ship-s0_rau79k-1,
  label_en: Do not agree at all,
  value: 1,
  dataset: ship-start
}"
34587,Category,"{
  label_de: Nicht auswertbar,
  id: cat-ship-s0_rau79k-8,
  label_en: Not evaluable,
  value: 8,
  dataset: ship-start
}"
34588,Category,"{
  label_de: Stimme nicht zu,
  id: cat-ship-s0_rau79k-2,
  label_en: Do not agree,
  value: 2,
  dataset: ship-start
}"
34589,Category,"{
  label_de: Keine Angabe,
  id: cat-ship-s0_rau79k-9,
  label_en: No answer,
  value: 9,
  dataset: ship-start
}"
34590,Category,"{
  label_de: Stimme sehr zu,
  id: cat-ship-s0_rau79k-5,
  label_en: Agree very much,
  value: 5,
  dataset: ship-start
}"
34591,Category,"{
  label_de: Stimme zu,
  id: cat-ship-s0_rau79k-4,
  label_en: Agree,
  value: 4,
  dataset: ship-start
}"
34592,Category,"{
  label_de: Bin unsicher,
  id: cat-ship-s0_rau79k-3,
  label_en: Am unsure,
  value: 3,
  dataset: ship-start
}"
34593,Category,"{
  label_de: Stimme überhaupt nicht zu,
  id: cat-ship-s0_ern80ae-1,
  label_en: Do not agree at all,
  value: 1,
  dataset: ship-start
}"
34594,Category,"{
  label_de: Nicht auswertbar,
  id: cat-ship-s0_ern80ae-8,
  label_en: Not evaluable,
  value: 8,
  dataset: ship-start
}"
34595,Category,"{
  label_de: Stimme nicht zu,
  id: cat-ship-s0_ern80ae-2,
  label_en: Do not agree,
  value: 2,
  dataset: ship-start
}"
34596,Category,"{
  label_de: Keine Angabe,
  id: cat-ship-s0_ern80ae-9,
  label_en: No answer,
  value: 9,
  dataset: ship-start
}"
34597,Category,"{
  label_de: Stimme sehr zu,
  id: cat-ship-s0_ern80ae-5,
  label_en: Agree very much,
  value: 5,
  dataset: ship-start
}"
34598,Category,"{
  label_de: Stimme zu,
  id: cat-ship-s0_ern80ae-4,
  label_en: Agree,
  value: 4,
  dataset: ship-start
}"
34599,Category,"{
  label_de: Bin unsicher,
  id: cat-ship-s0_ern80ae-3,
  label_en: Am unsure,
  value: 3,
  dataset: ship-start
}"
34600,Category,"{
  label_de: Stimme überhaupt nicht zu,
  id: cat-ship-s0_ern80si-1,
  label_en: Do not agree at all,
  value: 1,
  dataset: ship-start
}"
34601,Category,"{
  label_de: Nicht auswertbar,
  id: cat-ship-s0_ern80si-8,
  label_en: Not evaluable,
  value: 8,
  dataset: ship-start
}"
34602,Category,"{
  label_de: Stimme nicht zu,
  id: cat-ship-s0_ern80si-2,
  label_en: Do not agree,
  value: 2,
  dataset: ship-start
}"
34603,Category,"{
  label_de: Keine Angabe,
  id: cat-ship-s0_ern80si-9,
  label_en: No answer,
  value: 9,
  dataset: ship-start
}"
34604,Category,"{
  label_de: Stimme sehr zu,
  id: cat-ship-s0_ern80si-5,
  label_en: Agree very much,
  value: 5,
  dataset: ship-start
}"
34605,Category,"{
  label_de: Stimme zu,
  id: cat-ship-s0_ern80si-4,
  label_en: Agree,
  value: 4,
  dataset: ship-start
}"
34606,Category,"{
  label_de: Bin unsicher,
  id: cat-ship-s0_ern80si-3,
  label_en: Am unsure,
  value: 3,
  dataset: ship-start
}"
34607,Category,"{
  label_de: Nicht auswertbar,
  id: cat-ship-s0_ges70uek-8,
  label_en: Not evaluable,
  value: 8,
  dataset: ship-start
}"
34608,Category,"{
  label_de: Stark,
  id: cat-ship-s0_ges70uek-4,
  label_en: Strongly,
  value: 4,
  dataset: ship-start
}"
34609,Category,"{
  label_de: Mäßig,
  id: cat-ship-s0_ges70uek-3,
  label_en: Moderately,
  value: 3,
  dataset: ship-start
}"
34610,Category,"{
  label_de: Gar nicht,
  id: cat-ship-s0_ges70uek-1,
  label_en: Not at all,
  value: 1,
  dataset: ship-start
}"
34611,Category,"{
  label_de: Kaum,
  id: cat-ship-s0_ges70uek-2,
  label_en: Hardly,
  value: 2,
  dataset: ship-start
}"
34612,Category,"{
  label_de: Keine Angabe,
  id: cat-ship-s0_ges70uek-9,
  label_en: No information,
  value: 9,
  dataset: ship-start
}"
34613,Category,"{
  id: cat-ship-s0_atc_c10aa_s0-0,
  label_en: (0) No,
  value: 0,
  dataset: ship-start
}"
34614,Category,"{
  id: cat-ship-s0_atc_c10aa_s0-1,
  label_en: (1) Yes,
  value: 1,
  dataset: ship-start
}"
34615,Category,"{
  label_de: beidseitig,
  id: cat-ship-s1_inv_f09c-3,
  label_en: both sides,
  value: 3,
  dataset: ship-start
}"
34616,Category,"{
  label_de: nur links,
  id: cat-ship-s1_inv_f09c-2,
  label_en: left only,
  value: 2,
  dataset: ship-start
}"
34617,Category,"{
  label_de: keine Angabe,
  id: cat-ship-s1_inv_f09c-997,
  label_en: not specified,
  value: 997,
  dataset: ship-start
}"
34618,Category,"{
  label_de: nichts,
  id: cat-ship-s1_inv_f09c-4,
  label_en: nothing,
  value: 4,
  dataset: ship-start
}"
34619,Category,"{
  label_de: nur rechts,
  id: cat-ship-s1_inv_f09c-1,
  label_en: only right,
  value: 1,
  dataset: ship-start
}"
34620,Category,"{
  label_de: beidseitig,
  id: cat-ship-s1_inv_f08e-3,
  label_en: both sides,
  value: 3,
  dataset: ship-start
}"
34621,Category,"{
  label_de: nur links,
  id: cat-ship-s1_inv_f08e-2,
  label_en: left only,
  value: 2,
  dataset: ship-start
}"
34622,Category,"{
  label_de: keine Angabe,
  id: cat-ship-s1_inv_f08e-997,
  label_en: not specified,
  value: 997,
  dataset: ship-start
}"
34623,Category,"{
  label_de: nichts,
  id: cat-ship-s1_inv_f08e-4,
  label_en: nothing,
  value: 4,
  dataset: ship-start
}"
34624,Category,"{
  label_de: nur rechts,
  id: cat-ship-s1_inv_f08e-1,
  label_en: only right,
  value: 1,
  dataset: ship-start
}"
34625,Category,"{
  label_de: Antwort verweigert,
  id: cat-ship-s1_asthma_3-999,
  label_en: Refused to answer,
  value: 999,
  dataset: ship-start
}"
34626,Category,"{
  label_de: Ja,
  id: cat-ship-s1_asthma_3-1,
  label_en: Yes,
  value: 1,
  dataset: ship-start
}"
34627,Category,"{
  label_de: Weiß nicht,
  id: cat-ship-s1_asthma_3-998,
  label_en: Does not know,
  value: 998,
  dataset: ship-start
}"
34628,Category,"{
  label_de: Trifft nicht zu,
  id: cat-ship-s1_asthma_3-997,
  label_en: Does not apply,
  value: 997,
  dataset: ship-start
}"
34629,Category,"{
  label_de: Nein,
  id: cat-ship-s1_asthma_3-2,
  label_en: No,
  value: 2,
  dataset: ship-start
}"
34630,Category,"{
  label_de: Antwortverweigerung,
  id: cat-ship-s2_s2_ernaehr_10-999,
  label_en: non-response,
  value: 999,
  dataset: ship-start
}"
34631,Category,"{
  label_de: Mehrmals in der Woche,
  id: cat-ship-s2_s2_ernaehr_10-2,
  label_en: several times a week,
  value: 2,
  dataset: ship-start
}"
34632,Category,"{
  label_de: Mehrmals im Monat,
  id: cat-ship-s2_s2_ernaehr_10-4,
  label_en: several times a month,
  value: 4,
  dataset: ship-start
}"
34633,Category,"{
  label_de: Täglich oder fast täglich,
  id: cat-ship-s2_s2_ernaehr_10-1,
  label_en: every day or almost every day,
  value: 1,
  dataset: ship-start
}"
34634,Category,"{
  label_de: Weiß nicht,
  id: cat-ship-s2_s2_ernaehr_10-998,
  label_en: I don't know,
  value: 998,
  dataset: ship-start
}"
34635,Category,"{
  label_de: Nie oder fast nie,
  id: cat-ship-s2_s2_ernaehr_10-6,
  label_en: never or almost never,
  value: 6,
  dataset: ship-start
}"
34636,Category,"{
  label_de: Etwa einmal in der Woche,
  id: cat-ship-s2_s2_ernaehr_10-3,
  label_en: about once a week,
  value: 3,
  dataset: ship-start
}"
34637,Category,"{
  label_de: Etwa einmal im Monat oder seltener,
  id: cat-ship-s2_s2_ernaehr_10-5,
  label_en: about once a month or fewer,
  value: 5,
  dataset: ship-start
}"
34638,Category,"{
  label_de: Antwortverweigerung,
  id: cat-ship-s2_mrtmfu_befund_inn_03-999,
  label_en: refused to answer,
  value: 999,
  dataset: ship-start
}"
34639,Category,"{
  label_de: Ja,
  id: cat-ship-s2_mrtmfu_befund_inn_03-1,
  label_en: Yes,
  value: 1,
  dataset: ship-start
}"
34640,Category,"{
  label_de: Nein,
  id: cat-ship-s2_mrtmfu_befund_inn_03-0,
  label_en: No,
  value: 0,
  dataset: ship-start
}"
34641,Category,"{
  label_de: Weiß nicht,
  id: cat-ship-s2_mrtmfu_befund_inn_03-998,
  label_en: do not know,
  value: 998,
  dataset: ship-start
}"
34642,Category,"{
  label_de: Weiß nicht,
  id: cat-ship-s3_frau_12a-998,
  label_en: do not know,
  value: 998,
  dataset: ship-start
}"
34643,Category,"{
  label_de: Nein,
  id: cat-ship-s3_frau_12a-0,
  label_en: No,
  value: 0,
  dataset: ship-start
}"
34644,Category,"{
  label_de: Antwortverweigerung,
  id: cat-ship-s3_frau_12a-999,
  label_en: refused to answer,
  value: 999,
  dataset: ship-start
}"
34645,Category,"{
  label_de: Ja,
  id: cat-ship-s3_frau_12a-1,
  label_en: Yes,
  value: 1,
  dataset: ship-start
}"
34646,Category,"{
  label_de: Weiß nicht,
  id: cat-ship-s3_schmerz_11h-998,
  label_en: do not know,
  value: 998,
  dataset: ship-start
}"
34647,Category,"{
  label_de: Nein,
  id: cat-ship-s3_schmerz_11h-0,
  label_en: No,
  value: 0,
  dataset: ship-start
}"
34648,Category,"{
  label_de: Antwortverweigerung,
  id: cat-ship-s3_schmerz_11h-999,
  label_en: refused to answer,
  value: 999,
  dataset: ship-start
}"
34649,Category,"{
  label_de: Ja,
  id: cat-ship-s3_schmerz_11h-1,
  label_en: Yes,
  value: 1,
  dataset: ship-start
}"
34650,Category,"{
  label_de: Ja,
  id: cat-ship-s4_pre_sport_bicycle-1,
  label_en: Yes,
  value: 1,
  dataset: ship-start
}"
34651,Category,"{
  label_de: Nein,
  id: cat-ship-s4_pre_sport_bicycle-0,
  label_en: No,
  value: 0,
  dataset: ship-start
}"
34652,Category,"{
  label_de: (3) neutral,
  id: cat-ship-sl_b12bh12-3,
  label_en: (3) neutral,
  value: 3,
  dataset: ship-start
}"
34653,Category,"{
  label_de: (2) positiv,
  id: cat-ship-sl_b12bh12-2,
  label_en: (2) positive,
  value: 2,
  dataset: ship-start
}"
34654,Category,"{
  label_de: (5) sehr negativ,
  id: cat-ship-sl_b12bh12-5,
  label_en: (5) very negative,
  value: 5,
  dataset: ship-start
}"
34655,Category,"{
  label_de: (J) erlaubter Sprung,
  id: cat-ship-sl_b12bh12-99983,
  label_en: (J) allowed jump,
  value: 99983,
  dataset: ship-start
}"
34656,Category,"{
  label_de: (999) Unbekannt,
  id: cat-ship-sl_b12bh12-999,
  label_en: (999) Unknown,
  value: 999,
  dataset: ship-start
}"
34657,Category,"{
  label_de: (4) negativ,
  id: cat-ship-sl_b12bh12-4,
  label_en: (4) negative,
  value: 4,
  dataset: ship-start
}"
34658,Category,"{
  label_de: (1) sehr positiv,
  id: cat-ship-sl_b12bh12-1,
  label_en: (1) very positive,
  value: 1,
  dataset: ship-start
}"
34659,Category,"{
  label_de: (888) Trifft nicht zu,
  id: cat-ship-sl_b12bh12-888,
  label_en: (888) Does not apply,
  value: 888,
  dataset: ship-start
}"
34660,Category,"{
  label_de: (777) Weiß nicht,
  id: cat-ship-sl_b12bh12-777,
  label_en: (777) Don't know,
  value: 777,
  dataset: ship-start
}"
34661,Category,"{
  label_de: (3) neutral,
  id: cat-ship-sl_l31bdpap-3,
  label_en: (3) neutral,
  value: 3,
  dataset: ship-start
}"
34662,Category,"{
  label_de: (2) positiv,
  id: cat-ship-sl_l31bdpap-2,
  label_en: (2) positive,
  value: 2,
  dataset: ship-start
}"
34663,Category,"{
  label_de: (5) sehr negativ,
  id: cat-ship-sl_l31bdpap-5,
  label_en: (5) very negative,
  value: 5,
  dataset: ship-start
}"
34664,Category,"{
  label_de: (J) erlaubter Sprung,
  id: cat-ship-sl_l31bdpap-99983,
  label_en: (J) allowed jump,
  value: 99983,
  dataset: ship-start
}"
34665,Category,"{
  label_de: (999) Unbekannt,
  id: cat-ship-sl_l31bdpap-999,
  label_en: (999) Unknown,
  value: 999,
  dataset: ship-start
}"
34666,Category,"{
  label_de: (4) negativ,
  id: cat-ship-sl_l31bdpap-4,
  label_en: (4) negative,
  value: 4,
  dataset: ship-start
}"
34667,Category,"{
  label_de: (1) sehr positiv,
  id: cat-ship-sl_l31bdpap-1,
  label_en: (1) very positive,
  value: 1,
  dataset: ship-start
}"
34668,Category,"{
  label_de: (888) Trifft nicht zu,
  id: cat-ship-sl_l31bdpap-888,
  label_en: (888) Does not apply,
  value: 888,
  dataset: ship-start
}"
34669,Category,"{
  label_de: (777) Weiß nicht,
  id: cat-ship-sl_l31bdpap-777,
  label_en: (777) Don't know,
  value: 777,
  dataset: ship-start
}"
34670,Category,"{
  label_de: (J) erlaubter Sprung,
  id: cat-ship-sl_l32a12-99983,
  label_en: (J) jump allowed,
  value: 99983,
  dataset: ship-start
}"
34671,Category,"{
  label_de: (777) Weiß nicht,
  id: cat-ship-sl_l32a12-777,
  label_en: (777) Don't know,
  value: 777,
  dataset: ship-start
}"
34672,Category,"{
  label_de: (999) Unbekannt,
  id: cat-ship-sl_l32a12-999,
  label_en: (999) Unknown,
  value: 999,
  dataset: ship-start
}"
34673,Category,"{
  label_de: (888) Trifft nicht zu,
  id: cat-ship-sl_l32a12-888,
  label_en: (888) Does not apply,
  value: 888,
  dataset: ship-start
}"
34674,Category,"{
  label_de: (6a) Alkoholerkrankung ambulant,
  id: cat-ship-sl_fa_gv2a-60,
  label_en: (6a) Alcoholism outpatient,
  value: 60,
  dataset: ship-start
}"
34675,Category,"{
  label_de: (4b) Depression stationär,
  id: cat-ship-sl_fa_gv2a-41,
  label_en: (4b) Depression inpatient,
  value: 41,
  dataset: ship-start
}"
34676,Category,"{
  label_de: (3b) Angsterkrankung stationär,
  id: cat-ship-sl_fa_gv2a-31,
  label_en: (3b) Anxiety disorder inpatient,
  value: 31,
  dataset: ship-start
}"
34677,Category,"{
  label_de: (2b) Bipolare Störung stationär,
  id: cat-ship-sl_fa_gv2a-21,
  label_en: (2b) Bipolar disorder inpatient,
  value: 21,
  dataset: ship-start
}"
34678,Category,"{
  label_de: (2a) Bipolare Störung ambulant,
  id: cat-ship-sl_fa_gv2a-20,
  label_en: (2a) Bipolar disorder outpatient,
  value: 20,
  dataset: ship-start
}"
34679,Category,"{
  label_de: (J) erlaubter Sprung,
  id: cat-ship-sl_fa_gv2a-99983,
  label_en: (J) allowed jump,
  value: 99983,
  dataset: ship-start
}"
34680,Category,"{
  label_de: (888) Unzutreffend,
  id: cat-ship-sl_fa_gv2a-888,
  label_en: (888) Not applicable,
  value: 888,
  dataset: ship-start
}"
34681,Category,"{
  label_de: (777) Weiß nicht,
  id: cat-ship-sl_fa_gv2a-777,
  label_en: (777) Don't know,
  value: 777,
  dataset: ship-start
}"
34682,Category,"{
  label_de: (4a) Depression ambulant,
  id: cat-ship-sl_fa_gv2a-40,
  label_en: (4a) Depression outpatient,
  value: 40,
  dataset: ship-start
}"
34683,Category,"{
  label_de: (1a) Schizophrenie ambulant,
  id: cat-ship-sl_fa_gv2a-10,
  label_en: (1a) Schizophrenia outpatient,
  value: 10,
  dataset: ship-start
}"
34684,Category,"{
  label_de: (5b) Zwangserkrankung stationär,
  id: cat-ship-sl_fa_gv2a-51,
  label_en: (5b) Obsessive-compulsive disorder inpatient,
  value: 51,
  dataset: ship-start
}"
34685,Category,"{
  label_de: (3a) Angsterkrankung ambulant,
  id: cat-ship-sl_fa_gv2a-30,
  label_en: (3a) Anxiety disorder outpatient,
  value: 30,
  dataset: ship-start
}"
34686,Category,"{
  label_de: (1b) Schizophrenie stationär,
  id: cat-ship-sl_fa_gv2a-11,
  label_en: (1b) Schizophrenia inpatient,
  value: 11,
  dataset: ship-start
}"
34687,Category,"{
  label_de: (999) Unbekannt,
  id: cat-ship-sl_fa_gv2a-999,
  label_en: (999) Unknown,
  value: 999,
  dataset: ship-start
}"
34688,Category,"{
  label_de: (8) Nicht kodierbar, aber psych. Erkrankung vorhanden,
  id: cat-ship-sl_fa_gv2a-8,
  label_en: (8) Not codable, but mental illness present,
  value: 8,
  dataset: ship-start
}"
34689,Category,"{
  label_de: (7b) Diagnose unbekannt stationär,
  id: cat-ship-sl_fa_gv2a-71,
  label_en: (7b) Diagnosis unknown inpatient,
  value: 71,
  dataset: ship-start
}"
34690,Category,"{
  label_de: (7a) Diagnose unbekannt ambulant,
  id: cat-ship-sl_fa_gv2a-70,
  label_en: (7a) Diagnosis unknown outpatient,
  value: 70,
  dataset: ship-start
}"
34691,Category,"{
  label_de: (6b) Alkoholerkrankung stationär,
  id: cat-ship-sl_fa_gv2a-61,
  label_en: (6b) Alcoholism inpatient,
  value: 61,
  dataset: ship-start
}"
34692,Category,"{
  label_de: (5a) Zwangserkrankung ambulant,
  id: cat-ship-sl_fa_gv2a-50,
  label_en: (5a) Obsessive-compulsive disorder outpatient,
  value: 50,
  dataset: ship-start
}"
34693,Category,"{
  label_de: (0) Keine weitere Erkrankung,
  id: cat-ship-sl_fa_gv2a-0,
  label_en: (0) No other disorder,
  value: 0,
  dataset: ship-start
}"
34694,Category,"{
  label_de: (0) Leicht,
  id: cat-ship-sl_abh_grad-0,
  label_en: (0) Light,
  value: 0,
  dataset: ship-start
}"
34695,Category,"{
  label_de: (777) Weiß nicht,
  id: cat-ship-sl_abh_grad-777,
  label_en: (777) Don't know,
  value: 777,
  dataset: ship-start
}"
34696,Category,"{
  label_de: (1) Mittel,
  id: cat-ship-sl_abh_grad-1,
  label_en: (1) Medium,
  value: 1,
  dataset: ship-start
}"
34697,Category,"{
  label_de: (2) Schwer,
  id: cat-ship-sl_abh_grad-2,
  label_en: (2) Severe,
  value: 2,
  dataset: ship-start
}"
34698,Category,"{
  label_de: (J) erlaubter Sprung,
  id: cat-ship-sl_abh_grad-99983,
  label_en: (J) jump allowed,
  value: 99983,
  dataset: ship-start
}"
34699,Category,"{
  label_de: (999) Unbekannt,
  id: cat-ship-sl_abh_grad-999,
  label_en: (999) Unknown,
  value: 999,
  dataset: ship-start
}"
34700,Category,"{
  label_de: (888) Trifft nicht zu,
  id: cat-ship-sl_abh_grad-888,
  label_en: (888) Does not apply,
  value: 888,
  dataset: ship-start
}"
34701,Category,"{
  label_de: (1) Immer,
  id: cat-ship-sl_sf12_12-1,
  label_en: (1) Always,
  value: 1,
  dataset: ship-start
}"
34702,Category,"{
  label_de: (5) Nie,
  id: cat-ship-sl_sf12_12-5,
  label_en: (5) Never,
  value: 5,
  dataset: ship-start
}"
34703,Category,"{
  label_de: (2) Meistens,
  id: cat-ship-sl_sf12_12-2,
  label_en: (2) Most of the time,
  value: 2,
  dataset: ship-start
}"
34704,Category,"{
  label_de: (J) erlaubter Sprung,
  id: cat-ship-sl_sf12_12-99983,
  label_en: (J) jump allowed,
  value: 99983,
  dataset: ship-start
}"
34705,Category,"{
  label_de: (999) Unbekannt,
  id: cat-ship-sl_sf12_12-999,
  label_en: (999) Unknown,
  value: 999,
  dataset: ship-start
}"
34706,Category,"{
  label_de: (888) Trifft nicht zu,
  id: cat-ship-sl_sf12_12-888,
  label_en: (888) Does not apply,
  value: 888,
  dataset: ship-start
}"
34707,Category,"{
  label_de: (3) Manchmal,
  id: cat-ship-sl_sf12_12-3,
  label_en: (3) Sometimes,
  value: 3,
  dataset: ship-start
}"
34708,Category,"{
  label_de: (777) Weiß nicht,
  id: cat-ship-sl_sf12_12-777,
  label_en: (777) Don't know,
  value: 777,
  dataset: ship-start
}"
34709,Category,"{
  label_de: (4) Selten,
  id: cat-ship-sl_sf12_12-4,
  label_en: (4) Rarely,
  value: 4,
  dataset: ship-start
}"
34710,Category,"{
  label_de: ja,
  id: cat-ship-s0_gicht1-1,
  label_en: yes,
  value: 1,
  dataset: ship-start
}"
34711,Category,"{
  label_de: Antwortverweigerung,
  id: cat-ship-s0_gicht1-9,
  label_en: Refusal to answer,
  value: 9,
  dataset: ship-start
}"
34712,Category,"{
  label_de: weiß nicht,
  id: cat-ship-s0_gicht1-8,
  label_en: do not know,
  value: 8,
  dataset: ship-start
}"
34713,Category,"{
  label_de: nein,
  id: cat-ship-s0_gicht1-2,
  label_en: no,
  value: 2,
  dataset: ship-start
}"
34714,Category,"{
  label_de: Antwortverweigerung,
  id: cat-ship-s0_natmenop-9,
  label_en: Refusal to answer,
  value: 9,
  dataset: ship-start
}"
34715,Category,"{
  label_de: Sonstiges,
  id: cat-ship-s0_natmenop-3,
  label_en: Other,
  value: 3,
  dataset: ship-start
}"
34716,Category,"{
  label_de: Operation, Krankheit,
  id: cat-ship-s0_natmenop-2,
  label_en: surgery, disease,
  value: 2,
  dataset: ship-start
}"
34717,Category,"{
  label_de: natürliche Menopause,
  id: cat-ship-s0_natmenop-1,
  label_en: natural menopause,
  value: 1,
  dataset: ship-start
}"
34718,Category,"{
  label_de: weiß nicht,
  id: cat-ship-s0_natmenop-8,
  label_en: do not know,
  value: 8,
  dataset: ship-start
}"
34719,Category,"{
  label_de: Stimme überhaupt nicht zu,
  id: cat-ship-s0_rau79z-1,
  label_en: Do not agree at all,
  value: 1,
  dataset: ship-start
}"
34720,Category,"{
  label_de: Nicht auswertbar,
  id: cat-ship-s0_rau79z-8,
  label_en: Not evaluable,
  value: 8,
  dataset: ship-start
}"
34721,Category,"{
  label_de: Stimme nicht zu,
  id: cat-ship-s0_rau79z-2,
  label_en: Do not agree,
  value: 2,
  dataset: ship-start
}"
34722,Category,"{
  label_de: Keine Angabe,
  id: cat-ship-s0_rau79z-9,
  label_en: No answer,
  value: 9,
  dataset: ship-start
}"
34723,Category,"{
  label_de: Stimme sehr zu,
  id: cat-ship-s0_rau79z-5,
  label_en: Agree very much,
  value: 5,
  dataset: ship-start
}"
34724,Category,"{
  label_de: Stimme zu,
  id: cat-ship-s0_rau79z-4,
  label_en: Agree,
  value: 4,
  dataset: ship-start
}"
34725,Category,"{
  label_de: Bin unsicher,
  id: cat-ship-s0_rau79z-3,
  label_en: Am unsure,
  value: 3,
  dataset: ship-start
}"
34726,Category,"{
  label_de: 3500 bis unter 4000 DM,
  id: cat-ship-s0_sta82-14,
  label_en: 3500 to under 4000 DM,
  value: 14,
  dataset: ship-start
}"
34727,Category,"{
  label_de: 3000 bis unter 3500 DM,
  id: cat-ship-s0_sta82-13,
  label_en: 3000 to under 3500 DM,
  value: 13,
  dataset: ship-start
}"
34728,Category,"{
  label_de: 2250 bis unter 2500 DM,
  id: cat-ship-s0_sta82-10,
  label_en: 2250 to under 2500 DM,
  value: 10,
  dataset: ship-start
}"
34729,Category,"{
  label_de: 1000 bis unter 1250 DM,
  id: cat-ship-s0_sta82-5,
  label_en: 1000 to under 1250 DM,
  value: 5,
  dataset: ship-start
}"
34730,Category,"{
  label_de: Unter 400 DM,
  id: cat-ship-s0_sta82-1,
  label_en: Under 400 DM,
  value: 1,
  dataset: ship-start
}"
34731,Category,"{
  label_de: 4000 bis unter 4500 DM,
  id: cat-ship-s0_sta82-15,
  label_en: 4000 to under 4500 DM,
  value: 15,
  dataset: ship-start
}"
34732,Category,"{
  label_de: 2000 bis unter 2250 DM,
  id: cat-ship-s0_sta82-9,
  label_en: 2000 to under 2250 DM,
  value: 9,
  dataset: ship-start
}"
34733,Category,"{
  label_de: 1250 bis unter 1500 DM,
  id: cat-ship-s0_sta82-6,
  label_en: 1250 to under 1500 DM,
  value: 6,
  dataset: ship-start
}"
34734,Category,"{
  label_de: 400 bis unter 600 DM,
  id: cat-ship-s0_sta82-2,
  label_en: 400 to under 600 DM,
  value: 2,
  dataset: ship-start
}"
34735,Category,"{
  label_de: Nicht auswertbar,
  id: cat-ship-s0_sta82-98,
  label_en: Not evaluable,
  value: 98,
  dataset: ship-start
}"
34736,Category,"{
  label_de: 6000 bis unter 8000 DM,
  id: cat-ship-s0_sta82-19,
  label_en: 6000 to under 8000 DM,
  value: 19,
  dataset: ship-start
}"
34737,Category,"{
  label_de: 5500 bis unter 6000 DM,
  id: cat-ship-s0_sta82-18,
  label_en: 5500 to under 6000 DM,
  value: 18,
  dataset: ship-start
}"
34738,Category,"{
  label_de: 4500 bis unter 5000 DM,
  id: cat-ship-s0_sta82-16,
  label_en: 4500 to under 5000 DM,
  value: 16,
  dataset: ship-start
}"
34739,Category,"{
  label_de: 2750 bis unter 3000 DM,
  id: cat-ship-s0_sta82-12,
  label_en: 2750 to under 3000 DM,
  value: 12,
  dataset: ship-start
}"
34740,Category,"{
  label_de: 2500 bis unter 2750 DM,
  id: cat-ship-s0_sta82-11,
  label_en: 2500 to under 2750 DM,
  value: 11,
  dataset: ship-start
}"
34741,Category,"{
  label_de: 800 bis unter 1000 DM,
  id: cat-ship-s0_sta82-4,
  label_en: 800 to under 1000 DM,
  value: 4,
  dataset: ship-start
}"
34742,Category,"{
  label_de: Keine Angabe,
  id: cat-ship-s0_sta82-99,
  label_en: Not specified,
  value: 99,
  dataset: ship-start
}"
34743,Category,"{
  label_de: 15000 und mehr,
  id: cat-ship-s0_sta82-22,
  label_en: 15000 and more,
  value: 22,
  dataset: ship-start
}"
34744,Category,"{
  label_de: 10000 bis unter 15000 DM,
  id: cat-ship-s0_sta82-21,
  label_en: 10000 to under 15000 DM,
  value: 21,
  dataset: ship-start
}"
34745,Category,"{
  label_de: 8000 bis unter 10000 DM,
  id: cat-ship-s0_sta82-20,
  label_en: 8000 to under 10000 DM,
  value: 20,
  dataset: ship-start
}"
34746,Category,"{
  label_de: 5000 bis unter 5500 DM,
  id: cat-ship-s0_sta82-17,
  label_en: 5000 to under 5500 DM,
  value: 17,
  dataset: ship-start
}"
34747,Category,"{
  label_de: 1750 bis unter 2000 DM,
  id: cat-ship-s0_sta82-8,
  label_en: 1750 to under 2000 DM,
  value: 8,
  dataset: ship-start
}"
34748,Category,"{
  label_de: 1500 bis unter 1750 DM,
  id: cat-ship-s0_sta82-7,
  label_en: 1500 to under 1750 DM,
  value: 7,
  dataset: ship-start
}"
34749,Category,"{
  label_de: 600 bis unter 800 DM,
  id: cat-ship-s0_sta82-3,
  label_en: 600 to under 800 DM,
  value: 3,
  dataset: ship-start
}"
34750,Category,"{
  id: cat-ship-s0_atc_b01ac06_s0-0,
  label_en: (0) No,
  value: 0,
  dataset: ship-start
}"
34751,Category,"{
  id: cat-ship-s0_atc_b01ac06_s0-1,
  label_en: (1) Yes,
  value: 1,
  dataset: ship-start
}"
34752,Category,"{
  id: cat-ship-s0_atc_c01da_s0-0,
  label_en: (0) No,
  value: 0,
  dataset: ship-start
}"
34753,Category,"{
  id: cat-ship-s0_atc_c01da_s0-1,
  label_en: (1) Yes,
  value: 1,
  dataset: ship-start
}"
34754,Category,"{
  label_de: beidseitig,
  id: cat-ship-s1_inv_f07e-3,
  label_en: both sides,
  value: 3,
  dataset: ship-start
}"
34755,Category,"{
  label_de: nur links,
  id: cat-ship-s1_inv_f07e-2,
  label_en: left only,
  value: 2,
  dataset: ship-start
}"
34756,Category,"{
  label_de: keine Angabe,
  id: cat-ship-s1_inv_f07e-997,
  label_en: not specified,
  value: 997,
  dataset: ship-start
}"
34757,Category,"{
  label_de: nichts,
  id: cat-ship-s1_inv_f07e-4,
  label_en: nothing,
  value: 4,
  dataset: ship-start
}"
34758,Category,"{
  label_de: nur rechts,
  id: cat-ship-s1_inv_f07e-1,
  label_en: only right,
  value: 1,
  dataset: ship-start
}"
34759,Category,"{
  label_de: Weiß nicht,
  id: cat-ship-s2_cvi_arz_09-9998,
  label_en: don’t know,
  value: 9998,
  dataset: ship-start
}"
34760,Category,"{
  label_de: Weiß nicht,
  id: cat-ship-s2_cvi_arz_09-998,
  label_en: dont know,
  value: 998,
  dataset: ship-start
}"
34761,Category,"{
  label_de: Verweigerung,
  id: cat-ship-s2_swb_nase-9,
  label_en: refused swab,
  value: 9,
  dataset: ship-start
}"
34762,Category,"{
  label_de: Ja,
  id: cat-ship-s2_swb_nase-1,
  label_en: Yes,
  value: 1,
  dataset: ship-start
}"
34763,Category,"{
  label_de: Nein,
  id: cat-ship-s2_swb_nase-0,
  label_en: No,
  value: 0,
  dataset: ship-start
}"
34764,Category,"{
  label_de: Nein,
  id: cat-ship-s2_mrt_allg_schw-0,
  label_en: No,
  value: 0,
  dataset: ship-start
}"
34765,Category,"{
  label_de: Ja,
  id: cat-ship-s2_mrt_allg_schw-1,
  label_en: Yes,
  value: 1,
  dataset: ship-start
}"
34766,Category,"{
  label_de: Weniger als 2 Wochen,
  id: cat-ship-s3_int_baq_020b-1,
  label_en: Less than 2 weeks,
  value: 1,
  dataset: ship-start
}"
34767,Category,"{
  label_de: 2 bis 3 Wochen,
  id: cat-ship-s3_int_baq_020b-2,
  label_en: 2 to 3 weeks,
  value: 2,
  dataset: ship-start
}"
34768,Category,"{
  label_de: Antwortverweigerung,
  id: cat-ship-s3_int_baq_020b-999,
  label_en: Refusal to answer,
  value: 999,
  dataset: ship-start
}"
34769,Category,"{
  label_de: Weiß nicht,
  id: cat-ship-s3_int_baq_020b-998,
  label_en: Don't know,
  value: 998,
  dataset: ship-start
}"
34770,Category,"{
  label_de: Mehr als 3 Wochen,
  id: cat-ship-s3_int_baq_020b-3,
  label_en: More than 3 weeks,
  value: 3,
  dataset: ship-start
}"
34771,Category,"{
  label_de: (J) erlaubter Sprung,
  id: cat-ship-sl_o74lb3-99983,
  label_en: (J) allowed jump,
  value: 99983,
  dataset: ship-start
}"
34772,Category,"{
  label_de: (999) Unbekannt,
  id: cat-ship-sl_o74lb3-999,
  label_en: (999) Unknown,
  value: 999,
  dataset: ship-start
}"
34773,Category,"{
  label_de: (1) Ja,
  id: cat-ship-sl_o74lb3-1,
  label_en: (1) Yes,
  value: 1,
  dataset: ship-start
}"
34774,Category,"{
  label_de: (888) Trifft nicht zu,
  id: cat-ship-sl_o74lb3-888,
  label_en: (888) Does not apply,
  value: 888,
  dataset: ship-start
}"
34775,Category,"{
  label_de: (777) Weiß nicht,
  id: cat-ship-sl_o74lb3-777,
  label_en: (777) Don't know,
  value: 777,
  dataset: ship-start
}"
34776,Category,"{
  label_de: (0) Nein,
  id: cat-ship-sl_o74lb3-0,
  label_en: (0) No,
  value: 0,
  dataset: ship-start
}"
34777,Category,"{
  label_de: (2) wenig,
  id: cat-ship-sl_a46sze-2,
  label_en: (2) little,
  value: 2,
  dataset: ship-start
}"
34778,Category,"{
  label_de: (J) erlaubter Sprung,
  id: cat-ship-sl_a46sze-99983,
  label_en: (J) allowed jump,
  value: 99983,
  dataset: ship-start
}"
34779,Category,"{
  label_de: (999) Unbekannt,
  id: cat-ship-sl_a46sze-999,
  label_en: (999) Unknown,
  value: 999,
  dataset: ship-start
}"
34780,Category,"{
  label_de: (888) Trifft nicht zu,
  id: cat-ship-sl_a46sze-888,
  label_en: (888) Does not apply,
  value: 888,
  dataset: ship-start
}"
34781,Category,"{
  label_de: (4) viel,
  id: cat-ship-sl_a46sze-4,
  label_en: (4) much,
  value: 4,
  dataset: ship-start
}"
34782,Category,"{
  label_de: (0) nicht erwünscht,
  id: cat-ship-sl_a46sze-0,
  label_en: (0) not desired,
  value: 0,
  dataset: ship-start
}"
34783,Category,"{
  label_de: (777) Weiß nicht,
  id: cat-ship-sl_a46sze-777,
  label_en: (777) Don't know,
  value: 777,
  dataset: ship-start
}"
34784,Category,"{
  label_de: (3) mäßig,
  id: cat-ship-sl_a46sze-3,
  label_en: (3) moderate,
  value: 3,
  dataset: ship-start
}"
34785,Category,"{
  label_de: (1) keine,
  id: cat-ship-sl_a46sze-1,
  label_en: (1) none,
  value: 1,
  dataset: ship-start
}"
34786,Category,"{
  label_de: (J) erlaubter Sprung,
  id: cat-ship-sl_a39a5j-99983,
  label_en: (J) jump allowed,
  value: 99983,
  dataset: ship-start
}"
34787,Category,"{
  label_de: (777) Weiß nicht,
  id: cat-ship-sl_a39a5j-777,
  label_en: (777) Don't know,
  value: 777,
  dataset: ship-start
}"
34788,Category,"{
  label_de: (999) Unbekannt,
  id: cat-ship-sl_a39a5j-999,
  label_en: (999) Unknown,
  value: 999,
  dataset: ship-start
}"
34789,Category,"{
  label_de: (888) Trifft nicht zu,
  id: cat-ship-sl_a39a5j-888,
  label_en: (888) Does not apply,
  value: 888,
  dataset: ship-start
}"
34790,Category,"{
  label_de: (J) erlaubter Sprung,
  id: cat-ship-sl_w53dsde-99983,
  label_en: (J) allowed jump,
  value: 99983,
  dataset: ship-start
}"
34791,Category,"{
  label_de: (999) Unbekannt,
  id: cat-ship-sl_w53dsde-999,
  label_en: (999) Unknown,
  value: 999,
  dataset: ship-start
}"
34792,Category,"{
  label_de: (1) Ja,
  id: cat-ship-sl_w53dsde-1,
  label_en: (1) Yes,
  value: 1,
  dataset: ship-start
}"
34793,Category,"{
  label_de: (888) Trifft nicht zu,
  id: cat-ship-sl_w53dsde-888,
  label_en: (888) Does not apply,
  value: 888,
  dataset: ship-start
}"
34794,Category,"{
  label_de: (777) Weiß nicht,
  id: cat-ship-sl_w53dsde-777,
  label_en: (777) Don't know,
  value: 777,
  dataset: ship-start
}"
34795,Category,"{
  label_de: (0) Nein,
  id: cat-ship-sl_w53dsde-0,
  label_en: (0) No,
  value: 0,
  dataset: ship-start
}"
34796,Category,"{
  label_de: (J) erlaubter Sprung,
  id: cat-ship-sl_g62apap-99983,
  label_en: (J) jump allowed,
  value: 99983,
  dataset: ship-start
}"
34797,Category,"{
  label_de: (777) Weiß nicht,
  id: cat-ship-sl_g62apap-777,
  label_en: (777) Don't know,
  value: 777,
  dataset: ship-start
}"
34798,Category,"{
  label_de: (999) Unbekannt,
  id: cat-ship-sl_g62apap-999,
  label_en: (999) Unknown,
  value: 999,
  dataset: ship-start
}"
34799,Category,"{
  label_de: (888) Trifft nicht zu,
  id: cat-ship-sl_g62apap-888,
  label_en: (888) Does not apply,
  value: 888,
  dataset: ship-start
}"
34800,Category,"{
  label_de: (3) neutral,
  id: cat-ship-sl_l33bdze-3,
  label_en: (3) neutral,
  value: 3,
  dataset: ship-start
}"
34801,Category,"{
  label_de: (2) positiv,
  id: cat-ship-sl_l33bdze-2,
  label_en: (2) positive,
  value: 2,
  dataset: ship-start
}"
34802,Category,"{
  label_de: (5) sehr negativ,
  id: cat-ship-sl_l33bdze-5,
  label_en: (5) very negative,
  value: 5,
  dataset: ship-start
}"
34803,Category,"{
  label_de: (J) erlaubter Sprung,
  id: cat-ship-sl_l33bdze-99983,
  label_en: (J) allowed jump,
  value: 99983,
  dataset: ship-start
}"
34804,Category,"{
  label_de: (999) Unbekannt,
  id: cat-ship-sl_l33bdze-999,
  label_en: (999) Unknown,
  value: 999,
  dataset: ship-start
}"
34805,Category,"{
  label_de: (4) negativ,
  id: cat-ship-sl_l33bdze-4,
  label_en: (4) negative,
  value: 4,
  dataset: ship-start
}"
34806,Category,"{
  label_de: (1) sehr positiv,
  id: cat-ship-sl_l33bdze-1,
  label_en: (1) very positive,
  value: 1,
  dataset: ship-start
}"
34807,Category,"{
  label_de: (888) Trifft nicht zu,
  id: cat-ship-sl_l33bdze-888,
  label_en: (888) Does not apply,
  value: 888,
  dataset: ship-start
}"
34808,Category,"{
  label_de: (777) Weiß nicht,
  id: cat-ship-sl_l33bdze-777,
  label_en: (777) Don't know,
  value: 777,
  dataset: ship-start
}"
34809,Category,"{
  label_de: (J) erlaubter Sprung,
  id: cat-ship-sl_d57d1nd-99983,
  label_en: (J) allowed jump,
  value: 99983,
  dataset: ship-start
}"
34810,Category,"{
  label_de: (999) Unbekannt,
  id: cat-ship-sl_d57d1nd-999,
  label_en: (999) Unknown,
  value: 999,
  dataset: ship-start
}"
34811,Category,"{
  label_de: (1) Ja,
  id: cat-ship-sl_d57d1nd-1,
  label_en: (1) Yes,
  value: 1,
  dataset: ship-start
}"
34812,Category,"{
  label_de: (888) Trifft nicht zu,
  id: cat-ship-sl_d57d1nd-888,
  label_en: (888) Does not apply,
  value: 888,
  dataset: ship-start
}"
34813,Category,"{
  label_de: (777) Weiß nicht,
  id: cat-ship-sl_d57d1nd-777,
  label_en: (777) Don't know,
  value: 777,
  dataset: ship-start
}"
34814,Category,"{
  label_de: (0) Nein,
  id: cat-ship-sl_d57d1nd-0,
  label_en: (0) No,
  value: 0,
  dataset: ship-start
}"
34815,Category,"{
  label_de: (6a) Alkoholerkrankung ambulant,
  id: cat-ship-sl_fa_gv3a-60,
  label_en: (6a) Alcoholism outpatient,
  value: 60,
  dataset: ship-start
}"
34816,Category,"{
  label_de: (4b) Depression stationär,
  id: cat-ship-sl_fa_gv3a-41,
  label_en: (4b) Depression inpatient,
  value: 41,
  dataset: ship-start
}"
34817,Category,"{
  label_de: (3b) Angsterkrankung stationär,
  id: cat-ship-sl_fa_gv3a-31,
  label_en: (3b) Anxiety disorder inpatient,
  value: 31,
  dataset: ship-start
}"
34818,Category,"{
  label_de: (2b) Bipolare Störung stationär,
  id: cat-ship-sl_fa_gv3a-21,
  label_en: (2b) Bipolar disorder inpatient,
  value: 21,
  dataset: ship-start
}"
34819,Category,"{
  label_de: (2a) Bipolare Störung ambulant,
  id: cat-ship-sl_fa_gv3a-20,
  label_en: (2a) Bipolar disorder outpatient,
  value: 20,
  dataset: ship-start
}"
34820,Category,"{
  label_de: (J) erlaubter Sprung,
  id: cat-ship-sl_fa_gv3a-99983,
  label_en: (J) allowed jump,
  value: 99983,
  dataset: ship-start
}"
34821,Category,"{
  label_de: (888) Unzutreffend,
  id: cat-ship-sl_fa_gv3a-888,
  label_en: (888) Not applicable,
  value: 888,
  dataset: ship-start
}"
34822,Category,"{
  label_de: (777) Weiß nicht,
  id: cat-ship-sl_fa_gv3a-777,
  label_en: (777) Don't know,
  value: 777,
  dataset: ship-start
}"
34823,Category,"{
  label_de: (4a) Depression ambulant,
  id: cat-ship-sl_fa_gv3a-40,
  label_en: (4a) Depression outpatient,
  value: 40,
  dataset: ship-start
}"
34824,Category,"{
  label_de: (1a) Schizophrenie ambulant,
  id: cat-ship-sl_fa_gv3a-10,
  label_en: (1a) Schizophrenia outpatient,
  value: 10,
  dataset: ship-start
}"
34825,Category,"{
  label_de: (5b) Zwangserkrankung stationär,
  id: cat-ship-sl_fa_gv3a-51,
  label_en: (5b) Obsessive-compulsive disorder inpatient,
  value: 51,
  dataset: ship-start
}"
34826,Category,"{
  label_de: (3a) Angsterkrankung ambulant,
  id: cat-ship-sl_fa_gv3a-30,
  label_en: (3a) Anxiety disorder outpatient,
  value: 30,
  dataset: ship-start
}"
34827,Category,"{
  label_de: (1b) Schizophrenie stationär,
  id: cat-ship-sl_fa_gv3a-11,
  label_en: (1b) Schizophrenia inpatient,
  value: 11,
  dataset: ship-start
}"
34828,Category,"{
  label_de: (999) Unbekannt,
  id: cat-ship-sl_fa_gv3a-999,
  label_en: (999) Unknown,
  value: 999,
  dataset: ship-start
}"
34829,Category,"{
  label_de: (8) Nicht kodierbar, aber psych. Erkrankung vorhanden,
  id: cat-ship-sl_fa_gv3a-8,
  label_en: (8) Not codable, but mental illness present,
  value: 8,
  dataset: ship-start
}"
34830,Category,"{
  label_de: (7b) Diagnose unbekannt stationär,
  id: cat-ship-sl_fa_gv3a-71,
  label_en: (7b) Diagnosis unknown inpatient,
  value: 71,
  dataset: ship-start
}"
34831,Category,"{
  label_de: (7a) Diagnose unbekannt ambulant,
  id: cat-ship-sl_fa_gv3a-70,
  label_en: (7a) Diagnosis unknown outpatient,
  value: 70,
  dataset: ship-start
}"
34832,Category,"{
  label_de: (6b) Alkoholerkrankung stationär,
  id: cat-ship-sl_fa_gv3a-61,
  label_en: (6b) Alcoholism inpatient,
  value: 61,
  dataset: ship-start
}"
34833,Category,"{
  label_de: (5a) Zwangserkrankung ambulant,
  id: cat-ship-sl_fa_gv3a-50,
  label_en: (5a) Obsessive-compulsive disorder outpatient,
  value: 50,
  dataset: ship-start
}"
34834,Category,"{
  label_de: (0) Keine weitere Erkrankung,
  id: cat-ship-sl_fa_gv3a-0,
  label_en: (0) No other disorder,
  value: 0,
  dataset: ship-start
}"
34835,Category,"{
  label_de: ja,
  id: cat-ship-s0_arthros2-1,
  label_en: yes,
  value: 1,
  dataset: ship-start
}"
34836,Category,"{
  label_de: Antwortverweigerung,
  id: cat-ship-s0_arthros2-9,
  label_en: Refusal to answer,
  value: 9,
  dataset: ship-start
}"
34837,Category,"{
  label_de: weiß nicht,
  id: cat-ship-s0_arthros2-8,
  label_en: do not know,
  value: 8,
  dataset: ship-start
}"
34838,Category,"{
  label_de: nein,
  id: cat-ship-s0_arthros2-2,
  label_en: no,
  value: 2,
  dataset: ship-start
}"
34839,Category,"{
  label_de: Ja,
  id: cat-ship-s0_verk301-1,
  label_en: Yes,
  value: 1,
  dataset: ship-start
}"
34840,Category,"{
  label_de: Keine Angabe,
  id: cat-ship-s0_verk301-9,
  label_en: Not available,
  value: 9,
  dataset: ship-start
}"
34841,Category,"{
  label_de: Nicht auswertbar,
  id: cat-ship-s0_verk301-8,
  label_en: Not evaluable,
  value: 8,
  dataset: ship-start
}"
34842,Category,"{
  label_de: Nein,
  id: cat-ship-s0_verk301-2,
  label_en: No,
  value: 2,
  dataset: ship-start
}"
34843,Category,"{
  label_de: Antwort verweigert,
  id: cat-ship-s2_geszahn-999,
  label_en: answer denied,
  value: 999,
  dataset: ship-start
}"
34844,Category,"{
  label_de: Schlecht,
  id: cat-ship-s2_geszahn-5,
  label_en: bad,
  value: 5,
  dataset: ship-start
}"
34845,Category,"{
  label_de: Weniger gut,
  id: cat-ship-s2_geszahn-4,
  label_en: suboptimal,
  value: 4,
  dataset: ship-start
}"
34846,Category,"{
  label_de: Zufrieden stellend,
  id: cat-ship-s2_geszahn-3,
  label_en: satisfying,
  value: 3,
  dataset: ship-start
}"
34847,Category,"{
  label_de: Sehr gut,
  id: cat-ship-s2_geszahn-1,
  label_en: very good,
  value: 1,
  dataset: ship-start
}"
34848,Category,"{
  label_de: Weiß nicht,
  id: cat-ship-s2_geszahn-998,
  label_en: no idea,
  value: 998,
  dataset: ship-start
}"
34849,Category,"{
  label_de: Gut,
  id: cat-ship-s2_geszahn-2,
  label_en: good,
  value: 2,
  dataset: ship-start
}"
34850,Category,"{
  label_de: Weiß nicht,
  id: cat-ship-s2_s2_inan_04a-998,
  label_en: do not know,
  value: 998,
  dataset: ship-start
}"
34851,Category,"{
  label_de: Antwortverweigerung,
  id: cat-ship-s2_s2_inan_04a-999,
  label_en: refused to answer,
  value: 999,
  dataset: ship-start
}"
34852,Category,"{
  label_de: Ja,
  id: cat-ship-s2_s2_inan_04a-1,
  label_en: Yes,
  value: 1,
  dataset: ship-start
}"
34853,Category,"{
  label_de: Nein,
  id: cat-ship-s2_s2_inan_04a-2,
  label_en: No,
  value: 2,
  dataset: ship-start
}"
34854,Category,"{
  label_de: Nein,
  id: cat-ship-s2_mrt_roehre_bild-0,
  label_en: No,
  value: 0,
  dataset: ship-start
}"
34855,Category,"{
  label_de: Ja,
  id: cat-ship-s2_mrt_roehre_bild-1,
  label_en: Yes,
  value: 1,
  dataset: ship-start
}"
34856,Category,"{
  label_de: Mäßig,
  id: cat-ship-s2_ges_bl_02-3,
  label_en: moderate,
  value: 3,
  dataset: ship-start
}"
34857,Category,"{
  label_de: Stark,
  id: cat-ship-s2_ges_bl_02-4,
  label_en: highly,
  value: 4,
  dataset: ship-start
}"
34858,Category,"{
  label_de: Kaum,
  id: cat-ship-s2_ges_bl_02-2,
  label_en: little,
  value: 2,
  dataset: ship-start
}"
34859,Category,"{
  label_de: Gar nicht,
  id: cat-ship-s2_ges_bl_02-1,
  label_en: none,
  value: 1,
  dataset: ship-start
}"
34860,Category,"{
  label_de: ja,
  id: cat-ship-s3_spi_bsnr_sonst-1,
  label_en: yes,
  value: 1,
  dataset: ship-start
}"
34861,Category,"{
  label_de: nein,
  id: cat-ship-s3_spi_bsnr_sonst-0,
  label_en: no,
  value: 0,
  dataset: ship-start
}"
34862,Category,"{
  label_de: Weiß nicht,
  id: cat-ship-s3_schmerz_11d-998,
  label_en: do not know,
  value: 998,
  dataset: ship-start
}"
34863,Category,"{
  label_de: Nein,
  id: cat-ship-s3_schmerz_11d-0,
  label_en: No,
  value: 0,
  dataset: ship-start
}"
34864,Category,"{
  label_de: Antwortverweigerung,
  id: cat-ship-s3_schmerz_11d-999,
  label_en: refused to answer,
  value: 999,
  dataset: ship-start
}"
34865,Category,"{
  label_de: Ja,
  id: cat-ship-s3_schmerz_11d-1,
  label_en: Yes,
  value: 1,
  dataset: ship-start
}"
34866,Category,"{
  label_de: Ja,
  id: cat-ship-s3_frs_mobil_ohngeh-1,
  label_en: Yes,
  value: 1,
  dataset: ship-start
}"
34867,Category,"{
  label_de: Nein,
  id: cat-ship-s3_frs_mobil_ohngeh-0,
  label_en: No,
  value: 0,
  dataset: ship-start
}"
34868,Category,"{
  label_de: nicht vorhanden,
  id: cat-ship-s4_mrt_adhoc_freq-2,
  label_en: not present,
  value: 2,
  dataset: ship-start
}"
34869,Category,"{
  label_de: vorhanden,
  id: cat-ship-s4_mrt_adhoc_freq-1,
  label_en: present,
  value: 1,
  dataset: ship-start
}"
34870,Category,"{
  label_de: (888) Trifft nicht zu,
  id: cat-ship-sl_s10lbw-888,
  label_en: (888) Does not apply,
  value: 888,
  dataset: ship-start
}"
34871,Category,"{
  label_de: (777) Weiß nicht,
  id: cat-ship-sl_s10lbw-777,
  label_en: (777) Don't know,
  value: 777,
  dataset: ship-start
}"
34872,Category,"{
  label_de: (999) Unbekannt,
  id: cat-ship-sl_s10lbw-999,
  label_en: (999) Unknown,
  value: 999,
  dataset: ship-start
}"
34873,Category,"{
  label_de: (02) 11-15,
  id: cat-ship-sl_s10lbw-2,
  label_en: (02) 11-15,
  value: 2,
  dataset: ship-start
}"
34874,Category,"{
  label_de: (J) erlaubter Sprung,
  id: cat-ship-sl_s10lbw-99983,
  label_en: (J) jump allowed,
  value: 99983,
  dataset: ship-start
}"
34875,Category,"{
  label_de: (03) 16-20,
  id: cat-ship-sl_s10lbw-3,
  label_en: (03) 16-20,
  value: 3,
  dataset: ship-start
}"
34876,Category,"{
  label_de: (01) 5-10,
  id: cat-ship-sl_s10lbw-1,
  label_en: (01) 5-10,
  value: 1,
  dataset: ship-start
}"
34877,Category,"{
  label_de: (J) erlaubter Sprung,
  id: cat-ship-sl_a38a1nd-99983,
  label_en: (J) jump allowed,
  value: 99983,
  dataset: ship-start
}"
34878,Category,"{
  label_de: (777) Weiß nicht,
  id: cat-ship-sl_a38a1nd-777,
  label_en: (777) Don't know,
  value: 777,
  dataset: ship-start
}"
34879,Category,"{
  label_de: (999) Unbekannt,
  id: cat-ship-sl_a38a1nd-999,
  label_en: (999) Unknown,
  value: 999,
  dataset: ship-start
}"
34880,Category,"{
  label_de: (888) Trifft nicht zu,
  id: cat-ship-sl_a38a1nd-888,
  label_en: (888) Does not apply,
  value: 888,
  dataset: ship-start
}"
34881,Category,"{
  label_de: (3) neutral,
  id: cat-ship-sl_b12bh1de-3,
  label_en: (3) neutral,
  value: 3,
  dataset: ship-start
}"
34882,Category,"{
  label_de: (2) positiv,
  id: cat-ship-sl_b12bh1de-2,
  label_en: (2) positive,
  value: 2,
  dataset: ship-start
}"
34883,Category,"{
  label_de: (5) sehr negativ,
  id: cat-ship-sl_b12bh1de-5,
  label_en: (5) very negative,
  value: 5,
  dataset: ship-start
}"
34884,Category,"{
  label_de: (J) erlaubter Sprung,
  id: cat-ship-sl_b12bh1de-99983,
  label_en: (J) allowed jump,
  value: 99983,
  dataset: ship-start
}"
34885,Category,"{
  label_de: (999) Unbekannt,
  id: cat-ship-sl_b12bh1de-999,
  label_en: (999) Unknown,
  value: 999,
  dataset: ship-start
}"
34886,Category,"{
  label_de: (4) negativ,
  id: cat-ship-sl_b12bh1de-4,
  label_en: (4) negative,
  value: 4,
  dataset: ship-start
}"
34887,Category,"{
  label_de: (1) sehr positiv,
  id: cat-ship-sl_b12bh1de-1,
  label_en: (1) very positive,
  value: 1,
  dataset: ship-start
}"
34888,Category,"{
  label_de: (888) Trifft nicht zu,
  id: cat-ship-sl_b12bh1de-888,
  label_en: (888) Does not apply,
  value: 888,
  dataset: ship-start
}"
34889,Category,"{
  label_de: (777) Weiß nicht,
  id: cat-ship-sl_b12bh1de-777,
  label_en: (777) Don't know,
  value: 777,
  dataset: ship-start
}"
34890,Category,"{
  label_de: (J) erlaubter Sprung,
  id: cat-ship-sl_w53dlt-99983,
  label_en: (J) allowed jump,
  value: 99983,
  dataset: ship-start
}"
34891,Category,"{
  label_de: (999) Unbekannt,
  id: cat-ship-sl_w53dlt-999,
  label_en: (999) Unknown,
  value: 999,
  dataset: ship-start
}"
34892,Category,"{
  label_de: (1) Ja,
  id: cat-ship-sl_w53dlt-1,
  label_en: (1) Yes,
  value: 1,
  dataset: ship-start
}"
34893,Category,"{
  label_de: (888) Trifft nicht zu,
  id: cat-ship-sl_w53dlt-888,
  label_en: (888) Does not apply,
  value: 888,
  dataset: ship-start
}"
34894,Category,"{
  label_de: (777) Weiß nicht,
  id: cat-ship-sl_w53dlt-777,
  label_en: (777) Don't know,
  value: 777,
  dataset: ship-start
}"
34895,Category,"{
  label_de: (0) Nein,
  id: cat-ship-sl_w53dlt-0,
  label_en: (0) No,
  value: 0,
  dataset: ship-start
}"
34896,Category,"{
  label_de: (3) neutral,
  id: cat-ship-sl_w53bh12-3,
  label_en: (3) neutral,
  value: 3,
  dataset: ship-start
}"
34897,Category,"{
  label_de: (2) positiv,
  id: cat-ship-sl_w53bh12-2,
  label_en: (2) positive,
  value: 2,
  dataset: ship-start
}"
34898,Category,"{
  label_de: (5) sehr negativ,
  id: cat-ship-sl_w53bh12-5,
  label_en: (5) very negative,
  value: 5,
  dataset: ship-start
}"
34899,Category,"{
  label_de: (J) erlaubter Sprung,
  id: cat-ship-sl_w53bh12-99983,
  label_en: (J) allowed jump,
  value: 99983,
  dataset: ship-start
}"
34900,Category,"{
  label_de: (999) Unbekannt,
  id: cat-ship-sl_w53bh12-999,
  label_en: (999) Unknown,
  value: 999,
  dataset: ship-start
}"
34901,Category,"{
  label_de: (4) negativ,
  id: cat-ship-sl_w53bh12-4,
  label_en: (4) negative,
  value: 4,
  dataset: ship-start
}"
34902,Category,"{
  label_de: (1) sehr positiv,
  id: cat-ship-sl_w53bh12-1,
  label_en: (1) very positive,
  value: 1,
  dataset: ship-start
}"
34903,Category,"{
  label_de: (888) Trifft nicht zu,
  id: cat-ship-sl_w53bh12-888,
  label_en: (888) Does not apply,
  value: 888,
  dataset: ship-start
}"
34904,Category,"{
  label_de: (777) Weiß nicht,
  id: cat-ship-sl_w53bh12-777,
  label_en: (777) Don't know,
  value: 777,
  dataset: ship-start
}"
34905,Category,"{
  label_de: (J) erlaubter Sprung,
  id: cat-ship-sl_k22lb5-99983,
  label_en: (J) allowed jump,
  value: 99983,
  dataset: ship-start
}"
34906,Category,"{
  label_de: (999) Unbekannt,
  id: cat-ship-sl_k22lb5-999,
  label_en: (999) Unknown,
  value: 999,
  dataset: ship-start
}"
34907,Category,"{
  label_de: (1) Ja,
  id: cat-ship-sl_k22lb5-1,
  label_en: (1) Yes,
  value: 1,
  dataset: ship-start
}"
34908,Category,"{
  label_de: (888) Trifft nicht zu,
  id: cat-ship-sl_k22lb5-888,
  label_en: (888) Does not apply,
  value: 888,
  dataset: ship-start
}"
34909,Category,"{
  label_de: (777) Weiß nicht,
  id: cat-ship-sl_k22lb5-777,
  label_en: (777) Don't know,
  value: 777,
  dataset: ship-start
}"
34910,Category,"{
  label_de: (0) Nein,
  id: cat-ship-sl_k22lb5-0,
  label_en: (0) No,
  value: 0,
  dataset: ship-start
}"
34911,Category,"{
  label_de: (J) erlaubter Sprung,
  id: cat-ship-sl_k22a12-99983,
  label_en: (J) jump allowed,
  value: 99983,
  dataset: ship-start
}"
34912,Category,"{
  label_de: (777) Weiß nicht,
  id: cat-ship-sl_k22a12-777,
  label_en: (777) Don't know,
  value: 777,
  dataset: ship-start
}"
34913,Category,"{
  label_de: (999) Unbekannt,
  id: cat-ship-sl_k22a12-999,
  label_en: (999) Unknown,
  value: 999,
  dataset: ship-start
}"
34914,Category,"{
  label_de: (888) Trifft nicht zu,
  id: cat-ship-sl_k22a12-888,
  label_en: (888) Does not apply,
  value: 888,
  dataset: ship-start
}"
34915,Category,"{
  label_de: (2) Meistens,
  id: cat-ship-sl_sf12_10-2,
  label_en: (2) Most of the time,
  value: 2,
  dataset: ship-start
}"
34916,Category,"{
  label_de: (888) Trifft nicht zu,
  id: cat-ship-sl_sf12_10-888,
  label_en: (888) Does not apply,
  value: 888,
  dataset: ship-start
}"
34917,Category,"{
  label_de: (3) Ziemlich oft,
  id: cat-ship-sl_sf12_10-3,
  label_en: (3) Quite often,
  value: 3,
  dataset: ship-start
}"
34918,Category,"{
  label_de: (1) Immer,
  id: cat-ship-sl_sf12_10-1,
  label_en: (1) Always,
  value: 1,
  dataset: ship-start
}"
34919,Category,"{
  label_de: (J) erlaubter Sprung,
  id: cat-ship-sl_sf12_10-99983,
  label_en: (J) jump allowed,
  value: 99983,
  dataset: ship-start
}"
34920,Category,"{
  label_de: (999) Unbekannt,
  id: cat-ship-sl_sf12_10-999,
  label_en: (999) Unknown,
  value: 999,
  dataset: ship-start
}"
34921,Category,"{
  label_de: (777) Weiß nicht,
  id: cat-ship-sl_sf12_10-777,
  label_en: (777) Don't know,
  value: 777,
  dataset: ship-start
}"
34922,Category,"{
  label_de: (6) Nie,
  id: cat-ship-sl_sf12_10-6,
  label_en: (6) Never,
  value: 6,
  dataset: ship-start
}"
34923,Category,"{
  label_de: (5) Selten,
  id: cat-ship-sl_sf12_10-5,
  label_en: (5) Rarely,
  value: 5,
  dataset: ship-start
}"
34924,Category,"{
  label_de: (4) Manchmal,
  id: cat-ship-sl_sf12_10-4,
  label_en: (4) Sometimes,
  value: 4,
  dataset: ship-start
}"
34925,Category,"{
  label_de: ja,
  id: cat-ship-s0_enge-1,
  label_en: yes,
  value: 1,
  dataset: ship-start
}"
34926,Category,"{
  label_de: Antwortverweigerung,
  id: cat-ship-s0_enge-9,
  label_en: Refusal to answer,
  value: 9,
  dataset: ship-start
}"
34927,Category,"{
  label_de: weiß nicht,
  id: cat-ship-s0_enge-8,
  label_en: do not know,
  value: 8,
  dataset: ship-start
}"
34928,Category,"{
  label_de: nein,
  id: cat-ship-s0_enge-2,
  label_en: no,
  value: 2,
  dataset: ship-start
}"
34929,Category,"{
  label_de: ja,
  id: cat-ship-s0_krebs2-1,
  label_en: yes,
  value: 1,
  dataset: ship-start
}"
34930,Category,"{
  label_de: Antwortverweigerung,
  id: cat-ship-s0_krebs2-9,
  label_en: Refusal to answer,
  value: 9,
  dataset: ship-start
}"
34931,Category,"{
  label_de: weiß nicht,
  id: cat-ship-s0_krebs2-8,
  label_en: do not know,
  value: 8,
  dataset: ship-start
}"
34932,Category,"{
  label_de: nein,
  id: cat-ship-s0_krebs2-2,
  label_en: no,
  value: 2,
  dataset: ship-start
}"
34933,Category,"{
  label_de: Krankenkasse bezahlt,
  id: cat-ship-s0_oberf3-2,
  label_en: health insurance paid,
  value: 2,
  dataset: ship-start
}"
34934,Category,"{
  label_de: privat bezahlt,
  id: cat-ship-s0_oberf3-1,
  label_en: private paid,
  value: 1,
  dataset: ship-start
}"
34935,Category,"{
  label_de: Antwortverweigerung,
  id: cat-ship-s0_oberf3-9,
  label_en: refusal to answer,
  value: 9,
  dataset: ship-start
}"
34936,Category,"{
  label_de: weiß nicht,
  id: cat-ship-s0_oberf3-8,
  label_en: do not know,
  value: 8,
  dataset: ship-start
}"
34937,Category,"{
  label_de: privat und kk bezahlt,
  id: cat-ship-s0_oberf3-3,
  label_en: private and kk paid,
  value: 3,
  dataset: ship-start
}"
34938,Category,"{
  label_de: beidseitig,
  id: cat-ship-s1_inv_f07f-3,
  label_en: both sides,
  value: 3,
  dataset: ship-start
}"
34939,Category,"{
  label_de: nur links,
  id: cat-ship-s1_inv_f07f-2,
  label_en: left only,
  value: 2,
  dataset: ship-start
}"
34940,Category,"{
  label_de: keine Angabe,
  id: cat-ship-s1_inv_f07f-997,
  label_en: not specified,
  value: 997,
  dataset: ship-start
}"
34941,Category,"{
  label_de: nichts,
  id: cat-ship-s1_inv_f07f-4,
  label_en: nothing,
  value: 4,
  dataset: ship-start
}"
34942,Category,"{
  label_de: nur rechts,
  id: cat-ship-s1_inv_f07f-1,
  label_en: only right,
  value: 1,
  dataset: ship-start
}"
34943,Category,"{
  label_de: Weiß nicht,
  id: cat-ship-s1_ina2_30f-998,
  label_en: Does not know,
  value: 998,
  dataset: ship-start
}"
34944,Category,"{
  label_de: Trifft nicht zu,
  id: cat-ship-s1_ina2_30f-997,
  label_en: Does not apply,
  value: 997,
  dataset: ship-start
}"
34945,Category,"{
  label_de: Antwortverweigerung,
  id: cat-ship-s1_ina2_30f-999,
  label_en: Refused to answer,
  value: 999,
  dataset: ship-start
}"
34946,Category,"{
  label_de: Beide,
  id: cat-ship-s2_vmbparo-3,
  label_en: both, father and mother,
  value: 3,
  dataset: ship-start
}"
34947,Category,"{
  label_de: Mutter,
  id: cat-ship-s2_vmbparo-2,
  label_en: mother,
  value: 2,
  dataset: ship-start
}"
34948,Category,"{
  label_de: Vater,
  id: cat-ship-s2_vmbparo-1,
  label_en: father,
  value: 1,
  dataset: ship-start
}"
34949,Category,"{
  label_de: Weiß nicht,
  id: cat-ship-s2_s2_inan_04g-998,
  label_en: do not know,
  value: 998,
  dataset: ship-start
}"
34950,Category,"{
  label_de: Antwortverweigerung,
  id: cat-ship-s2_s2_inan_04g-999,
  label_en: refused to answer,
  value: 999,
  dataset: ship-start
}"
34951,Category,"{
  label_de: Ja,
  id: cat-ship-s2_s2_inan_04g-1,
  label_en: Yes,
  value: 1,
  dataset: ship-start
}"
34952,Category,"{
  label_de: Nein,
  id: cat-ship-s2_s2_inan_04g-2,
  label_en: No,
  value: 2,
  dataset: ship-start
}"
34953,Category,"{
  label_de: Antwortverweigerung,
  id: cat-ship-s2_s2_inan_04j-9999,
  label_en: non-response (datetime),
  value: 9999,
  dataset: ship-start
}"
34954,Category,"{
  label_de: Weiß nicht,
  id: cat-ship-s2_s2_inan_04j-9998,
  label_en: I don't know (datetime),
  value: 9998,
  dataset: ship-start
}"
34955,Category,"{
  label_de: Messung nicht möglich,
  id: cat-ship-s2_s2_inan_04j-996,
  label_en: measurement not done,
  value: 996,
  dataset: ship-start
}"
34956,Category,"{
  label_de: Antwortverweigerung,
  id: cat-ship-s2_s2_inan_04j-999,
  label_en: non-response,
  value: 999,
  dataset: ship-start
}"
34957,Category,"{
  label_de: Nicht zutreffend,
  id: cat-ship-s2_s2_inan_04j-997,
  label_en: does not apply,
  value: 997,
  dataset: ship-start
}"
34958,Category,"{
  label_de: Weiß nicht,
  id: cat-ship-s2_s2_inan_04j-998,
  label_en: I don't know,
  value: 998,
  dataset: ship-start
}"
34959,Category,"{
  label_de: echoarm, teils kalzifiziert,
  id: cat-ship-s2_bifurkation_li_morph-6,
  label_en: hypoechoic, partly calcified,
  value: 6,
  dataset: ship-start
}"
34960,Category,"{
  label_de: echoarm,
  id: cat-ship-s2_bifurkation_li_morph-5,
  label_en: hypoechoic,
  value: 5,
  dataset: ship-start
}"
34961,Category,"{
  label_de: echoreich, inhomogen, teils kalzifiziert,
  id: cat-ship-s2_bifurkation_li_morph-4,
  label_en: hyperechoic, inhomogeneous, partly calcified,
  value: 4,
  dataset: ship-start
}"
34962,Category,"{
  label_de: echoreich, inhomogen,
  id: cat-ship-s2_bifurkation_li_morph-3,
  label_en: hyperechoic, inhomogeneous,
  value: 3,
  dataset: ship-start
}"
34963,Category,"{
  label_de: echoreich,
  id: cat-ship-s2_bifurkation_li_morph-1,
  label_en: hyperechoic,
  value: 1,
  dataset: ship-start
}"
34964,Category,"{
  label_de: echoreich und echoarm,
  id: cat-ship-s2_bifurkation_li_morph-7,
  label_en: hyperechoic and hypoechoic,
  value: 7,
  dataset: ship-start
}"
34965,Category,"{
  label_de: echoreich, teils kalzifiziert,
  id: cat-ship-s2_bifurkation_li_morph-2,
  label_en: hyperechoic, partly calcified,
  value: 2,
  dataset: ship-start
}"
34966,Category,"{
  label_de: Nein,
  id: cat-ship-s2_mrt_wirb_schhwk45-0,
  label_en: No,
  value: 0,
  dataset: ship-start
}"
34967,Category,"{
  label_de: Ja,
  id: cat-ship-s2_mrt_wirb_schhwk45-1,
  label_en: Yes,
  value: 1,
  dataset: ship-start
}"
34968,Category,"{
  label_de: kein Feld angekreuzt,
  id: cat-ship-s2_frs_alltag_events-9,
  label_en: no fields marked/no boxes checked,
  value: 9,
  dataset: ship-start
}"
34969,Category,"{
  label_de: oft,
  id: cat-ship-s2_frs_alltag_events-1,
  label_en: often,
  value: 1,
  dataset: ship-start
}"
34970,Category,"{
  label_de: nie,
  id: cat-ship-s2_frs_alltag_events-3,
  label_en: never,
  value: 3,
  dataset: ship-start
}"
34971,Category,"{
  label_de: manchmal,
  id: cat-ship-s2_frs_alltag_events-2,
  label_en: sometimes,
  value: 2,
  dataset: ship-start
}"
34972,Category,"{
  label_de: Weniger als 2 Wochen,
  id: cat-ship-s3_int_baq_030b-1,
  label_en: Less than 2 weeks,
  value: 1,
  dataset: ship-start
}"
34973,Category,"{
  label_de: 2 bis 3 Wochen,
  id: cat-ship-s3_int_baq_030b-2,
  label_en: 2 to 3 weeks,
  value: 2,
  dataset: ship-start
}"
34974,Category,"{
  label_de: Antwortverweigerung,
  id: cat-ship-s3_int_baq_030b-999,
  label_en: Refusal to answer,
  value: 999,
  dataset: ship-start
}"
34975,Category,"{
  label_de: Weiß nicht,
  id: cat-ship-s3_int_baq_030b-998,
  label_en: Don't know,
  value: 998,
  dataset: ship-start
}"
34976,Category,"{
  label_de: Mehr als 3 Wochen,
  id: cat-ship-s3_int_baq_030b-3,
  label_en: More than 3 weeks,
  value: 3,
  dataset: ship-start
}"
34977,Category,"{
  label_de: (3) neutral,
  id: cat-ship-sl_l33bd12-3,
  label_en: (3) neutral,
  value: 3,
  dataset: ship-start
}"
34978,Category,"{
  label_de: (2) positiv,
  id: cat-ship-sl_l33bd12-2,
  label_en: (2) positive,
  value: 2,
  dataset: ship-start
}"
34979,Category,"{
  label_de: (5) sehr negativ,
  id: cat-ship-sl_l33bd12-5,
  label_en: (5) very negative,
  value: 5,
  dataset: ship-start
}"
34980,Category,"{
  label_de: (J) erlaubter Sprung,
  id: cat-ship-sl_l33bd12-99983,
  label_en: (J) allowed jump,
  value: 99983,
  dataset: ship-start
}"
34981,Category,"{
  label_de: (999) Unbekannt,
  id: cat-ship-sl_l33bd12-999,
  label_en: (999) Unknown,
  value: 999,
  dataset: ship-start
}"
34982,Category,"{
  label_de: (4) negativ,
  id: cat-ship-sl_l33bd12-4,
  label_en: (4) negative,
  value: 4,
  dataset: ship-start
}"
34983,Category,"{
  label_de: (1) sehr positiv,
  id: cat-ship-sl_l33bd12-1,
  label_en: (1) very positive,
  value: 1,
  dataset: ship-start
}"
34984,Category,"{
  label_de: (888) Trifft nicht zu,
  id: cat-ship-sl_l33bd12-888,
  label_en: (888) Does not apply,
  value: 888,
  dataset: ship-start
}"
34985,Category,"{
  label_de: (777) Weiß nicht,
  id: cat-ship-sl_l33bd12-777,
  label_en: (777) Don't know,
  value: 777,
  dataset: ship-start
}"
34986,Category,"{
  label_de: (2) wenig,
  id: cat-ship-sl_b17sze-2,
  label_en: (2) little,
  value: 2,
  dataset: ship-start
}"
34987,Category,"{
  label_de: (J) erlaubter Sprung,
  id: cat-ship-sl_b17sze-99983,
  label_en: (J) allowed jump,
  value: 99983,
  dataset: ship-start
}"
34988,Category,"{
  label_de: (999) Unbekannt,
  id: cat-ship-sl_b17sze-999,
  label_en: (999) Unknown,
  value: 999,
  dataset: ship-start
}"
34989,Category,"{
  label_de: (888) Trifft nicht zu,
  id: cat-ship-sl_b17sze-888,
  label_en: (888) Does not apply,
  value: 888,
  dataset: ship-start
}"
34990,Category,"{
  label_de: (4) viel,
  id: cat-ship-sl_b17sze-4,
  label_en: (4) much,
  value: 4,
  dataset: ship-start
}"
34991,Category,"{
  label_de: (0) nicht erwünscht,
  id: cat-ship-sl_b17sze-0,
  label_en: (0) not desired,
  value: 0,
  dataset: ship-start
}"
34992,Category,"{
  label_de: (777) Weiß nicht,
  id: cat-ship-sl_b17sze-777,
  label_en: (777) Don't know,
  value: 777,
  dataset: ship-start
}"
34993,Category,"{
  label_de: (3) mäßig,
  id: cat-ship-sl_b17sze-3,
  label_en: (3) moderate,
  value: 3,
  dataset: ship-start
}"
34994,Category,"{
  label_de: (1) keine,
  id: cat-ship-sl_b17sze-1,
  label_en: (1) none,
  value: 1,
  dataset: ship-start
}"
34995,Category,"{
  label_de: (3) neutral,
  id: cat-ship-sl_a47bhlt-3,
  label_en: (3) neutral,
  value: 3,
  dataset: ship-start
}"
34996,Category,"{
  label_de: (2) positiv,
  id: cat-ship-sl_a47bhlt-2,
  label_en: (2) positive,
  value: 2,
  dataset: ship-start
}"
34997,Category,"{
  label_de: (5) sehr negativ,
  id: cat-ship-sl_a47bhlt-5,
  label_en: (5) very negative,
  value: 5,
  dataset: ship-start
}"
34998,Category,"{
  label_de: (J) erlaubter Sprung,
  id: cat-ship-sl_a47bhlt-99983,
  label_en: (J) allowed jump,
  value: 99983,
  dataset: ship-start
}"
34999,Category,"{
  label_de: (999) Unbekannt,
  id: cat-ship-sl_a47bhlt-999,
  label_en: (999) Unknown,
  value: 999,
  dataset: ship-start
}"
35000,Category,"{
  label_de: (4) negativ,
  id: cat-ship-sl_a47bhlt-4,
  label_en: (4) negative,
  value: 4,
  dataset: ship-start
}"
35001,Category,"{
  label_de: (1) sehr positiv,
  id: cat-ship-sl_a47bhlt-1,
  label_en: (1) very positive,
  value: 1,
  dataset: ship-start
}"
35002,Category,"{
  label_de: (888) Trifft nicht zu,
  id: cat-ship-sl_a47bhlt-888,
  label_en: (888) Does not apply,
  value: 888,
  dataset: ship-start
}"
35003,Category,"{
  label_de: (777) Weiß nicht,
  id: cat-ship-sl_a47bhlt-777,
  label_en: (777) Don't know,
  value: 777,
  dataset: ship-start
}"
35004,Category,"{
  label_de: (3) neutral,
  id: cat-ship-sl_a48bd5j-3,
  label_en: (3) neutral,
  value: 3,
  dataset: ship-start
}"
35005,Category,"{
  label_de: (2) positiv,
  id: cat-ship-sl_a48bd5j-2,
  label_en: (2) positive,
  value: 2,
  dataset: ship-start
}"
35006,Category,"{
  label_de: (5) sehr negativ,
  id: cat-ship-sl_a48bd5j-5,
  label_en: (5) very negative,
  value: 5,
  dataset: ship-start
}"
35007,Category,"{
  label_de: (J) erlaubter Sprung,
  id: cat-ship-sl_a48bd5j-99983,
  label_en: (J) allowed jump,
  value: 99983,
  dataset: ship-start
}"
35008,Category,"{
  label_de: (999) Unbekannt,
  id: cat-ship-sl_a48bd5j-999,
  label_en: (999) Unknown,
  value: 999,
  dataset: ship-start
}"
35009,Category,"{
  label_de: (4) negativ,
  id: cat-ship-sl_a48bd5j-4,
  label_en: (4) negative,
  value: 4,
  dataset: ship-start
}"
35010,Category,"{
  label_de: (1) sehr positiv,
  id: cat-ship-sl_a48bd5j-1,
  label_en: (1) very positive,
  value: 1,
  dataset: ship-start
}"
35011,Category,"{
  label_de: (888) Trifft nicht zu,
  id: cat-ship-sl_a48bd5j-888,
  label_en: (888) Does not apply,
  value: 888,
  dataset: ship-start
}"
35012,Category,"{
  label_de: (777) Weiß nicht,
  id: cat-ship-sl_a48bd5j-777,
  label_en: (777) Don't know,
  value: 777,
  dataset: ship-start
}"
35013,Category,"{
  label_de: (J) erlaubter Sprung,
  id: cat-ship-sl_a38asde-99983,
  label_en: (J) jump allowed,
  value: 99983,
  dataset: ship-start
}"
35014,Category,"{
  label_de: (777) Weiß nicht,
  id: cat-ship-sl_a38asde-777,
  label_en: (777) Don't know,
  value: 777,
  dataset: ship-start
}"
35015,Category,"{
  label_de: (999) Unbekannt,
  id: cat-ship-sl_a38asde-999,
  label_en: (999) Unknown,
  value: 999,
  dataset: ship-start
}"
35016,Category,"{
  label_de: (888) Trifft nicht zu,
  id: cat-ship-sl_a38asde-888,
  label_en: (888) Does not apply,
  value: 888,
  dataset: ship-start
}"
35017,Category,"{
  label_de: (3) neutral,
  id: cat-ship-sl_l30bhpam-3,
  label_en: (3) neutral,
  value: 3,
  dataset: ship-start
}"
35018,Category,"{
  label_de: (2) positiv,
  id: cat-ship-sl_l30bhpam-2,
  label_en: (2) positive,
  value: 2,
  dataset: ship-start
}"
35019,Category,"{
  label_de: (5) sehr negativ,
  id: cat-ship-sl_l30bhpam-5,
  label_en: (5) very negative,
  value: 5,
  dataset: ship-start
}"
35020,Category,"{
  label_de: (J) erlaubter Sprung,
  id: cat-ship-sl_l30bhpam-99983,
  label_en: (J) allowed jump,
  value: 99983,
  dataset: ship-start
}"
35021,Category,"{
  label_de: (999) Unbekannt,
  id: cat-ship-sl_l30bhpam-999,
  label_en: (999) Unknown,
  value: 999,
  dataset: ship-start
}"
35022,Category,"{
  label_de: (4) negativ,
  id: cat-ship-sl_l30bhpam-4,
  label_en: (4) negative,
  value: 4,
  dataset: ship-start
}"
35023,Category,"{
  label_de: (1) sehr positiv,
  id: cat-ship-sl_l30bhpam-1,
  label_en: (1) very positive,
  value: 1,
  dataset: ship-start
}"
35024,Category,"{
  label_de: (888) Trifft nicht zu,
  id: cat-ship-sl_l30bhpam-888,
  label_en: (888) Does not apply,
  value: 888,
  dataset: ship-start
}"
35025,Category,"{
  label_de: (777) Weiß nicht,
  id: cat-ship-sl_l30bhpam-777,
  label_en: (777) Don't know,
  value: 777,
  dataset: ship-start
}"
35026,Category,"{
  label_de: (3) neutral,
  id: cat-ship-sl_b13bd1nd-3,
  label_en: (3) neutral,
  value: 3,
  dataset: ship-start
}"
35027,Category,"{
  label_de: (2) positiv,
  id: cat-ship-sl_b13bd1nd-2,
  label_en: (2) positive,
  value: 2,
  dataset: ship-start
}"
35028,Category,"{
  label_de: (5) sehr negativ,
  id: cat-ship-sl_b13bd1nd-5,
  label_en: (5) very negative,
  value: 5,
  dataset: ship-start
}"
35029,Category,"{
  label_de: (J) erlaubter Sprung,
  id: cat-ship-sl_b13bd1nd-99983,
  label_en: (J) allowed jump,
  value: 99983,
  dataset: ship-start
}"
35030,Category,"{
  label_de: (999) Unbekannt,
  id: cat-ship-sl_b13bd1nd-999,
  label_en: (999) Unknown,
  value: 999,
  dataset: ship-start
}"
35031,Category,"{
  label_de: (4) negativ,
  id: cat-ship-sl_b13bd1nd-4,
  label_en: (4) negative,
  value: 4,
  dataset: ship-start
}"
35032,Category,"{
  label_de: (1) sehr positiv,
  id: cat-ship-sl_b13bd1nd-1,
  label_en: (1) very positive,
  value: 1,
  dataset: ship-start
}"
35033,Category,"{
  label_de: (888) Trifft nicht zu,
  id: cat-ship-sl_b13bd1nd-888,
  label_en: (888) Does not apply,
  value: 888,
  dataset: ship-start
}"
35034,Category,"{
  label_de: (777) Weiß nicht,
  id: cat-ship-sl_b13bd1nd-777,
  label_en: (777) Don't know,
  value: 777,
  dataset: ship-start
}"
35035,Category,"{
  label_de: (3) neutral,
  id: cat-ship-sl_k21bh12-3,
  label_en: (3) neutral,
  value: 3,
  dataset: ship-start
}"
35036,Category,"{
  label_de: (2) positiv,
  id: cat-ship-sl_k21bh12-2,
  label_en: (2) positive,
  value: 2,
  dataset: ship-start
}"
35037,Category,"{
  label_de: (5) sehr negativ,
  id: cat-ship-sl_k21bh12-5,
  label_en: (5) very negative,
  value: 5,
  dataset: ship-start
}"
35038,Category,"{
  label_de: (J) erlaubter Sprung,
  id: cat-ship-sl_k21bh12-99983,
  label_en: (J) allowed jump,
  value: 99983,
  dataset: ship-start
}"
35039,Category,"{
  label_de: (999) Unbekannt,
  id: cat-ship-sl_k21bh12-999,
  label_en: (999) Unknown,
  value: 999,
  dataset: ship-start
}"
35040,Category,"{
  label_de: (4) negativ,
  id: cat-ship-sl_k21bh12-4,
  label_en: (4) negative,
  value: 4,
  dataset: ship-start
}"
35041,Category,"{
  label_de: (1) sehr positiv,
  id: cat-ship-sl_k21bh12-1,
  label_en: (1) very positive,
  value: 1,
  dataset: ship-start
}"
35042,Category,"{
  label_de: (888) Trifft nicht zu,
  id: cat-ship-sl_k21bh12-888,
  label_en: (888) Does not apply,
  value: 888,
  dataset: ship-start
}"
35043,Category,"{
  label_de: (777) Weiß nicht,
  id: cat-ship-sl_k21bh12-777,
  label_en: (777) Don't know,
  value: 777,
  dataset: ship-start
}"
35044,Category,"{
  label_de: (3) neutral,
  id: cat-ship-sl_d58bhze-3,
  label_en: (3) neutral,
  value: 3,
  dataset: ship-start
}"
35045,Category,"{
  label_de: (2) positiv,
  id: cat-ship-sl_d58bhze-2,
  label_en: (2) positive,
  value: 2,
  dataset: ship-start
}"
35046,Category,"{
  label_de: (5) sehr negativ,
  id: cat-ship-sl_d58bhze-5,
  label_en: (5) very negative,
  value: 5,
  dataset: ship-start
}"
35047,Category,"{
  label_de: (J) erlaubter Sprung,
  id: cat-ship-sl_d58bhze-99983,
  label_en: (J) allowed jump,
  value: 99983,
  dataset: ship-start
}"
35048,Category,"{
  label_de: (999) Unbekannt,
  id: cat-ship-sl_d58bhze-999,
  label_en: (999) Unknown,
  value: 999,
  dataset: ship-start
}"
35049,Category,"{
  label_de: (4) negativ,
  id: cat-ship-sl_d58bhze-4,
  label_en: (4) negative,
  value: 4,
  dataset: ship-start
}"
35050,Category,"{
  label_de: (1) sehr positiv,
  id: cat-ship-sl_d58bhze-1,
  label_en: (1) very positive,
  value: 1,
  dataset: ship-start
}"
35051,Category,"{
  label_de: (888) Trifft nicht zu,
  id: cat-ship-sl_d58bhze-888,
  label_en: (888) Does not apply,
  value: 888,
  dataset: ship-start
}"
35052,Category,"{
  label_de: (777) Weiß nicht,
  id: cat-ship-sl_d58bhze-777,
  label_en: (777) Don't know,
  value: 777,
  dataset: ship-start
}"
35053,Category,"{
  label_de: (999) Unbekannt,
  id: cat-ship-sl_kfb3-999,
  label_en: (999) Unknown,
  value: 999,
  dataset: ship-start
}"
35054,Category,"{
  label_de: (5) trifft genau zu,
  id: cat-ship-sl_kfb3-5,
  label_en: (5) Applies exactly,
  value: 5,
  dataset: ship-start
}"
35055,Category,"{
  label_de: (3),
  id: cat-ship-sl_kfb3-3,
  label_en: -3,
  value: 3,
  dataset: ship-start
}"
35056,Category,"{
  label_de: (2),
  id: cat-ship-sl_kfb3-2,
  label_en: -2,
  value: 2,
  dataset: ship-start
}"
35057,Category,"{
  label_de: (J) erlaubter Sprung,
  id: cat-ship-sl_kfb3-99983,
  label_en: (J) allowed jump,
  value: 99983,
  dataset: ship-start
}"
35058,Category,"{
  label_de: (777) Weiß nicht,
  id: cat-ship-sl_kfb3-777,
  label_en: (777) Don't know,
  value: 777,
  dataset: ship-start
}"
35059,Category,"{
  label_de: (1),
  id: cat-ship-sl_kfb3-1,
  label_en: -1,
  value: 1,
  dataset: ship-start
}"
35060,Category,"{
  label_de: (0) trifft gar nicht zu,
  id: cat-ship-sl_kfb3-0,
  label_en: (0) does not apply at all,
  value: 0,
  dataset: ship-start
}"
35061,Category,"{
  label_de: (4),
  id: cat-ship-sl_kfb3-4,
  label_en: -4,
  value: 4,
  dataset: ship-start
}"
35062,Category,"{
  label_de: beidseitig,
  id: cat-ship-s1_inv_f09d-3,
  label_en: both sides,
  value: 3,
  dataset: ship-start
}"
35063,Category,"{
  label_de: nur links,
  id: cat-ship-s1_inv_f09d-2,
  label_en: left only,
  value: 2,
  dataset: ship-start
}"
35064,Category,"{
  label_de: keine Angabe,
  id: cat-ship-s1_inv_f09d-997,
  label_en: not specified,
  value: 997,
  dataset: ship-start
}"
35065,Category,"{
  label_de: nichts,
  id: cat-ship-s1_inv_f09d-4,
  label_en: nothing,
  value: 4,
  dataset: ship-start
}"
35066,Category,"{
  label_de: nur rechts,
  id: cat-ship-s1_inv_f09d-1,
  label_en: only right,
  value: 1,
  dataset: ship-start
}"
35067,Category,"{
  label_de: beidseitig,
  id: cat-ship-s1_inv_f08h-3,
  label_en: both sides,
  value: 3,
  dataset: ship-start
}"
35068,Category,"{
  label_de: nur links,
  id: cat-ship-s1_inv_f08h-2,
  label_en: left only,
  value: 2,
  dataset: ship-start
}"
35069,Category,"{
  label_de: keine Angabe,
  id: cat-ship-s1_inv_f08h-997,
  label_en: not specified,
  value: 997,
  dataset: ship-start
}"
35070,Category,"{
  label_de: nichts,
  id: cat-ship-s1_inv_f08h-4,
  label_en: nothing,
  value: 4,
  dataset: ship-start
}"
35071,Category,"{
  label_de: nur rechts,
  id: cat-ship-s1_inv_f08h-1,
  label_en: only right,
  value: 1,
  dataset: ship-start
}"
35072,Category,"{
  id: cat-ship-s1_whyand-997,
  label_en: (997) no information,
  value: 997,
  dataset: ship-start
}"
35073,Category,"{
  id: cat-ship-s1_whyand-100,
  value: 100,
  dataset: ship-start
}"
35074,Category,"{
  label_de: Antwort verweigert,
  id: cat-ship-s1_ptsdc_6-999,
  label_en: Refused to answer,
  value: 999,
  dataset: ship-start
}"
35075,Category,"{
  label_de: Ja,
  id: cat-ship-s1_ptsdc_6-1,
  label_en: Yes,
  value: 1,
  dataset: ship-start
}"
35076,Category,"{
  label_de: Weiß nicht,
  id: cat-ship-s1_ptsdc_6-998,
  label_en: Does not know,
  value: 998,
  dataset: ship-start
}"
35077,Category,"{
  label_de: Trifft nicht zu,
  id: cat-ship-s1_ptsdc_6-997,
  label_en: Does not apply,
  value: 997,
  dataset: ship-start
}"
35078,Category,"{
  label_de: Nein,
  id: cat-ship-s1_ptsdc_6-2,
  label_en: No,
  value: 2,
  dataset: ship-start
}"
35079,Category,"{
  label_de: Weiß nicht,
  id: cat-ship-s2_cvi_arz_07-9998,
  label_en: don’t know,
  value: 9998,
  dataset: ship-start
}"
35080,Category,"{
  label_de: Weiß nicht,
  id: cat-ship-s2_cvi_arz_07-998,
  label_en: dont know,
  value: 998,
  dataset: ship-start
}"
35081,Category,"{
  label_de: Weiß nicht,
  id: cat-ship-s2_s2_belast_06-998,
  label_en: do not know,
  value: 998,
  dataset: ship-start
}"
35082,Category,"{
  label_de: Antwortverweigerung,
  id: cat-ship-s2_s2_belast_06-999,
  label_en: refused to answer,
  value: 999,
  dataset: ship-start
}"
35083,Category,"{
  label_de: Ja,
  id: cat-ship-s2_s2_belast_06-1,
  label_en: Yes,
  value: 1,
  dataset: ship-start
}"
35084,Category,"{
  label_de: Nein,
  id: cat-ship-s2_s2_belast_06-2,
  label_en: No,
  value: 2,
  dataset: ship-start
}"
35085,Category,"{
  label_de: Abbruch nach 30 Sekunden Lesezeit,
  id: cat-ship-s2_nahvisus_7-0,
  label_en: ended after 30 seconds of reading time,
  value: 0,
  dataset: ship-start
}"
35086,Category,"{
  label_de: Ja,
  id: cat-ship-s2_nahvisus_7-1,
  label_en: Yes,
  value: 1,
  dataset: ship-start
}"
35087,Category,"{
  label_de: Nein,
  id: cat-ship-s2_nahvisus_7-2,
  label_en: No,
  value: 2,
  dataset: ship-start
}"
35088,Category,"{
  label_de: nicht mehr dargeboten,
  id: cat-ship-s2_nahvisus_7-3,
  label_en: no longer offered,
  value: 3,
  dataset: ship-start
}"
35089,Category,"{
  label_de: Weiß nicht,
  id: cat-ship-s3_schmerz_11b-998,
  label_en: do not know,
  value: 998,
  dataset: ship-start
}"
35090,Category,"{
  label_de: Nein,
  id: cat-ship-s3_schmerz_11b-0,
  label_en: No,
  value: 0,
  dataset: ship-start
}"
35091,Category,"{
  label_de: Antwortverweigerung,
  id: cat-ship-s3_schmerz_11b-999,
  label_en: refused to answer,
  value: 999,
  dataset: ship-start
}"
35092,Category,"{
  label_de: Ja,
  id: cat-ship-s3_schmerz_11b-1,
  label_en: Yes,
  value: 1,
  dataset: ship-start
}"
35093,Category,"{
  label_de: (2) wenig,
  id: cat-ship-sl_t67spap-2,
  label_en: (2) little,
  value: 2,
  dataset: ship-start
}"
35094,Category,"{
  label_de: (J) erlaubter Sprung,
  id: cat-ship-sl_t67spap-99983,
  label_en: (J) allowed jump,
  value: 99983,
  dataset: ship-start
}"
35095,Category,"{
  label_de: (999) Unbekannt,
  id: cat-ship-sl_t67spap-999,
  label_en: (999) Unknown,
  value: 999,
  dataset: ship-start
}"
35096,Category,"{
  label_de: (888) Trifft nicht zu,
  id: cat-ship-sl_t67spap-888,
  label_en: (888) Does not apply,
  value: 888,
  dataset: ship-start
}"
35097,Category,"{
  label_de: (4) viel,
  id: cat-ship-sl_t67spap-4,
  label_en: (4) much,
  value: 4,
  dataset: ship-start
}"
35098,Category,"{
  label_de: (0) nicht erwünscht,
  id: cat-ship-sl_t67spap-0,
  label_en: (0) not desired,
  value: 0,
  dataset: ship-start
}"
35099,Category,"{
  label_de: (777) Weiß nicht,
  id: cat-ship-sl_t67spap-777,
  label_en: (777) Don't know,
  value: 777,
  dataset: ship-start
}"
35100,Category,"{
  label_de: (3) mäßig,
  id: cat-ship-sl_t67spap-3,
  label_en: (3) moderate,
  value: 3,
  dataset: ship-start
}"
35101,Category,"{
  label_de: (1) keine,
  id: cat-ship-sl_t67spap-1,
  label_en: (1) none,
  value: 1,
  dataset: ship-start
}"
35102,Category,"{
  label_de: (2) wenig,
  id: cat-ship-sl_r80s1de-2,
  label_en: (2) little,
  value: 2,
  dataset: ship-start
}"
35103,Category,"{
  label_de: (J) erlaubter Sprung,
  id: cat-ship-sl_r80s1de-99983,
  label_en: (J) allowed jump,
  value: 99983,
  dataset: ship-start
}"
35104,Category,"{
  label_de: (999) Unbekannt,
  id: cat-ship-sl_r80s1de-999,
  label_en: (999) Unknown,
  value: 999,
  dataset: ship-start
}"
35105,Category,"{
  label_de: (888) Trifft nicht zu,
  id: cat-ship-sl_r80s1de-888,
  label_en: (888) Does not apply,
  value: 888,
  dataset: ship-start
}"
35106,Category,"{
  label_de: (4) viel,
  id: cat-ship-sl_r80s1de-4,
  label_en: (4) much,
  value: 4,
  dataset: ship-start
}"
35107,Category,"{
  label_de: (0) nicht erwünscht,
  id: cat-ship-sl_r80s1de-0,
  label_en: (0) not desired,
  value: 0,
  dataset: ship-start
}"
35108,Category,"{
  label_de: (777) Weiß nicht,
  id: cat-ship-sl_r80s1de-777,
  label_en: (777) Don't know,
  value: 777,
  dataset: ship-start
}"
35109,Category,"{
  label_de: (3) mäßig,
  id: cat-ship-sl_r80s1de-3,
  label_en: (3) moderate,
  value: 3,
  dataset: ship-start
}"
35110,Category,"{
  label_de: (1) keine,
  id: cat-ship-sl_r80s1de-1,
  label_en: (1) none,
  value: 1,
  dataset: ship-start
}"
35111,Category,"{
  label_de: (3) neutral,
  id: cat-ship-sl_w53bh5j-3,
  label_en: (3) neutral,
  value: 3,
  dataset: ship-start
}"
35112,Category,"{
  label_de: (2) positiv,
  id: cat-ship-sl_w53bh5j-2,
  label_en: (2) positive,
  value: 2,
  dataset: ship-start
}"
35113,Category,"{
  label_de: (5) sehr negativ,
  id: cat-ship-sl_w53bh5j-5,
  label_en: (5) very negative,
  value: 5,
  dataset: ship-start
}"
35114,Category,"{
  label_de: (J) erlaubter Sprung,
  id: cat-ship-sl_w53bh5j-99983,
  label_en: (J) allowed jump,
  value: 99983,
  dataset: ship-start
}"
35115,Category,"{
  label_de: (999) Unbekannt,
  id: cat-ship-sl_w53bh5j-999,
  label_en: (999) Unknown,
  value: 999,
  dataset: ship-start
}"
35116,Category,"{
  label_de: (4) negativ,
  id: cat-ship-sl_w53bh5j-4,
  label_en: (4) negative,
  value: 4,
  dataset: ship-start
}"
35117,Category,"{
  label_de: (1) sehr positiv,
  id: cat-ship-sl_w53bh5j-1,
  label_en: (1) very positive,
  value: 1,
  dataset: ship-start
}"
35118,Category,"{
  label_de: (888) Trifft nicht zu,
  id: cat-ship-sl_w53bh5j-888,
  label_en: (888) Does not apply,
  value: 888,
  dataset: ship-start
}"
35119,Category,"{
  label_de: (777) Weiß nicht,
  id: cat-ship-sl_w53bh5j-777,
  label_en: (777) Don't know,
  value: 777,
  dataset: ship-start
}"
35120,Category,"{
  label_de: (J) erlaubter Sprung,
  id: cat-ship-sl_w53aze-99983,
  label_en: (J) jump allowed,
  value: 99983,
  dataset: ship-start
}"
35121,Category,"{
  label_de: (777) Weiß nicht,
  id: cat-ship-sl_w53aze-777,
  label_en: (777) Don't know,
  value: 777,
  dataset: ship-start
}"
35122,Category,"{
  label_de: (999) Unbekannt,
  id: cat-ship-sl_w53aze-999,
  label_en: (999) Unknown,
  value: 999,
  dataset: ship-start
}"
35123,Category,"{
  label_de: (888) Trifft nicht zu,
  id: cat-ship-sl_w53aze-888,
  label_en: (888) Does not apply,
  value: 888,
  dataset: ship-start
}"
35124,Category,"{
  label_de: (J) erlaubter Sprung,
  id: cat-ship-sl_k21lt-99983,
  label_en: (J) allowed jump,
  value: 99983,
  dataset: ship-start
}"
35125,Category,"{
  label_de: (999) Unbekannt,
  id: cat-ship-sl_k21lt-999,
  label_en: (999) Unknown,
  value: 999,
  dataset: ship-start
}"
35126,Category,"{
  label_de: (1) Ja,
  id: cat-ship-sl_k21lt-1,
  label_en: (1) Yes,
  value: 1,
  dataset: ship-start
}"
35127,Category,"{
  label_de: (888) Trifft nicht zu,
  id: cat-ship-sl_k21lt-888,
  label_en: (888) Does not apply,
  value: 888,
  dataset: ship-start
}"
35128,Category,"{
  label_de: (777) Weiß nicht,
  id: cat-ship-sl_k21lt-777,
  label_en: (777) Don't know,
  value: 777,
  dataset: ship-start
}"
35129,Category,"{
  label_de: (0) Nein,
  id: cat-ship-sl_k21lt-0,
  label_en: (0) No,
  value: 0,
  dataset: ship-start
}"
35130,Category,"{
  label_de: (2) wenig,
  id: cat-ship-sl_k22ssde-2,
  label_en: (2) little,
  value: 2,
  dataset: ship-start
}"
35131,Category,"{
  label_de: (J) erlaubter Sprung,
  id: cat-ship-sl_k22ssde-99983,
  label_en: (J) allowed jump,
  value: 99983,
  dataset: ship-start
}"
35132,Category,"{
  label_de: (999) Unbekannt,
  id: cat-ship-sl_k22ssde-999,
  label_en: (999) Unknown,
  value: 999,
  dataset: ship-start
}"
35133,Category,"{
  label_de: (888) Trifft nicht zu,
  id: cat-ship-sl_k22ssde-888,
  label_en: (888) Does not apply,
  value: 888,
  dataset: ship-start
}"
35134,Category,"{
  label_de: (4) viel,
  id: cat-ship-sl_k22ssde-4,
  label_en: (4) much,
  value: 4,
  dataset: ship-start
}"
35135,Category,"{
  label_de: (0) nicht erwünscht,
  id: cat-ship-sl_k22ssde-0,
  label_en: (0) not desired,
  value: 0,
  dataset: ship-start
}"
35136,Category,"{
  label_de: (777) Weiß nicht,
  id: cat-ship-sl_k22ssde-777,
  label_en: (777) Don't know,
  value: 777,
  dataset: ship-start
}"
35137,Category,"{
  label_de: (3) mäßig,
  id: cat-ship-sl_k22ssde-3,
  label_en: (3) moderate,
  value: 3,
  dataset: ship-start
}"
35138,Category,"{
  label_de: (1) keine,
  id: cat-ship-sl_k22ssde-1,
  label_en: (1) none,
  value: 1,
  dataset: ship-start
}"
35139,Category,"{
  label_de: (J) erlaubter Sprung,
  id: cat-ship-sl_a40apam-99983,
  label_en: (J) jump allowed,
  value: 99983,
  dataset: ship-start
}"
35140,Category,"{
  label_de: (777) Weiß nicht,
  id: cat-ship-sl_a40apam-777,
  label_en: (777) Don't know,
  value: 777,
  dataset: ship-start
}"
35141,Category,"{
  label_de: (999) Unbekannt,
  id: cat-ship-sl_a40apam-999,
  label_en: (999) Unknown,
  value: 999,
  dataset: ship-start
}"
35142,Category,"{
  label_de: (888) Trifft nicht zu,
  id: cat-ship-sl_a40apam-888,
  label_en: (888) Does not apply,
  value: 888,
  dataset: ship-start
}"
35143,Category,"{
  label_de: (J) erlaubter Sprung,
  id: cat-ship-sl_s10lb9-99983,
  label_en: (J) allowed jump,
  value: 99983,
  dataset: ship-start
}"
35144,Category,"{
  label_de: (999) Unbekannt,
  id: cat-ship-sl_s10lb9-999,
  label_en: (999) Unknown,
  value: 999,
  dataset: ship-start
}"
35145,Category,"{
  label_de: (1) Ja,
  id: cat-ship-sl_s10lb9-1,
  label_en: (1) Yes,
  value: 1,
  dataset: ship-start
}"
35146,Category,"{
  label_de: (888) Trifft nicht zu,
  id: cat-ship-sl_s10lb9-888,
  label_en: (888) Does not apply,
  value: 888,
  dataset: ship-start
}"
35147,Category,"{
  label_de: (777) Weiß nicht,
  id: cat-ship-sl_s10lb9-777,
  label_en: (777) Don't know,
  value: 777,
  dataset: ship-start
}"
35148,Category,"{
  label_de: (0) Nein,
  id: cat-ship-sl_s10lb9-0,
  label_en: (0) No,
  value: 0,
  dataset: ship-start
}"
35149,Category,"{
  label_de: (J) erlaubter Sprung,
  id: cat-ship-sl_l34dlt-99983,
  label_en: (J) allowed jump,
  value: 99983,
  dataset: ship-start
}"
35150,Category,"{
  label_de: (999) Unbekannt,
  id: cat-ship-sl_l34dlt-999,
  label_en: (999) Unknown,
  value: 999,
  dataset: ship-start
}"
35151,Category,"{
  label_de: (1) Ja,
  id: cat-ship-sl_l34dlt-1,
  label_en: (1) Yes,
  value: 1,
  dataset: ship-start
}"
35152,Category,"{
  label_de: (888) Trifft nicht zu,
  id: cat-ship-sl_l34dlt-888,
  label_en: (888) Does not apply,
  value: 888,
  dataset: ship-start
}"
35153,Category,"{
  label_de: (777) Weiß nicht,
  id: cat-ship-sl_l34dlt-777,
  label_en: (777) Don't know,
  value: 777,
  dataset: ship-start
}"
35154,Category,"{
  label_de: (0) Nein,
  id: cat-ship-sl_l34dlt-0,
  label_en: (0) No,
  value: 0,
  dataset: ship-start
}"
35155,Category,"{
  label_de: (J) erlaubter Sprung,
  id: cat-ship-sl_a44lb3-99983,
  label_en: (J) allowed jump,
  value: 99983,
  dataset: ship-start
}"
35156,Category,"{
  label_de: (999) Unbekannt,
  id: cat-ship-sl_a44lb3-999,
  label_en: (999) Unknown,
  value: 999,
  dataset: ship-start
}"
35157,Category,"{
  label_de: (1) Ja,
  id: cat-ship-sl_a44lb3-1,
  label_en: (1) Yes,
  value: 1,
  dataset: ship-start
}"
35158,Category,"{
  label_de: (888) Trifft nicht zu,
  id: cat-ship-sl_a44lb3-888,
  label_en: (888) Does not apply,
  value: 888,
  dataset: ship-start
}"
35159,Category,"{
  label_de: (777) Weiß nicht,
  id: cat-ship-sl_a44lb3-777,
  label_en: (777) Don't know,
  value: 777,
  dataset: ship-start
}"
35160,Category,"{
  label_de: (0) Nein,
  id: cat-ship-sl_a44lb3-0,
  label_en: (0) No,
  value: 0,
  dataset: ship-start
}"
35161,Category,"{
  label_de: ja,
  id: cat-ship-s0_krebs1-1,
  label_en: yes,
  value: 1,
  dataset: ship-start
}"
35162,Category,"{
  label_de: Antwortverweigerung,
  id: cat-ship-s0_krebs1-9,
  label_en: Refusal to answer,
  value: 9,
  dataset: ship-start
}"
35163,Category,"{
  label_de: weiß nicht,
  id: cat-ship-s0_krebs1-8,
  label_en: do not know,
  value: 8,
  dataset: ship-start
}"
35164,Category,"{
  label_de: nein,
  id: cat-ship-s0_krebs1-2,
  label_en: no,
  value: 2,
  dataset: ship-start
}"
35165,Category,"{
  label_de: Antwortverweigerung,
  id: cat-ship-s0_dprente-99,
  label_en: Refusal to answer,
  value: 99,
  dataset: ship-start
}"
35166,Category,"{
  label_de: weiß nicht,
  id: cat-ship-s0_dprente-98,
  label_en: do not know,
  value: 98,
  dataset: ship-start
}"
35167,Category,"{
  label_de: nein,
  id: cat-ship-s0_grund_4-0,
  label_en: no,
  value: 0,
  dataset: ship-start
}"
35168,Category,"{
  label_de: ja,
  id: cat-ship-s0_grund_4-1,
  label_en: yes,
  value: 1,
  dataset: ship-start
}"
35169,Category,"{
  label_de: Nicht auswertbar,
  id: cat-ship-s0_verk29-8,
  label_en: Not evaluable,
  value: 8,
  dataset: ship-start
}"
35170,Category,"{
  label_de: Nein,
  id: cat-ship-s0_verk29-0,
  label_en: No,
  value: 0,
  dataset: ship-start
}"
35171,Category,"{
  label_de: Ja,
  id: cat-ship-s0_verk29-1,
  label_en: Yes,
  value: 1,
  dataset: ship-start
}"
35172,Category,"{
  label_de: Keine Angabe,
  id: cat-ship-s0_verk29-9,
  label_en: No information,
  value: 9,
  dataset: ship-start
}"
35173,Category,"{
  label_de: Stimme überhaupt nicht zu,
  id: cat-ship-s0_ern80mo-1,
  label_en: Do not agree at all,
  value: 1,
  dataset: ship-start
}"
35174,Category,"{
  label_de: Nicht auswertbar,
  id: cat-ship-s0_ern80mo-8,
  label_en: Not evaluable,
  value: 8,
  dataset: ship-start
}"
35175,Category,"{
  label_de: Stimme nicht zu,
  id: cat-ship-s0_ern80mo-2,
  label_en: Do not agree,
  value: 2,
  dataset: ship-start
}"
35176,Category,"{
  label_de: Keine Angabe,
  id: cat-ship-s0_ern80mo-9,
  label_en: No answer,
  value: 9,
  dataset: ship-start
}"
35177,Category,"{
  label_de: Stimme sehr zu,
  id: cat-ship-s0_ern80mo-5,
  label_en: Agree very much,
  value: 5,
  dataset: ship-start
}"
35178,Category,"{
  label_de: Stimme zu,
  id: cat-ship-s0_ern80mo-4,
  label_en: Agree,
  value: 4,
  dataset: ship-start
}"
35179,Category,"{
  label_de: Bin unsicher,
  id: cat-ship-s0_ern80mo-3,
  label_en: Am unsure,
  value: 3,
  dataset: ship-start
}"
35180,Category,"{
  label_de: Antwortverweigerung,
  id: cat-ship-s2_s2_ernaehr_11-999,
  label_en: non-response,
  value: 999,
  dataset: ship-start
}"
35181,Category,"{
  label_de: Mehrmals in der Woche,
  id: cat-ship-s2_s2_ernaehr_11-2,
  label_en: several times a week,
  value: 2,
  dataset: ship-start
}"
35182,Category,"{
  label_de: Mehrmals im Monat,
  id: cat-ship-s2_s2_ernaehr_11-4,
  label_en: several times a month,
  value: 4,
  dataset: ship-start
}"
35183,Category,"{
  label_de: Täglich oder fast täglich,
  id: cat-ship-s2_s2_ernaehr_11-1,
  label_en: every day or almost every day,
  value: 1,
  dataset: ship-start
}"
35184,Category,"{
  label_de: Weiß nicht,
  id: cat-ship-s2_s2_ernaehr_11-998,
  label_en: I don't know,
  value: 998,
  dataset: ship-start
}"
35185,Category,"{
  label_de: Nie oder fast nie,
  id: cat-ship-s2_s2_ernaehr_11-6,
  label_en: never or almost never,
  value: 6,
  dataset: ship-start
}"
35186,Category,"{
  label_de: Etwa einmal in der Woche,
  id: cat-ship-s2_s2_ernaehr_11-3,
  label_en: about once a week,
  value: 3,
  dataset: ship-start
}"
35187,Category,"{
  label_de: Etwa einmal im Monat oder seltener,
  id: cat-ship-s2_s2_ernaehr_11-5,
  label_en: about once a month or fewer,
  value: 5,
  dataset: ship-start
}"
35188,Category,"{
  label_de: Weiß nicht,
  id: cat-ship-s2_s2_inan_04y-998,
  label_en: do not know,
  value: 998,
  dataset: ship-start
}"
35189,Category,"{
  label_de: Antwortverweigerung,
  id: cat-ship-s2_s2_inan_04y-999,
  label_en: refused to answer,
  value: 999,
  dataset: ship-start
}"
35190,Category,"{
  label_de: Ja,
  id: cat-ship-s2_s2_inan_04y-1,
  label_en: Yes,
  value: 1,
  dataset: ship-start
}"
35191,Category,"{
  label_de: Nein,
  id: cat-ship-s2_s2_inan_04y-2,
  label_en: No,
  value: 2,
  dataset: ship-start
}"
35192,Category,"{
  label_de: Mäßig,
  id: cat-ship-s2_ges_bl_05-3,
  label_en: moderate,
  value: 3,
  dataset: ship-start
}"
35193,Category,"{
  label_de: Stark,
  id: cat-ship-s2_ges_bl_05-4,
  label_en: highly,
  value: 4,
  dataset: ship-start
}"
35194,Category,"{
  label_de: Kaum,
  id: cat-ship-s2_ges_bl_05-2,
  label_en: little,
  value: 2,
  dataset: ship-start
}"
35195,Category,"{
  label_de: Gar nicht,
  id: cat-ship-s2_ges_bl_05-1,
  label_en: none,
  value: 1,
  dataset: ship-start
}"
35196,Category,"{
  label_de: (J) erlaubter Sprung,
  id: cat-ship-sl_o74lb13-99983,
  label_en: (J) allowed jump,
  value: 99983,
  dataset: ship-start
}"
35197,Category,"{
  label_de: (999) Unbekannt,
  id: cat-ship-sl_o74lb13-999,
  label_en: (999) Unknown,
  value: 999,
  dataset: ship-start
}"
35198,Category,"{
  label_de: (1) Ja,
  id: cat-ship-sl_o74lb13-1,
  label_en: (1) Yes,
  value: 1,
  dataset: ship-start
}"
35199,Category,"{
  label_de: (888) Trifft nicht zu,
  id: cat-ship-sl_o74lb13-888,
  label_en: (888) Does not apply,
  value: 888,
  dataset: ship-start
}"
35200,Category,"{
  label_de: (777) Weiß nicht,
  id: cat-ship-sl_o74lb13-777,
  label_en: (777) Don't know,
  value: 777,
  dataset: ship-start
}"
35201,Category,"{
  label_de: (0) Nein,
  id: cat-ship-sl_o74lb13-0,
  label_en: (0) No,
  value: 0,
  dataset: ship-start
}"
35202,Category,"{
  label_de: (J) erlaubter Sprung,
  id: cat-ship-sl_a47dpap-99983,
  label_en: (J) allowed jump,
  value: 99983,
  dataset: ship-start
}"
35203,Category,"{
  label_de: (999) Unbekannt,
  id: cat-ship-sl_a47dpap-999,
  label_en: (999) Unknown,
  value: 999,
  dataset: ship-start
}"
35204,Category,"{
  label_de: (1) Ja,
  id: cat-ship-sl_a47dpap-1,
  label_en: (1) Yes,
  value: 1,
  dataset: ship-start
}"
35205,Category,"{
  label_de: (888) Trifft nicht zu,
  id: cat-ship-sl_a47dpap-888,
  label_en: (888) Does not apply,
  value: 888,
  dataset: ship-start
}"
35206,Category,"{
  label_de: (777) Weiß nicht,
  id: cat-ship-sl_a47dpap-777,
  label_en: (777) Don't know,
  value: 777,
  dataset: ship-start
}"
35207,Category,"{
  label_de: (0) Nein,
  id: cat-ship-sl_a47dpap-0,
  label_en: (0) No,
  value: 0,
  dataset: ship-start
}"
35208,Category,"{
  label_de: (3) neutral,
  id: cat-ship-sl_a48bd12-3,
  label_en: (3) neutral,
  value: 3,
  dataset: ship-start
}"
35209,Category,"{
  label_de: (2) positiv,
  id: cat-ship-sl_a48bd12-2,
  label_en: (2) positive,
  value: 2,
  dataset: ship-start
}"
35210,Category,"{
  label_de: (5) sehr negativ,
  id: cat-ship-sl_a48bd12-5,
  label_en: (5) very negative,
  value: 5,
  dataset: ship-start
}"
35211,Category,"{
  label_de: (J) erlaubter Sprung,
  id: cat-ship-sl_a48bd12-99983,
  label_en: (J) allowed jump,
  value: 99983,
  dataset: ship-start
}"
35212,Category,"{
  label_de: (999) Unbekannt,
  id: cat-ship-sl_a48bd12-999,
  label_en: (999) Unknown,
  value: 999,
  dataset: ship-start
}"
35213,Category,"{
  label_de: (4) negativ,
  id: cat-ship-sl_a48bd12-4,
  label_en: (4) negative,
  value: 4,
  dataset: ship-start
}"
35214,Category,"{
  label_de: (1) sehr positiv,
  id: cat-ship-sl_a48bd12-1,
  label_en: (1) very positive,
  value: 1,
  dataset: ship-start
}"
35215,Category,"{
  label_de: (888) Trifft nicht zu,
  id: cat-ship-sl_a48bd12-888,
  label_en: (888) Does not apply,
  value: 888,
  dataset: ship-start
}"
35216,Category,"{
  label_de: (777) Weiß nicht,
  id: cat-ship-sl_a48bd12-777,
  label_en: (777) Don't know,
  value: 777,
  dataset: ship-start
}"
35217,Category,"{
  label_de: (2) wenig,
  id: cat-ship-sl_r80s1nd-2,
  label_en: (2) little,
  value: 2,
  dataset: ship-start
}"
35218,Category,"{
  label_de: (J) erlaubter Sprung,
  id: cat-ship-sl_r80s1nd-99983,
  label_en: (J) allowed jump,
  value: 99983,
  dataset: ship-start
}"
35219,Category,"{
  label_de: (999) Unbekannt,
  id: cat-ship-sl_r80s1nd-999,
  label_en: (999) Unknown,
  value: 999,
  dataset: ship-start
}"
35220,Category,"{
  label_de: (888) Trifft nicht zu,
  id: cat-ship-sl_r80s1nd-888,
  label_en: (888) Does not apply,
  value: 888,
  dataset: ship-start
}"
35221,Category,"{
  label_de: (4) viel,
  id: cat-ship-sl_r80s1nd-4,
  label_en: (4) much,
  value: 4,
  dataset: ship-start
}"
35222,Category,"{
  label_de: (0) nicht erwünscht,
  id: cat-ship-sl_r80s1nd-0,
  label_en: (0) not desired,
  value: 0,
  dataset: ship-start
}"
35223,Category,"{
  label_de: (777) Weiß nicht,
  id: cat-ship-sl_r80s1nd-777,
  label_en: (777) Don't know,
  value: 777,
  dataset: ship-start
}"
35224,Category,"{
  label_de: (3) mäßig,
  id: cat-ship-sl_r80s1nd-3,
  label_en: (3) moderate,
  value: 3,
  dataset: ship-start
}"
35225,Category,"{
  label_de: (1) keine,
  id: cat-ship-sl_r80s1nd-1,
  label_en: (1) none,
  value: 1,
  dataset: ship-start
}"
35226,Category,"{
  label_de: (2) wenig,
  id: cat-ship-sl_t68s5j-2,
  label_en: (2) little,
  value: 2,
  dataset: ship-start
}"
35227,Category,"{
  label_de: (J) erlaubter Sprung,
  id: cat-ship-sl_t68s5j-99983,
  label_en: (J) allowed jump,
  value: 99983,
  dataset: ship-start
}"
35228,Category,"{
  label_de: (999) Unbekannt,
  id: cat-ship-sl_t68s5j-999,
  label_en: (999) Unknown,
  value: 999,
  dataset: ship-start
}"
35229,Category,"{
  label_de: (888) Trifft nicht zu,
  id: cat-ship-sl_t68s5j-888,
  label_en: (888) Does not apply,
  value: 888,
  dataset: ship-start
}"
35230,Category,"{
  label_de: (4) viel,
  id: cat-ship-sl_t68s5j-4,
  label_en: (4) much,
  value: 4,
  dataset: ship-start
}"
35231,Category,"{
  label_de: (0) nicht erwünscht,
  id: cat-ship-sl_t68s5j-0,
  label_en: (0) not desired,
  value: 0,
  dataset: ship-start
}"
35232,Category,"{
  label_de: (777) Weiß nicht,
  id: cat-ship-sl_t68s5j-777,
  label_en: (777) Don't know,
  value: 777,
  dataset: ship-start
}"
35233,Category,"{
  label_de: (3) mäßig,
  id: cat-ship-sl_t68s5j-3,
  label_en: (3) moderate,
  value: 3,
  dataset: ship-start
}"
35234,Category,"{
  label_de: (1) keine,
  id: cat-ship-sl_t68s5j-1,
  label_en: (1) none,
  value: 1,
  dataset: ship-start
}"
35235,Category,"{
  label_de: (J) erlaubter Sprung,
  id: cat-ship-sl_l31dsde-99983,
  label_en: (J) allowed jump,
  value: 99983,
  dataset: ship-start
}"
35236,Category,"{
  label_de: (999) Unbekannt,
  id: cat-ship-sl_l31dsde-999,
  label_en: (999) Unknown,
  value: 999,
  dataset: ship-start
}"
35237,Category,"{
  label_de: (1) Ja,
  id: cat-ship-sl_l31dsde-1,
  label_en: (1) Yes,
  value: 1,
  dataset: ship-start
}"
35238,Category,"{
  label_de: (888) Trifft nicht zu,
  id: cat-ship-sl_l31dsde-888,
  label_en: (888) Does not apply,
  value: 888,
  dataset: ship-start
}"
35239,Category,"{
  label_de: (777) Weiß nicht,
  id: cat-ship-sl_l31dsde-777,
  label_en: (777) Don't know,
  value: 777,
  dataset: ship-start
}"
35240,Category,"{
  label_de: (0) Nein,
  id: cat-ship-sl_l31dsde-0,
  label_en: (0) No,
  value: 0,
  dataset: ship-start
}"
35241,Category,"{
  label_de: (3) neutral,
  id: cat-ship-sl_k22bhpap-3,
  label_en: (3) neutral,
  value: 3,
  dataset: ship-start
}"
35242,Category,"{
  label_de: (2) positiv,
  id: cat-ship-sl_k22bhpap-2,
  label_en: (2) positive,
  value: 2,
  dataset: ship-start
}"
35243,Category,"{
  label_de: (5) sehr negativ,
  id: cat-ship-sl_k22bhpap-5,
  label_en: (5) very negative,
  value: 5,
  dataset: ship-start
}"
35244,Category,"{
  label_de: (J) erlaubter Sprung,
  id: cat-ship-sl_k22bhpap-99983,
  label_en: (J) allowed jump,
  value: 99983,
  dataset: ship-start
}"
35245,Category,"{
  label_de: (999) Unbekannt,
  id: cat-ship-sl_k22bhpap-999,
  label_en: (999) Unknown,
  value: 999,
  dataset: ship-start
}"
35246,Category,"{
  label_de: (4) negativ,
  id: cat-ship-sl_k22bhpap-4,
  label_en: (4) negative,
  value: 4,
  dataset: ship-start
}"
35247,Category,"{
  label_de: (1) sehr positiv,
  id: cat-ship-sl_k22bhpap-1,
  label_en: (1) very positive,
  value: 1,
  dataset: ship-start
}"
35248,Category,"{
  label_de: (888) Trifft nicht zu,
  id: cat-ship-sl_k22bhpap-888,
  label_en: (888) Does not apply,
  value: 888,
  dataset: ship-start
}"
35249,Category,"{
  label_de: (777) Weiß nicht,
  id: cat-ship-sl_k22bhpap-777,
  label_en: (777) Don't know,
  value: 777,
  dataset: ship-start
}"
35250,Category,"{
  label_de: (J) erlaubter Sprung,
  id: cat-ship-sl_l32aze-99983,
  label_en: (J) jump allowed,
  value: 99983,
  dataset: ship-start
}"
35251,Category,"{
  label_de: (777) Weiß nicht,
  id: cat-ship-sl_l32aze-777,
  label_en: (777) Don't know,
  value: 777,
  dataset: ship-start
}"
35252,Category,"{
  label_de: (999) Unbekannt,
  id: cat-ship-sl_l32aze-999,
  label_en: (999) Unknown,
  value: 999,
  dataset: ship-start
}"
35253,Category,"{
  label_de: (888) Trifft nicht zu,
  id: cat-ship-sl_l32aze-888,
  label_en: (888) Does not apply,
  value: 888,
  dataset: ship-start
}"
35254,Category,"{
  label_de: (J) erlaubter Sprung,
  id: cat-ship-sl_a44lb5-99983,
  label_en: (J) allowed jump,
  value: 99983,
  dataset: ship-start
}"
35255,Category,"{
  label_de: (999) Unbekannt,
  id: cat-ship-sl_a44lb5-999,
  label_en: (999) Unknown,
  value: 999,
  dataset: ship-start
}"
35256,Category,"{
  label_de: (1) Ja,
  id: cat-ship-sl_a44lb5-1,
  label_en: (1) Yes,
  value: 1,
  dataset: ship-start
}"
35257,Category,"{
  label_de: (888) Trifft nicht zu,
  id: cat-ship-sl_a44lb5-888,
  label_en: (888) Does not apply,
  value: 888,
  dataset: ship-start
}"
35258,Category,"{
  label_de: (777) Weiß nicht,
  id: cat-ship-sl_a44lb5-777,
  label_en: (777) Don't know,
  value: 777,
  dataset: ship-start
}"
35259,Category,"{
  label_de: (0) Nein,
  id: cat-ship-sl_a44lb5-0,
  label_en: (0) No,
  value: 0,
  dataset: ship-start
}"
35260,Category,"{
  label_de: (J) erlaubter Sprung,
  id: cat-ship-sl_a44lb9-99983,
  label_en: (J) allowed jump,
  value: 99983,
  dataset: ship-start
}"
35261,Category,"{
  label_de: (999) Unbekannt,
  id: cat-ship-sl_a44lb9-999,
  label_en: (999) Unknown,
  value: 999,
  dataset: ship-start
}"
35262,Category,"{
  label_de: (1) Ja,
  id: cat-ship-sl_a44lb9-1,
  label_en: (1) Yes,
  value: 1,
  dataset: ship-start
}"
35263,Category,"{
  label_de: (888) Trifft nicht zu,
  id: cat-ship-sl_a44lb9-888,
  label_en: (888) Does not apply,
  value: 888,
  dataset: ship-start
}"
35264,Category,"{
  label_de: (777) Weiß nicht,
  id: cat-ship-sl_a44lb9-777,
  label_en: (777) Don't know,
  value: 777,
  dataset: ship-start
}"
35265,Category,"{
  label_de: (0) Nein,
  id: cat-ship-sl_a44lb9-0,
  label_en: (0) No,
  value: 0,
  dataset: ship-start
}"
35266,Category,"{
  label_de: (2) Meistens,
  id: cat-ship-sl_sf12_11-2,
  label_en: (2) Most of the time,
  value: 2,
  dataset: ship-start
}"
35267,Category,"{
  label_de: (888) Trifft nicht zu,
  id: cat-ship-sl_sf12_11-888,
  label_en: (888) Does not apply,
  value: 888,
  dataset: ship-start
}"
35268,Category,"{
  label_de: (3) Ziemlich oft,
  id: cat-ship-sl_sf12_11-3,
  label_en: (3) Quite often,
  value: 3,
  dataset: ship-start
}"
35269,Category,"{
  label_de: (1) Immer,
  id: cat-ship-sl_sf12_11-1,
  label_en: (1) Always,
  value: 1,
  dataset: ship-start
}"
35270,Category,"{
  label_de: (J) erlaubter Sprung,
  id: cat-ship-sl_sf12_11-99983,
  label_en: (J) jump allowed,
  value: 99983,
  dataset: ship-start
}"
35271,Category,"{
  label_de: (999) Unbekannt,
  id: cat-ship-sl_sf12_11-999,
  label_en: (999) Unknown,
  value: 999,
  dataset: ship-start
}"
35272,Category,"{
  label_de: (777) Weiß nicht,
  id: cat-ship-sl_sf12_11-777,
  label_en: (777) Don't know,
  value: 777,
  dataset: ship-start
}"
35273,Category,"{
  label_de: (6) Nie,
  id: cat-ship-sl_sf12_11-6,
  label_en: (6) Never,
  value: 6,
  dataset: ship-start
}"
35274,Category,"{
  label_de: (5) Selten,
  id: cat-ship-sl_sf12_11-5,
  label_en: (5) Rarely,
  value: 5,
  dataset: ship-start
}"
35275,Category,"{
  label_de: (4) Manchmal,
  id: cat-ship-sl_sf12_11-4,
  label_en: (4) Sometimes,
  value: 4,
  dataset: ship-start
}"
35276,Category,"{
  label_de: ja,
  id: cat-ship-s0_grund_5-1,
  label_en: yes,
  value: 1,
  dataset: ship-start
}"
35277,Category,"{
  label_de: nein,
  id: cat-ship-s0_grund_5-0,
  label_en: no,
  value: 0,
  dataset: ship-start
}"
35278,Category,"{
  label_de: folgende Fragen nicht beantwortet,
  id: cat-ship-s0_ern80jn-2,
  label_en: following questions not answered,
  value: 2,
  dataset: ship-start
}"
35279,Category,"{
  label_de: folgende Fragen beantwortet,
  id: cat-ship-s0_ern80jn-1,
  label_en: following questions answered,
  value: 1,
  dataset: ship-start
}"
35280,Category,"{
  label_de: Nicht auswertbar,
  id: cat-ship-s0_ern80jn-8,
  label_en: Not evaluable,
  value: 8,
  dataset: ship-start
}"
35281,Category,"{
  label_de: Keine Angabe,
  id: cat-ship-s0_ern80jn-9,
  label_en: No answer,
  value: 9,
  dataset: ship-start
}"
35282,Category,"{
  label_de: Ja, manchmal,
  id: cat-ship-s1_kontr-2,
  label_en: Yes, sometimes,
  value: 2,
  dataset: ship-start
}"
35283,Category,"{
  label_de: Nein, nur bei Schmerzen oder Beschwerden,
  id: cat-ship-s1_kontr-3,
  label_en: No, only in case of pain or discomfort,
  value: 3,
  dataset: ship-start
}"
35284,Category,"{
  label_de: Gehe gar nicht zum Zahnarzt,
  id: cat-ship-s1_kontr-7,
  label_en: Do not go to the dentist at all,
  value: 7,
  dataset: ship-start
}"
35285,Category,"{
  label_de: Ja, einmal im Jahr oder öfter,
  id: cat-ship-s1_kontr-1,
  label_en: Yes, once a year or more,
  value: 1,
  dataset: ship-start
}"
35286,Category,"{
  label_de: Weiß nicht,
  id: cat-ship-s1_kontr-997,
  label_en: Don't know,
  value: 997,
  dataset: ship-start
}"
35287,Category,"{
  label_de: falsche/ gar keine Antwort,
  id: cat-ship-s1_mini_12e-0,
  label_en: wrong/ no answer,
  value: 0,
  dataset: ship-start
}"
35288,Category,"{
  label_de: richtige Antwort,
  id: cat-ship-s1_mini_12e-1,
  label_en: correct answer,
  value: 1,
  dataset: ship-start
}"
35289,Category,"{
  label_de: Antwort verweigert,
  id: cat-ship-s2_od_3-999,
  label_en: answer denied,
  value: 999,
  dataset: ship-start
}"
35290,Category,"{
  label_de: Nein,
  id: cat-ship-s2_od_3-2,
  label_en: No,
  value: 2,
  dataset: ship-start
}"
35291,Category,"{
  label_de: Weiß nicht,
  id: cat-ship-s2_od_3-998,
  label_en: no idea,
  value: 998,
  dataset: ship-start
}"
35292,Category,"{
  label_de: Ja,
  id: cat-ship-s2_od_3-1,
  label_en: Yes,
  value: 1,
  dataset: ship-start
}"
35293,Category,"{
  label_de: Weiß nicht,
  id: cat-ship-s2_s2_inan_04z-998,
  label_en: do not know,
  value: 998,
  dataset: ship-start
}"
35294,Category,"{
  label_de: Nein,
  id: cat-ship-s2_s2_inan_04z-2,
  label_en: No,
  value: 2,
  dataset: ship-start
}"
35295,Category,"{
  label_de: Ja,
  id: cat-ship-s2_s2_inan_04z-1,
  label_en: Yes,
  value: 1,
  dataset: ship-start
}"
35296,Category,"{
  label_de: Antwortverweigerung,
  id: cat-ship-s2_s2_inan_04z-999,
  label_en: refused to answer,
  value: 999,
  dataset: ship-start
}"
35297,Category,"{
  label_de: Ja,
  id: cat-ship-s2_s2_claud_02-1,
  label_en: Yes,
  value: 1,
  dataset: ship-start
}"
35298,Category,"{
  label_de: Antwortverweigerung,
  id: cat-ship-s2_s2_claud_02-999,
  label_en: non-response,
  value: 999,
  dataset: ship-start
}"
35299,Category,"{
  label_de: Weiß nicht,
  id: cat-ship-s2_s2_claud_02-998,
  label_en: I don't know,
  value: 998,
  dataset: ship-start
}"
35300,Category,"{
  label_de: Proband ist gehunfähig,
  id: cat-ship-s2_s2_claud_02-3,
  label_en: subject cannot walk,
  value: 3,
  dataset: ship-start
}"
35301,Category,"{
  label_de: Nein,
  id: cat-ship-s2_s2_claud_02-2,
  label_en: No,
  value: 2,
  dataset: ship-start
}"
35302,Category,"{
  label_de: Ja,
  id: cat-ship-s2_frs_mobil_elektro-1,
  label_en: Yes,
  value: 1,
  dataset: ship-start
}"
35303,Category,"{
  label_de: Nein,
  id: cat-ship-s2_frs_mobil_elektro-0,
  label_en: No,
  value: 0,
  dataset: ship-start
}"
35304,Category,"{
  label_de: kein Feld angekreuzt,
  id: cat-ship-s2_frs_mobil_elektro-9,
  label_en: no tick in the box,
  value: 9,
  dataset: ship-start
}"
35305,Category,"{
  label_de: Mäßig,
  id: cat-ship-s2_ges_bl_07-3,
  label_en: moderate,
  value: 3,
  dataset: ship-start
}"
35306,Category,"{
  label_de: Stark,
  id: cat-ship-s2_ges_bl_07-4,
  label_en: highly,
  value: 4,
  dataset: ship-start
}"
35307,Category,"{
  label_de: Kaum,
  id: cat-ship-s2_ges_bl_07-2,
  label_en: little,
  value: 2,
  dataset: ship-start
}"
35308,Category,"{
  label_de: Gar nicht,
  id: cat-ship-s2_ges_bl_07-1,
  label_en: none,
  value: 1,
  dataset: ship-start
}"
35309,Category,"{
  label_de: Weiß nicht,
  id: cat-ship-s3_schmerz_11a-998,
  label_en: do not know,
  value: 998,
  dataset: ship-start
}"
35310,Category,"{
  label_de: Nein,
  id: cat-ship-s3_schmerz_11a-0,
  label_en: No,
  value: 0,
  dataset: ship-start
}"
35311,Category,"{
  label_de: Antwortverweigerung,
  id: cat-ship-s3_schmerz_11a-999,
  label_en: refused to answer,
  value: 999,
  dataset: ship-start
}"
35312,Category,"{
  label_de: Ja,
  id: cat-ship-s3_schmerz_11a-1,
  label_en: Yes,
  value: 1,
  dataset: ship-start
}"
35313,Category,"{
  label_de: (J) erlaubter Sprung,
  id: cat-ship-sl_a44lb6-99983,
  label_en: (J) allowed jump,
  value: 99983,
  dataset: ship-start
}"
35314,Category,"{
  label_de: (888) Trifft nicht zu,
  id: cat-ship-sl_a44lb6-888,
  label_en: (888) Does not apply,
  value: 888,
  dataset: ship-start
}"
35315,Category,"{
  label_de: (777) Weiß nicht,
  id: cat-ship-sl_a44lb6-777,
  label_en: (777) Don't know,
  value: 777,
  dataset: ship-start
}"
35316,Category,"{
  label_de: (0) Nein,
  id: cat-ship-sl_a44lb6-0,
  label_en: (0) No,
  value: 0,
  dataset: ship-start
}"
35317,Category,"{
  label_de: (999) Unbekannt,
  id: cat-ship-sl_a44lb6-999,
  label_en: (999) Unknown,
  value: 999,
  dataset: ship-start
}"
35318,Category,"{
  label_de: (1) Ja,
  id: cat-ship-sl_a44lb6-1,
  label_en: (1) Yes,
  value: 1,
  dataset: ship-start
}"
35319,Category,"{
  label_de: (3) neutral,
  id: cat-ship-sl_l30bh1de-3,
  label_en: (3) neutral,
  value: 3,
  dataset: ship-start
}"
35320,Category,"{
  label_de: (2) positiv,
  id: cat-ship-sl_l30bh1de-2,
  label_en: (2) positive,
  value: 2,
  dataset: ship-start
}"
35321,Category,"{
  label_de: (5) sehr negativ,
  id: cat-ship-sl_l30bh1de-5,
  label_en: (5) very negative,
  value: 5,
  dataset: ship-start
}"
35322,Category,"{
  label_de: (888) Trifft nicht zu,
  id: cat-ship-sl_l30bh1de-888,
  label_en: (888) Does not apply,
  value: 888,
  dataset: ship-start
}"
35323,Category,"{
  label_de: (777) Weiß nicht,
  id: cat-ship-sl_l30bh1de-777,
  label_en: (777) Don't know,
  value: 777,
  dataset: ship-start
}"
35324,Category,"{
  label_de: (J) erlaubter Sprung,
  id: cat-ship-sl_l30bh1de-99983,
  label_en: (J) allowed jump,
  value: 99983,
  dataset: ship-start
}"
35325,Category,"{
  label_de: (999) Unbekannt,
  id: cat-ship-sl_l30bh1de-999,
  label_en: (999) Unknown,
  value: 999,
  dataset: ship-start
}"
35326,Category,"{
  label_de: (4) negativ,
  id: cat-ship-sl_l30bh1de-4,
  label_en: (4) negative,
  value: 4,
  dataset: ship-start
}"
35327,Category,"{
  label_de: (1) sehr positiv,
  id: cat-ship-sl_l30bh1de-1,
  label_en: (1) very positive,
  value: 1,
  dataset: ship-start
}"
35328,Category,"{
  label_de: (2) wenig,
  id: cat-ship-sl_d59s1nd-2,
  label_en: (2) little,
  value: 2,
  dataset: ship-start
}"
35329,Category,"{
  label_de: (J) erlaubter Sprung,
  id: cat-ship-sl_d59s1nd-99983,
  label_en: (J) allowed jump,
  value: 99983,
  dataset: ship-start
}"
35330,Category,"{
  label_de: (777) Weiß nicht,
  id: cat-ship-sl_d59s1nd-777,
  label_en: (777) Don't know,
  value: 777,
  dataset: ship-start
}"
35331,Category,"{
  label_de: (3) mäßig,
  id: cat-ship-sl_d59s1nd-3,
  label_en: (3) moderate,
  value: 3,
  dataset: ship-start
}"
35332,Category,"{
  label_de: (1) keine,
  id: cat-ship-sl_d59s1nd-1,
  label_en: (1) none,
  value: 1,
  dataset: ship-start
}"
35333,Category,"{
  label_de: (999) Unbekannt,
  id: cat-ship-sl_d59s1nd-999,
  label_en: (999) Unknown,
  value: 999,
  dataset: ship-start
}"
35334,Category,"{
  label_de: (888) Trifft nicht zu,
  id: cat-ship-sl_d59s1nd-888,
  label_en: (888) Does not apply,
  value: 888,
  dataset: ship-start
}"
35335,Category,"{
  label_de: (4) viel,
  id: cat-ship-sl_d59s1nd-4,
  label_en: (4) much,
  value: 4,
  dataset: ship-start
}"
35336,Category,"{
  label_de: (0) nicht erwünscht,
  id: cat-ship-sl_d59s1nd-0,
  label_en: (0) not desired,
  value: 0,
  dataset: ship-start
}"
35337,Category,"{
  id: cat-ship-s0_atc_c08ca08_s0-0,
  label_en: (0) No,
  value: 0,
  dataset: ship-start
}"
35338,Category,"{
  id: cat-ship-s0_atc_c08ca08_s0-1,
  label_en: (1) Yes,
  value: 1,
  dataset: ship-start
}"
35339,Category,"{
  label_de: Antwort verweigert,
  id: cat-ship-s1_asthm_6a-999,
  label_en: Refused to answer,
  value: 999,
  dataset: ship-start
}"
35340,Category,"{
  label_de: Ja,
  id: cat-ship-s1_asthm_6a-1,
  label_en: Yes,
  value: 1,
  dataset: ship-start
}"
35341,Category,"{
  label_de: Weiß nicht,
  id: cat-ship-s1_asthm_6a-998,
  label_en: Does not know,
  value: 998,
  dataset: ship-start
}"
35342,Category,"{
  label_de: Trifft nicht zu,
  id: cat-ship-s1_asthm_6a-997,
  label_en: Does not apply,
  value: 997,
  dataset: ship-start
}"
35343,Category,"{
  label_de: Nein,
  id: cat-ship-s1_asthm_6a-2,
  label_en: No,
  value: 2,
  dataset: ship-start
}"
35344,Category,"{
  label_de: Antwortverweigerung,
  id: cat-ship-s2_s2_inan_04x-9999,
  label_en: non-response (datetime),
  value: 9999,
  dataset: ship-start
}"
35345,Category,"{
  label_de: Weiß nicht,
  id: cat-ship-s2_s2_inan_04x-9998,
  label_en: I don't know (datetime),
  value: 9998,
  dataset: ship-start
}"
35346,Category,"{
  label_de: Messung nicht möglich,
  id: cat-ship-s2_s2_inan_04x-996,
  label_en: measurement not done,
  value: 996,
  dataset: ship-start
}"
35347,Category,"{
  label_de: Antwortverweigerung,
  id: cat-ship-s2_s2_inan_04x-999,
  label_en: non-response,
  value: 999,
  dataset: ship-start
}"
35348,Category,"{
  label_de: Nicht zutreffend,
  id: cat-ship-s2_s2_inan_04x-997,
  label_en: does not apply,
  value: 997,
  dataset: ship-start
}"
35349,Category,"{
  label_de: Weiß nicht,
  id: cat-ship-s2_s2_inan_04x-998,
  label_en: I don't know,
  value: 998,
  dataset: ship-start
}"
35350,Category,"{
  label_de: mit PZN / kein ATC,
  id: cat-ship-s3_id_status_orig-3,
  label_en: with PZN/no ATC,
  value: 3,
  dataset: ship-start
}"
35351,Category,"{
  label_de: mit PZN / ATC komplett,
  id: cat-ship-s3_id_status_orig-1,
  label_en: with PCN/ATC complete,
  value: 1,
  dataset: ship-start
}"
35352,Category,"{
  label_de: keine PZN / kein ATC,
  id: cat-ship-s3_id_status_orig-6,
  label_en: no PZN/no ATC,
  value: 6,
  dataset: ship-start
}"
35353,Category,"{
  label_de: keine PZN / ATC komplett,
  id: cat-ship-s3_id_status_orig-4,
  label_en: no PCN/ATC completed,
  value: 4,
  dataset: ship-start
}"
35354,Category,"{
  label_de: mit PZN / ATC teilweise,
  id: cat-ship-s3_id_status_orig-2,
  label_en: with PZN/ATC partly,
  value: 2,
  dataset: ship-start
}"
35355,Category,"{
  label_de: keine PZN / ATC teilweise,
  id: cat-ship-s3_id_status_orig-5,
  label_en: no PZN/ATC partly,
  value: 5,
  dataset: ship-start
}"
35356,Category,"{
  label_de: Ja,
  id: cat-ship-s4_mrt_adhoc_frak-1,
  label_en: Yes,
  value: 1,
  dataset: ship-start
}"
35357,Category,"{
  label_de: Nein,
  id: cat-ship-s4_mrt_adhoc_frak-0,
  label_en: No,
  value: 0,
  dataset: ship-start
}"
35358,Category,"{
  label_de: Nicht erfasst,
  id: cat-ship-s4_mrt_adhoc_frak-2,
  label_en: not captured,
  value: 2,
  dataset: ship-start
}"
35359,Category,"{
  label_de: (J) erlaubter Sprung,
  id: cat-ship-sl_l34d12-99983,
  label_en: (J) allowed jump,
  value: 99983,
  dataset: ship-start
}"
35360,Category,"{
  label_de: (999) Unbekannt,
  id: cat-ship-sl_l34d12-999,
  label_en: (999) Unknown,
  value: 999,
  dataset: ship-start
}"
35361,Category,"{
  label_de: (1) Ja,
  id: cat-ship-sl_l34d12-1,
  label_en: (1) Yes,
  value: 1,
  dataset: ship-start
}"
35362,Category,"{
  label_de: (888) Trifft nicht zu,
  id: cat-ship-sl_l34d12-888,
  label_en: (888) Does not apply,
  value: 888,
  dataset: ship-start
}"
35363,Category,"{
  label_de: (777) Weiß nicht,
  id: cat-ship-sl_l34d12-777,
  label_en: (777) Don't know,
  value: 777,
  dataset: ship-start
}"
35364,Category,"{
  label_de: (0) Nein,
  id: cat-ship-sl_l34d12-0,
  label_en: (0) No,
  value: 0,
  dataset: ship-start
}"
35365,Category,"{
  label_de: (J) erlaubter Sprung,
  id: cat-ship-sl_o74lb6-99983,
  label_en: (J) allowed jump,
  value: 99983,
  dataset: ship-start
}"
35366,Category,"{
  label_de: (999) Unbekannt,
  id: cat-ship-sl_o74lb6-999,
  label_en: (999) Unknown,
  value: 999,
  dataset: ship-start
}"
35367,Category,"{
  label_de: (1) Ja,
  id: cat-ship-sl_o74lb6-1,
  label_en: (1) Yes,
  value: 1,
  dataset: ship-start
}"
35368,Category,"{
  label_de: (888) Trifft nicht zu,
  id: cat-ship-sl_o74lb6-888,
  label_en: (888) Does not apply,
  value: 888,
  dataset: ship-start
}"
35369,Category,"{
  label_de: (777) Weiß nicht,
  id: cat-ship-sl_o74lb6-777,
  label_en: (777) Don't know,
  value: 777,
  dataset: ship-start
}"
35370,Category,"{
  label_de: (0) Nein,
  id: cat-ship-sl_o74lb6-0,
  label_en: (0) No,
  value: 0,
  dataset: ship-start
}"
35371,Category,"{
  label_de: (J) erlaubter Sprung,
  id: cat-ship-sl_o74lb7-99983,
  label_en: (J) allowed jump,
  value: 99983,
  dataset: ship-start
}"
35372,Category,"{
  label_de: (999) Unbekannt,
  id: cat-ship-sl_o74lb7-999,
  label_en: (999) Unknown,
  value: 999,
  dataset: ship-start
}"
35373,Category,"{
  label_de: (1) Ja,
  id: cat-ship-sl_o74lb7-1,
  label_en: (1) Yes,
  value: 1,
  dataset: ship-start
}"
35374,Category,"{
  label_de: (888) Trifft nicht zu,
  id: cat-ship-sl_o74lb7-888,
  label_en: (888) Does not apply,
  value: 888,
  dataset: ship-start
}"
35375,Category,"{
  label_de: (777) Weiß nicht,
  id: cat-ship-sl_o74lb7-777,
  label_en: (777) Don't know,
  value: 777,
  dataset: ship-start
}"
35376,Category,"{
  label_de: (0) Nein,
  id: cat-ship-sl_o74lb7-0,
  label_en: (0) No,
  value: 0,
  dataset: ship-start
}"
35377,Category,"{
  label_de: vorhanden,
  id: cat-ship-s0_kgorrein-1,
  label_en: present,
  value: 1,
  dataset: ship-start
}"
35378,Category,"{
  label_de: nicht vorhanden,
  id: cat-ship-s0_kgorrein-0,
  label_en: not present,
  value: 0,
  dataset: ship-start
}"
35379,Category,"{
  label_de: ja,
  id: cat-ship-s0_gicht2-1,
  label_en: yes,
  value: 1,
  dataset: ship-start
}"
35380,Category,"{
  label_de: Antwortverweigerung,
  id: cat-ship-s0_gicht2-9,
  label_en: Refusal to answer,
  value: 9,
  dataset: ship-start
}"
35381,Category,"{
  label_de: weiß nicht,
  id: cat-ship-s0_gicht2-8,
  label_en: do not know,
  value: 8,
  dataset: ship-start
}"
35382,Category,"{
  label_de: nein,
  id: cat-ship-s0_gicht2-2,
  label_en: no,
  value: 2,
  dataset: ship-start
}"
35383,Category,"{
  label_de: ja,
  id: cat-ship-s0_vorsorg-1,
  label_en: yes,
  value: 1,
  dataset: ship-start
}"
35384,Category,"{
  label_de: Antwortverweigerung,
  id: cat-ship-s0_vorsorg-9,
  label_en: Refusal to answer,
  value: 9,
  dataset: ship-start
}"
35385,Category,"{
  label_de: weiß nicht,
  id: cat-ship-s0_vorsorg-8,
  label_en: do not know,
  value: 8,
  dataset: ship-start
}"
35386,Category,"{
  label_de: nein,
  id: cat-ship-s0_vorsorg-2,
  label_en: no,
  value: 2,
  dataset: ship-start
}"
35387,Category,"{
  label_de: Antwortverweigerung,
  id: cat-ship-s1_kom_f06f-999,
  label_en: Refusal to answer,
  value: 999,
  dataset: ship-start
}"
35388,Category,"{
  label_de: weiß nicht,
  id: cat-ship-s1_kom_f06f-998,
  label_en: do not know,
  value: 998,
  dataset: ship-start
}"
35389,Category,"{
  label_de: nein,
  id: cat-ship-s1_kom_f06f-2,
  label_en: no,
  value: 2,
  dataset: ship-start
}"
35390,Category,"{
  label_de: keine Angabe,
  id: cat-ship-s1_kom_f06f-997,
  label_en: not specified,
  value: 997,
  dataset: ship-start
}"
35391,Category,"{
  label_de: ja,
  id: cat-ship-s1_kom_f06f-1,
  label_en: yes,
  value: 1,
  dataset: ship-start
}"
35392,Category,"{
  label_de: Weiß nicht,
  id: cat-ship-s1_unfal_4-998,
  label_en: Does not know,
  value: 998,
  dataset: ship-start
}"
35393,Category,"{
  label_de: Trifft nicht zu,
  id: cat-ship-s1_unfal_4-997,
  label_en: Does not apply,
  value: 997,
  dataset: ship-start
}"
35394,Category,"{
  label_de: Antwortverweigerung,
  id: cat-ship-s1_unfal_4-999,
  label_en: Refused to answer,
  value: 999,
  dataset: ship-start
}"
35395,Category,"{
  label_de: Einnahme in den letzten 12 Monaten,
  id: cat-ship-s1_zeitraum-12,
  label_en: taken in the last 12 months,
  value: 12,
  dataset: ship-start
}"
35396,Category,"{
  label_de: Einnahme in den letzten 7 Tagen,
  id: cat-ship-s1_zeitraum-7,
  label_en: taken in the last 7 days,
  value: 7,
  dataset: ship-start
}"
35397,Category,"{
  label_de: Manchmal,
  id: cat-ship-s3_frs_alltag_tv-2,
  label_en: Sometimes,
  value: 2,
  dataset: ship-start
}"
35398,Category,"{
  label_de: Oft,
  id: cat-ship-s3_frs_alltag_tv-1,
  label_en: Often,
  value: 1,
  dataset: ship-start
}"
35399,Category,"{
  label_de: Nie,
  id: cat-ship-s3_frs_alltag_tv-3,
  label_en: Never,
  value: 3,
  dataset: ship-start
}"
35400,Category,"{
  label_de: (J) erlaubter Sprung,
  id: cat-ship-sl_a46dsde-99983,
  label_en: (J) allowed jump,
  value: 99983,
  dataset: ship-start
}"
35401,Category,"{
  label_de: (999) Unbekannt,
  id: cat-ship-sl_a46dsde-999,
  label_en: (999) Unknown,
  value: 999,
  dataset: ship-start
}"
35402,Category,"{
  label_de: (1) Ja,
  id: cat-ship-sl_a46dsde-1,
  label_en: (1) Yes,
  value: 1,
  dataset: ship-start
}"
35403,Category,"{
  label_de: (888) Trifft nicht zu,
  id: cat-ship-sl_a46dsde-888,
  label_en: (888) Does not apply,
  value: 888,
  dataset: ship-start
}"
35404,Category,"{
  label_de: (777) Weiß nicht,
  id: cat-ship-sl_a46dsde-777,
  label_en: (777) Don't know,
  value: 777,
  dataset: ship-start
}"
35405,Category,"{
  label_de: (0) Nein,
  id: cat-ship-sl_a46dsde-0,
  label_en: (0) No,
  value: 0,
  dataset: ship-start
}"
35406,Category,"{
  label_de: (3) neutral,
  id: cat-ship-sl_l30bhpap-3,
  label_en: (3) neutral,
  value: 3,
  dataset: ship-start
}"
35407,Category,"{
  label_de: (2) positiv,
  id: cat-ship-sl_l30bhpap-2,
  label_en: (2) positive,
  value: 2,
  dataset: ship-start
}"
35408,Category,"{
  label_de: (5) sehr negativ,
  id: cat-ship-sl_l30bhpap-5,
  label_en: (5) very negative,
  value: 5,
  dataset: ship-start
}"
35409,Category,"{
  label_de: (J) erlaubter Sprung,
  id: cat-ship-sl_l30bhpap-99983,
  label_en: (J) allowed jump,
  value: 99983,
  dataset: ship-start
}"
35410,Category,"{
  label_de: (999) Unbekannt,
  id: cat-ship-sl_l30bhpap-999,
  label_en: (999) Unknown,
  value: 999,
  dataset: ship-start
}"
35411,Category,"{
  label_de: (4) negativ,
  id: cat-ship-sl_l30bhpap-4,
  label_en: (4) negative,
  value: 4,
  dataset: ship-start
}"
35412,Category,"{
  label_de: (1) sehr positiv,
  id: cat-ship-sl_l30bhpap-1,
  label_en: (1) very positive,
  value: 1,
  dataset: ship-start
}"
35413,Category,"{
  label_de: (888) Trifft nicht zu,
  id: cat-ship-sl_l30bhpap-888,
  label_en: (888) Does not apply,
  value: 888,
  dataset: ship-start
}"
35414,Category,"{
  label_de: (777) Weiß nicht,
  id: cat-ship-sl_l30bhpap-777,
  label_en: (777) Don't know,
  value: 777,
  dataset: ship-start
}"
35415,Category,"{
  label_de: ja,
  id: cat-ship-s0_krebs3-1,
  label_en: yes,
  value: 1,
  dataset: ship-start
}"
35416,Category,"{
  label_de: Antwortverweigerung,
  id: cat-ship-s0_krebs3-9,
  label_en: Refusal to answer,
  value: 9,
  dataset: ship-start
}"
35417,Category,"{
  label_de: weiß nicht,
  id: cat-ship-s0_krebs3-8,
  label_en: do not know,
  value: 8,
  dataset: ship-start
}"
35418,Category,"{
  label_de: nein,
  id: cat-ship-s0_krebs3-2,
  label_en: no,
  value: 2,
  dataset: ship-start
}"
35419,Category,"{
  label_de: Stimme überhaupt nicht zu,
  id: cat-ship-s0_rau79p-1,
  label_en: Do not agree at all,
  value: 1,
  dataset: ship-start
}"
35420,Category,"{
  label_de: Nicht auswertbar,
  id: cat-ship-s0_rau79p-8,
  label_en: Not evaluable,
  value: 8,
  dataset: ship-start
}"
35421,Category,"{
  label_de: Stimme nicht zu,
  id: cat-ship-s0_rau79p-2,
  label_en: Do not agree,
  value: 2,
  dataset: ship-start
}"
35422,Category,"{
  label_de: Keine Angabe,
  id: cat-ship-s0_rau79p-9,
  label_en: No answer,
  value: 9,
  dataset: ship-start
}"
35423,Category,"{
  label_de: Stimme sehr zu,
  id: cat-ship-s0_rau79p-5,
  label_en: Agree very much,
  value: 5,
  dataset: ship-start
}"
35424,Category,"{
  label_de: Stimme zu,
  id: cat-ship-s0_rau79p-4,
  label_en: Agree,
  value: 4,
  dataset: ship-start
}"
35425,Category,"{
  label_de: Bin unsicher,
  id: cat-ship-s0_rau79p-3,
  label_en: Am unsure,
  value: 3,
  dataset: ship-start
}"
35426,Category,"{
  label_de: Ja,
  id: cat-ship-s0_psydrog-1,
  label_en: Yes,
  value: 1,
  dataset: ship-start
}"
35427,Category,"{
  label_de: Keine Angabe,
  id: cat-ship-s0_psydrog-9,
  label_en: Not available,
  value: 9,
  dataset: ship-start
}"
35428,Category,"{
  label_de: Nicht auswertbar,
  id: cat-ship-s0_psydrog-8,
  label_en: Not evaluable,
  value: 8,
  dataset: ship-start
}"
35429,Category,"{
  label_de: Nein,
  id: cat-ship-s0_psydrog-2,
  label_en: No,
  value: 2,
  dataset: ship-start
}"
35430,Category,"{
  label_de: beidseitig,
  id: cat-ship-s1_inv_f09f-3,
  label_en: both sides,
  value: 3,
  dataset: ship-start
}"
35431,Category,"{
  label_de: nur links,
  id: cat-ship-s1_inv_f09f-2,
  label_en: left only,
  value: 2,
  dataset: ship-start
}"
35432,Category,"{
  label_de: keine Angabe,
  id: cat-ship-s1_inv_f09f-997,
  label_en: not specified,
  value: 997,
  dataset: ship-start
}"
35433,Category,"{
  label_de: nichts,
  id: cat-ship-s1_inv_f09f-4,
  label_en: nothing,
  value: 4,
  dataset: ship-start
}"
35434,Category,"{
  label_de: nur rechts,
  id: cat-ship-s1_inv_f09f-1,
  label_en: only right,
  value: 1,
  dataset: ship-start
}"
35435,Category,"{
  label_de: Weiß nicht,
  id: cat-ship-s2_s2_inan_04u-998,
  label_en: do not know,
  value: 998,
  dataset: ship-start
}"
35436,Category,"{
  label_de: Antwortverweigerung,
  id: cat-ship-s2_s2_inan_04u-999,
  label_en: refused to answer,
  value: 999,
  dataset: ship-start
}"
35437,Category,"{
  label_de: Ja,
  id: cat-ship-s2_s2_inan_04u-1,
  label_en: Yes,
  value: 1,
  dataset: ship-start
}"
35438,Category,"{
  label_de: Nein,
  id: cat-ship-s2_s2_inan_04u-2,
  label_en: No,
  value: 2,
  dataset: ship-start
}"
35439,Category,"{
  label_de: Weiß nicht,
  id: cat-ship-s3_schmerz_09-998,
  label_en: do not know,
  value: 998,
  dataset: ship-start
}"
35440,Category,"{
  label_de: Nein,
  id: cat-ship-s3_schmerz_09-0,
  label_en: No,
  value: 0,
  dataset: ship-start
}"
35441,Category,"{
  label_de: Antwortverweigerung,
  id: cat-ship-s3_schmerz_09-999,
  label_en: refused to answer,
  value: 999,
  dataset: ship-start
}"
35442,Category,"{
  label_de: Ja,
  id: cat-ship-s3_schmerz_09-1,
  label_en: Yes,
  value: 1,
  dataset: ship-start
}"
35443,Category,"{
  label_de: kaum verändert?,
  id: cat-ship-s0_wend47-3,
  label_en: hardly changed?,
  value: 3,
  dataset: ship-start
}"
35444,Category,"{
  label_de: trifft nicht zu (Antwort),
  id: cat-ship-s0_wend47-4,
  label_en: not applicable (answer),
  value: 4,
  dataset: ship-start
}"
35445,Category,"{
  label_de: Keine Angabe,
  id: cat-ship-s0_wend47-9,
  label_en: No answer,
  value: 9,
  dataset: ship-start
}"
35446,Category,"{
  label_de: Nicht auswertbar,
  id: cat-ship-s0_wend47-8,
  label_en: Not evaluable,
  value: 8,
  dataset: ship-start
}"
35447,Category,"{
  label_de: verschlechtert?,
  id: cat-ship-s0_wend47-2,
  label_en: worsened?,
  value: 2,
  dataset: ship-start
}"
35448,Category,"{
  label_de: verbessert?,
  id: cat-ship-s0_wend47-1,
  label_en: improved?,
  value: 1,
  dataset: ship-start
}"
35449,Category,"{
  label_de: Ja,
  id: cat-ship-s0_verk30-1,
  label_en: Yes,
  value: 1,
  dataset: ship-start
}"
35450,Category,"{
  label_de: Keine Angabe,
  id: cat-ship-s0_verk30-9,
  label_en: Not available,
  value: 9,
  dataset: ship-start
}"
35451,Category,"{
  label_de: Nicht auswertbar,
  id: cat-ship-s0_verk30-8,
  label_en: Not evaluable,
  value: 8,
  dataset: ship-start
}"
35452,Category,"{
  label_de: Nein,
  id: cat-ship-s0_verk30-2,
  label_en: No,
  value: 2,
  dataset: ship-start
}"
35453,Category,"{
  id: cat-ship-s0_mort_ca-0,
  label_en: (0) No,
  value: 0,
  dataset: ship-start
}"
35454,Category,"{
  id: cat-ship-s0_mort_ca-1,
  label_en: (1) Yes,
  value: 1,
  dataset: ship-start
}"
35455,Category,"{
  label_de: Antwort verweigert,
  id: cat-ship-s1_jod_1-999,
  label_en: Refused to answer,
  value: 999,
  dataset: ship-start
}"
35456,Category,"{
  label_de: Ja,
  id: cat-ship-s1_jod_1-1,
  label_en: Yes,
  value: 1,
  dataset: ship-start
}"
35457,Category,"{
  label_de: Weiß nicht,
  id: cat-ship-s1_jod_1-998,
  label_en: Does not know,
  value: 998,
  dataset: ship-start
}"
35458,Category,"{
  label_de: Trifft nicht zu,
  id: cat-ship-s1_jod_1-997,
  label_en: Does not apply,
  value: 997,
  dataset: ship-start
}"
35459,Category,"{
  label_de: Nein,
  id: cat-ship-s1_jod_1-2,
  label_en: No,
  value: 2,
  dataset: ship-start
}"
35460,Category,"{
  label_de: Antwort verweigert,
  id: cat-ship-s1_ptsdc_3-999,
  label_en: Refused to answer,
  value: 999,
  dataset: ship-start
}"
35461,Category,"{
  label_de: Ja,
  id: cat-ship-s1_ptsdc_3-1,
  label_en: Yes,
  value: 1,
  dataset: ship-start
}"
35462,Category,"{
  label_de: Weiß nicht,
  id: cat-ship-s1_ptsdc_3-998,
  label_en: Does not know,
  value: 998,
  dataset: ship-start
}"
35463,Category,"{
  label_de: Trifft nicht zu,
  id: cat-ship-s1_ptsdc_3-997,
  label_en: Does not apply,
  value: 997,
  dataset: ship-start
}"
35464,Category,"{
  label_de: Nein,
  id: cat-ship-s1_ptsdc_3-2,
  label_en: No,
  value: 2,
  dataset: ship-start
}"
35465,Category,"{
  label_de: Antwort verweigert,
  id: cat-ship-s2_od_8-999,
  label_en: answer denied,
  value: 999,
  dataset: ship-start
}"
35466,Category,"{
  label_de: Nein,
  id: cat-ship-s2_od_8-2,
  label_en: No,
  value: 2,
  dataset: ship-start
}"
35467,Category,"{
  label_de: Weiß nicht,
  id: cat-ship-s2_od_8-998,
  label_en: no idea,
  value: 998,
  dataset: ship-start
}"
35468,Category,"{
  label_de: Ja,
  id: cat-ship-s2_od_8-1,
  label_en: Yes,
  value: 1,
  dataset: ship-start
}"
35469,Category,"{
  label_de: Antwortverweigerung,
  id: cat-ship-s2_s2_claud_03-999,
  label_en: non-response,
  value: 999,
  dataset: ship-start
}"
35470,Category,"{
  label_de: Weiß nicht,
  id: cat-ship-s2_s2_claud_03-998,
  label_en: I don't know,
  value: 998,
  dataset: ship-start
}"
35471,Category,"{
  label_de: Ich gehe im gleichen Tempo weiter,
  id: cat-ship-s2_s2_claud_03-3,
  label_en: I keep on walking at the same pace,
  value: 3,
  dataset: ship-start
}"
35472,Category,"{
  label_de: Ich gehe langsamer,
  id: cat-ship-s2_s2_claud_03-2,
  label_en: I walk more slowly,
  value: 2,
  dataset: ship-start
}"
35473,Category,"{
  label_de: Ich bleibe stehen,
  id: cat-ship-s2_s2_claud_03-1,
  label_en: I keep standing,
  value: 1,
  dataset: ship-start
}"
35474,Category,"{
  label_de: Oft,
  id: cat-ship-s3_ohip_08-3,
  label_en: often,
  value: 3,
  dataset: ship-start
}"
35475,Category,"{
  label_de: Kaum,
  id: cat-ship-s3_ohip_08-1,
  label_en: little,
  value: 1,
  dataset: ship-start
}"
35476,Category,"{
  label_de: Weiß nicht,
  id: cat-ship-s3_ohip_08-998,
  label_en: no idea,
  value: 998,
  dataset: ship-start
}"
35477,Category,"{
  label_de: Sehr oft,
  id: cat-ship-s3_ohip_08-4,
  label_en: a good many times,
  value: 4,
  dataset: ship-start
}"
35478,Category,"{
  label_de: Nie,
  id: cat-ship-s3_ohip_08-0,
  label_en: never,
  value: 0,
  dataset: ship-start
}"
35479,Category,"{
  label_de: Antwort verweigert,
  id: cat-ship-s3_ohip_08-999,
  label_en: answer denied,
  value: 999,
  dataset: ship-start
}"
35480,Category,"{
  label_de: Ab und zu,
  id: cat-ship-s3_ohip_08-2,
  label_en: sometimes,
  value: 2,
  dataset: ship-start
}"
35481,Category,"{
  label_de: (J) erlaubter Sprung,
  id: cat-ship-sl_a44lb1-99983,
  label_en: (J) allowed jump,
  value: 99983,
  dataset: ship-start
}"
35482,Category,"{
  label_de: (999) Unbekannt,
  id: cat-ship-sl_a44lb1-999,
  label_en: (999) Unknown,
  value: 999,
  dataset: ship-start
}"
35483,Category,"{
  label_de: (1) Ja,
  id: cat-ship-sl_a44lb1-1,
  label_en: (1) Yes,
  value: 1,
  dataset: ship-start
}"
35484,Category,"{
  label_de: (888) Trifft nicht zu,
  id: cat-ship-sl_a44lb1-888,
  label_en: (888) Does not apply,
  value: 888,
  dataset: ship-start
}"
35485,Category,"{
  label_de: (777) Weiß nicht,
  id: cat-ship-sl_a44lb1-777,
  label_en: (777) Don't know,
  value: 777,
  dataset: ship-start
}"
35486,Category,"{
  label_de: (0) Nein,
  id: cat-ship-sl_a44lb1-0,
  label_en: (0) No,
  value: 0,
  dataset: ship-start
}"
35487,Category,"{
  label_de: (J) erlaubter Sprung,
  id: cat-ship-sl_a46d1nd-99983,
  label_en: (J) allowed jump,
  value: 99983,
  dataset: ship-start
}"
35488,Category,"{
  label_de: (999) Unbekannt,
  id: cat-ship-sl_a46d1nd-999,
  label_en: (999) Unknown,
  value: 999,
  dataset: ship-start
}"
35489,Category,"{
  label_de: (1) Ja,
  id: cat-ship-sl_a46d1nd-1,
  label_en: (1) Yes,
  value: 1,
  dataset: ship-start
}"
35490,Category,"{
  label_de: (888) Trifft nicht zu,
  id: cat-ship-sl_a46d1nd-888,
  label_en: (888) Does not apply,
  value: 888,
  dataset: ship-start
}"
35491,Category,"{
  label_de: (777) Weiß nicht,
  id: cat-ship-sl_a46d1nd-777,
  label_en: (777) Don't know,
  value: 777,
  dataset: ship-start
}"
35492,Category,"{
  label_de: (0) Nein,
  id: cat-ship-sl_a46d1nd-0,
  label_en: (0) No,
  value: 0,
  dataset: ship-start
}"
35493,Category,"{
  label_de: (999) Unbekannt,
  id: cat-ship-sl_kfb5-999,
  label_en: (999) Unknown,
  value: 999,
  dataset: ship-start
}"
35494,Category,"{
  label_de: (5) trifft genau zu,
  id: cat-ship-sl_kfb5-5,
  label_en: (5) Applies exactly,
  value: 5,
  dataset: ship-start
}"
35495,Category,"{
  label_de: (3),
  id: cat-ship-sl_kfb5-3,
  label_en: -3,
  value: 3,
  dataset: ship-start
}"
35496,Category,"{
  label_de: (2),
  id: cat-ship-sl_kfb5-2,
  label_en: -2,
  value: 2,
  dataset: ship-start
}"
35497,Category,"{
  label_de: (J) erlaubter Sprung,
  id: cat-ship-sl_kfb5-99983,
  label_en: (J) allowed jump,
  value: 99983,
  dataset: ship-start
}"
35498,Category,"{
  label_de: (777) Weiß nicht,
  id: cat-ship-sl_kfb5-777,
  label_en: (777) Don't know,
  value: 777,
  dataset: ship-start
}"
35499,Category,"{
  label_de: (1),
  id: cat-ship-sl_kfb5-1,
  label_en: -1,
  value: 1,
  dataset: ship-start
}"
35500,Category,"{
  label_de: (0) trifft gar nicht zu,
  id: cat-ship-sl_kfb5-0,
  label_en: (0) does not apply at all,
  value: 0,
  dataset: ship-start
}"
35501,Category,"{
  label_de: (4),
  id: cat-ship-sl_kfb5-4,
  label_en: -4,
  value: 4,
  dataset: ship-start
}"
35502,Category,"{
  label_de: ja,
  id: cat-ship-s0_arthros1-1,
  label_en: yes,
  value: 1,
  dataset: ship-start
}"
35503,Category,"{
  label_de: Antwortverweigerung,
  id: cat-ship-s0_arthros1-9,
  label_en: Refusal to answer,
  value: 9,
  dataset: ship-start
}"
35504,Category,"{
  label_de: weiß nicht,
  id: cat-ship-s0_arthros1-8,
  label_en: do not know,
  value: 8,
  dataset: ship-start
}"
35505,Category,"{
  label_de: nein,
  id: cat-ship-s0_arthros1-2,
  label_en: no,
  value: 2,
  dataset: ship-start
}"
35506,Category,"{
  id: cat-ship-s0_atc_b01_s0-0,
  label_en: (0) No,
  value: 0,
  dataset: ship-start
}"
35507,Category,"{
  id: cat-ship-s0_atc_b01_s0-1,
  label_en: (1) Yes,
  value: 1,
  dataset: ship-start
}"
35508,Category,"{
  label_de: Antwort verweigert,
  id: cat-ship-s1_asthma_6-999,
  label_en: Refused to answer,
  value: 999,
  dataset: ship-start
}"
35509,Category,"{
  label_de: Ja,
  id: cat-ship-s1_asthma_6-1,
  label_en: Yes,
  value: 1,
  dataset: ship-start
}"
35510,Category,"{
  label_de: Weiß nicht,
  id: cat-ship-s1_asthma_6-998,
  label_en: Does not know,
  value: 998,
  dataset: ship-start
}"
35511,Category,"{
  label_de: Trifft nicht zu,
  id: cat-ship-s1_asthma_6-997,
  label_en: Does not apply,
  value: 997,
  dataset: ship-start
}"
35512,Category,"{
  label_de: Nein,
  id: cat-ship-s1_asthma_6-2,
  label_en: No,
  value: 2,
  dataset: ship-start
}"
35513,Category,"{
  label_de: Antwort verweigert,
  id: cat-ship-s1_unfal_3-999,
  label_en: Refused to answer,
  value: 999,
  dataset: ship-start
}"
35514,Category,"{
  label_de: Ja,
  id: cat-ship-s1_unfal_3-1,
  label_en: Yes,
  value: 1,
  dataset: ship-start
}"
35515,Category,"{
  label_de: Weiß nicht,
  id: cat-ship-s1_unfal_3-998,
  label_en: Does not know,
  value: 998,
  dataset: ship-start
}"
35516,Category,"{
  label_de: Trifft nicht zu,
  id: cat-ship-s1_unfal_3-997,
  label_en: Does not apply,
  value: 997,
  dataset: ship-start
}"
35517,Category,"{
  label_de: Nein,
  id: cat-ship-s1_unfal_3-2,
  label_en: No,
  value: 2,
  dataset: ship-start
}"
35518,Category,"{
  label_de: Weiß nicht,
  id: cat-ship-s2_s2_claud_01-998,
  label_en: do not know,
  value: 998,
  dataset: ship-start
}"
35519,Category,"{
  label_de: Antwortverweigerung,
  id: cat-ship-s2_s2_claud_01-999,
  label_en: refused to answer,
  value: 999,
  dataset: ship-start
}"
35520,Category,"{
  label_de: Ja,
  id: cat-ship-s2_s2_claud_01-1,
  label_en: Yes,
  value: 1,
  dataset: ship-start
}"
35521,Category,"{
  label_de: Nein,
  id: cat-ship-s2_s2_claud_01-2,
  label_en: No,
  value: 2,
  dataset: ship-start
}"
35522,Category,"{
  label_de: Mäßig,
  id: cat-ship-s2_ges_bl_01-3,
  label_en: moderate,
  value: 3,
  dataset: ship-start
}"
35523,Category,"{
  label_de: Stark,
  id: cat-ship-s2_ges_bl_01-4,
  label_en: highly,
  value: 4,
  dataset: ship-start
}"
35524,Category,"{
  label_de: Kaum,
  id: cat-ship-s2_ges_bl_01-2,
  label_en: little,
  value: 2,
  dataset: ship-start
}"
35525,Category,"{
  label_de: Gar nicht,
  id: cat-ship-s2_ges_bl_01-1,
  label_en: none,
  value: 1,
  dataset: ship-start
}"
35526,Category,"{
  label_de: nein,
  id: cat-ship-s3_stu_dna03-0,
  label_en: no,
  value: 0,
  dataset: ship-start
}"
35527,Category,"{
  label_de: ja,
  id: cat-ship-s3_stu_dna03-1,
  label_en: yes,
  value: 1,
  dataset: ship-start
}"
35528,Category,"{
  label_de: nein,
  id: cat-ship-s3_mrt_ges_fgo_misc-0,
  label_en: no,
  value: 0,
  dataset: ship-start
}"
35529,Category,"{
  label_de: ja,
  id: cat-ship-s3_mrt_ges_fgo_misc-1,
  label_en: yes,
  value: 1,
  dataset: ship-start
}"
35530,Category,"{
  label_de: Weiß nicht,
  id: cat-ship-s3_schild_03-998,
  label_en: do not know,
  value: 998,
  dataset: ship-start
}"
35531,Category,"{
  label_de: Nein,
  id: cat-ship-s3_schild_03-0,
  label_en: No,
  value: 0,
  dataset: ship-start
}"
35532,Category,"{
  label_de: Antwortverweigerung,
  id: cat-ship-s3_schild_03-999,
  label_en: refused to answer,
  value: 999,
  dataset: ship-start
}"
35533,Category,"{
  label_de: Ja,
  id: cat-ship-s3_schild_03-1,
  label_en: Yes,
  value: 1,
  dataset: ship-start
}"
35534,Category,"{
  label_de: Weiß nicht,
  id: cat-ship-s3_schmerz_11c-998,
  label_en: do not know,
  value: 998,
  dataset: ship-start
}"
35535,Category,"{
  label_de: Nein,
  id: cat-ship-s3_schmerz_11c-0,
  label_en: No,
  value: 0,
  dataset: ship-start
}"
35536,Category,"{
  label_de: Antwortverweigerung,
  id: cat-ship-s3_schmerz_11c-999,
  label_en: refused to answer,
  value: 999,
  dataset: ship-start
}"
35537,Category,"{
  label_de: Ja,
  id: cat-ship-s3_schmerz_11c-1,
  label_en: Yes,
  value: 1,
  dataset: ship-start
}"
35538,Category,"{
  label_de: Weiß nicht,
  id: cat-ship-s3_int_baq_020a-998,
  label_en: do not know,
  value: 998,
  dataset: ship-start
}"
35539,Category,"{
  label_de: Nein,
  id: cat-ship-s3_int_baq_020a-0,
  label_en: No,
  value: 0,
  dataset: ship-start
}"
35540,Category,"{
  label_de: Antwortverweigerung,
  id: cat-ship-s3_int_baq_020a-999,
  label_en: refused to answer,
  value: 999,
  dataset: ship-start
}"
35541,Category,"{
  label_de: Ja,
  id: cat-ship-s3_int_baq_020a-1,
  label_en: Yes,
  value: 1,
  dataset: ship-start
}"
35542,Category,"{
  label_de: (J) erlaubter Sprung,
  id: cat-ship-sl_s10lb5-99983,
  label_en: (J) allowed jump,
  value: 99983,
  dataset: ship-start
}"
35543,Category,"{
  label_de: (999) Unbekannt,
  id: cat-ship-sl_s10lb5-999,
  label_en: (999) Unknown,
  value: 999,
  dataset: ship-start
}"
35544,Category,"{
  label_de: (1) Ja,
  id: cat-ship-sl_s10lb5-1,
  label_en: (1) Yes,
  value: 1,
  dataset: ship-start
}"
35545,Category,"{
  label_de: (888) Trifft nicht zu,
  id: cat-ship-sl_s10lb5-888,
  label_en: (888) Does not apply,
  value: 888,
  dataset: ship-start
}"
35546,Category,"{
  label_de: (777) Weiß nicht,
  id: cat-ship-sl_s10lb5-777,
  label_en: (777) Don't know,
  value: 777,
  dataset: ship-start
}"
35547,Category,"{
  label_de: (0) Nein,
  id: cat-ship-sl_s10lb5-0,
  label_en: (0) No,
  value: 0,
  dataset: ship-start
}"
35548,Category,"{
  label_de: (J) erlaubter Sprung,
  id: cat-ship-sl_a39d5j-99983,
  label_en: (J) allowed jump,
  value: 99983,
  dataset: ship-start
}"
35549,Category,"{
  label_de: (999) Unbekannt,
  id: cat-ship-sl_a39d5j-999,
  label_en: (999) Unknown,
  value: 999,
  dataset: ship-start
}"
35550,Category,"{
  label_de: (1) Ja,
  id: cat-ship-sl_a39d5j-1,
  label_en: (1) Yes,
  value: 1,
  dataset: ship-start
}"
35551,Category,"{
  label_de: (888) Trifft nicht zu,
  id: cat-ship-sl_a39d5j-888,
  label_en: (888) Does not apply,
  value: 888,
  dataset: ship-start
}"
35552,Category,"{
  label_de: (777) Weiß nicht,
  id: cat-ship-sl_a39d5j-777,
  label_en: (777) Don't know,
  value: 777,
  dataset: ship-start
}"
35553,Category,"{
  label_de: (0) Nein,
  id: cat-ship-sl_a39d5j-0,
  label_en: (0) No,
  value: 0,
  dataset: ship-start
}"
35554,Category,"{
  label_de: ja,
  id: cat-ship-s0_arthros3-1,
  label_en: yes,
  value: 1,
  dataset: ship-start
}"
35555,Category,"{
  label_de: Antwortverweigerung,
  id: cat-ship-s0_arthros3-9,
  label_en: Refusal to answer,
  value: 9,
  dataset: ship-start
}"
35556,Category,"{
  label_de: weiß nicht,
  id: cat-ship-s0_arthros3-8,
  label_en: do not know,
  value: 8,
  dataset: ship-start
}"
35557,Category,"{
  label_de: nein,
  id: cat-ship-s0_arthros3-2,
  label_en: no,
  value: 2,
  dataset: ship-start
}"
35558,Category,"{
  label_de: Nicht auswertbar,
  id: cat-ship-s0_ges70ueb-8,
  label_en: Not evaluable,
  value: 8,
  dataset: ship-start
}"
35559,Category,"{
  label_de: Stark,
  id: cat-ship-s0_ges70ueb-4,
  label_en: Strongly,
  value: 4,
  dataset: ship-start
}"
35560,Category,"{
  label_de: Mäßig,
  id: cat-ship-s0_ges70ueb-3,
  label_en: Moderately,
  value: 3,
  dataset: ship-start
}"
35561,Category,"{
  label_de: Gar nicht,
  id: cat-ship-s0_ges70ueb-1,
  label_en: Not at all,
  value: 1,
  dataset: ship-start
}"
35562,Category,"{
  label_de: Kaum,
  id: cat-ship-s0_ges70ueb-2,
  label_en: Hardly,
  value: 2,
  dataset: ship-start
}"
35563,Category,"{
  label_de: Keine Angabe,
  id: cat-ship-s0_ges70ueb-9,
  label_en: No information,
  value: 9,
  dataset: ship-start
}"
35564,Category,"{
  id: cat-ship-s0_mort_cvd-0,
  label_en: (0) No,
  value: 0,
  dataset: ship-start
}"
35565,Category,"{
  id: cat-ship-s0_mort_cvd-1,
  label_en: (1) Yes,
  value: 1,
  dataset: ship-start
}"
35566,Category,"{
  id: cat-ship-s0_menopause_s0-99,
  label_en: (99) uncertain status (not yet 12 months without menstruation and natural menopause),
  value: 99,
  dataset: ship-start
}"
35567,Category,"{
  id: cat-ship-s0_menopause_s0-0,
  label_en: (0) premenopausal,
  value: 0,
  dataset: ship-start
}"
35568,Category,"{
  id: cat-ship-s0_menopause_s0-1,
  label_en: (1) postmenopausal,
  value: 1,
  dataset: ship-start
}"
35569,Category,"{
  id: cat-ship-s0_steri_s0-0,
  label_en: (0) No,
  value: 0,
  dataset: ship-start
}"
35570,Category,"{
  id: cat-ship-s0_steri_s0-1,
  label_en: (1) Yes,
  value: 1,
  dataset: ship-start
}"
35571,Category,"{
  id: cat-ship-s0_atc_a09a_s0-0,
  label_en: (0) No,
  value: 0,
  dataset: ship-start
}"
35572,Category,"{
  id: cat-ship-s0_atc_a09a_s0-1,
  label_en: (1) Yes,
  value: 1,
  dataset: ship-start
}"
35573,Category,"{
  label_de: Nein,
  id: cat-ship-s2_mrt_aor_beso-0,
  label_en: No,
  value: 0,
  dataset: ship-start
}"
35574,Category,"{
  label_de: Ja,
  id: cat-ship-s2_mrt_aor_beso-1,
  label_en: Yes,
  value: 1,
  dataset: ship-start
}"
35575,Category,"{
  label_de: Nein,
  id: cat-ship-s2_mrt_fau_auf-0,
  label_en: No,
  value: 0,
  dataset: ship-start
}"
35576,Category,"{
  label_de: Ja,
  id: cat-ship-s2_mrt_fau_auf-1,
  label_en: Yes,
  value: 1,
  dataset: ship-start
}"
35577,Category,"{
  label_de: Ja,
  id: cat-ship-s2_frs_mobil_mitgeh-1,
  label_en: Yes,
  value: 1,
  dataset: ship-start
}"
35578,Category,"{
  label_de: kein Feld angekreuzt,
  id: cat-ship-s2_frs_mobil_mitgeh-9,
  label_en: no tick in the box,
  value: 9,
  dataset: ship-start
}"
35579,Category,"{
  label_de: Nein,
  id: cat-ship-s2_frs_mobil_mitgeh-0,
  label_en: No,
  value: 0,
  dataset: ship-start
}"
35580,Category,"{
  label_de: Ja,
  id: cat-ship-s3_mrt_ges_neck_nohl-1,
  label_en: Yes,
  value: 1,
  dataset: ship-start
}"
35581,Category,"{
  label_de: Nein,
  id: cat-ship-s3_mrt_ges_neck_nohl-0,
  label_en: No,
  value: 0,
  dataset: ship-start
}"
35582,Category,"{
  label_de: Oft,
  id: cat-ship-s3_ohip_07-3,
  label_en: often,
  value: 3,
  dataset: ship-start
}"
35583,Category,"{
  label_de: Kaum,
  id: cat-ship-s3_ohip_07-1,
  label_en: little,
  value: 1,
  dataset: ship-start
}"
35584,Category,"{
  label_de: Weiß nicht,
  id: cat-ship-s3_ohip_07-998,
  label_en: no idea,
  value: 998,
  dataset: ship-start
}"
35585,Category,"{
  label_de: Sehr oft,
  id: cat-ship-s3_ohip_07-4,
  label_en: a good many times,
  value: 4,
  dataset: ship-start
}"
35586,Category,"{
  label_de: Nie,
  id: cat-ship-s3_ohip_07-0,
  label_en: never,
  value: 0,
  dataset: ship-start
}"
35587,Category,"{
  label_de: Antwort verweigert,
  id: cat-ship-s3_ohip_07-999,
  label_en: answer denied,
  value: 999,
  dataset: ship-start
}"
35588,Category,"{
  label_de: Ab und zu,
  id: cat-ship-s3_ohip_07-2,
  label_en: sometimes,
  value: 2,
  dataset: ship-start
}"
35589,Category,"{
  label_de: (3) neutral,
  id: cat-ship-sl_k22bh12-3,
  label_en: (3) neutral,
  value: 3,
  dataset: ship-start
}"
35590,Category,"{
  label_de: (2) positiv,
  id: cat-ship-sl_k22bh12-2,
  label_en: (2) positive,
  value: 2,
  dataset: ship-start
}"
35591,Category,"{
  label_de: (5) sehr negativ,
  id: cat-ship-sl_k22bh12-5,
  label_en: (5) very negative,
  value: 5,
  dataset: ship-start
}"
35592,Category,"{
  label_de: (J) erlaubter Sprung,
  id: cat-ship-sl_k22bh12-99983,
  label_en: (J) allowed jump,
  value: 99983,
  dataset: ship-start
}"
35593,Category,"{
  label_de: (999) Unbekannt,
  id: cat-ship-sl_k22bh12-999,
  label_en: (999) Unknown,
  value: 999,
  dataset: ship-start
}"
35594,Category,"{
  label_de: (4) negativ,
  id: cat-ship-sl_k22bh12-4,
  label_en: (4) negative,
  value: 4,
  dataset: ship-start
}"
35595,Category,"{
  label_de: (1) sehr positiv,
  id: cat-ship-sl_k22bh12-1,
  label_en: (1) very positive,
  value: 1,
  dataset: ship-start
}"
35596,Category,"{
  label_de: (888) Trifft nicht zu,
  id: cat-ship-sl_k22bh12-888,
  label_en: (888) Does not apply,
  value: 888,
  dataset: ship-start
}"
35597,Category,"{
  label_de: (777) Weiß nicht,
  id: cat-ship-sl_k22bh12-777,
  label_en: (777) Don't know,
  value: 777,
  dataset: ship-start
}"
35598,Category,"{
  label_de: (J) erlaubter Sprung,
  id: cat-ship-sl_s10lb3-99983,
  label_en: (J) allowed jump,
  value: 99983,
  dataset: ship-start
}"
35599,Category,"{
  label_de: (999) Unbekannt,
  id: cat-ship-sl_s10lb3-999,
  label_en: (999) Unknown,
  value: 999,
  dataset: ship-start
}"
35600,Category,"{
  label_de: (1) Ja,
  id: cat-ship-sl_s10lb3-1,
  label_en: (1) Yes,
  value: 1,
  dataset: ship-start
}"
35601,Category,"{
  label_de: (888) Trifft nicht zu,
  id: cat-ship-sl_s10lb3-888,
  label_en: (888) Does not apply,
  value: 888,
  dataset: ship-start
}"
35602,Category,"{
  label_de: (777) Weiß nicht,
  id: cat-ship-sl_s10lb3-777,
  label_en: (777) Don't know,
  value: 777,
  dataset: ship-start
}"
35603,Category,"{
  label_de: (0) Nein,
  id: cat-ship-sl_s10lb3-0,
  label_en: (0) No,
  value: 0,
  dataset: ship-start
}"
35604,Category,"{
  label_de: (J) erlaubter Sprung,
  id: cat-ship-sl_s10lb6-99983,
  label_en: (J) allowed jump,
  value: 99983,
  dataset: ship-start
}"
35605,Category,"{
  label_de: (999) Unbekannt,
  id: cat-ship-sl_s10lb6-999,
  label_en: (999) Unknown,
  value: 999,
  dataset: ship-start
}"
35606,Category,"{
  label_de: (1) Ja,
  id: cat-ship-sl_s10lb6-1,
  label_en: (1) Yes,
  value: 1,
  dataset: ship-start
}"
35607,Category,"{
  label_de: (888) Trifft nicht zu,
  id: cat-ship-sl_s10lb6-888,
  label_en: (888) Does not apply,
  value: 888,
  dataset: ship-start
}"
35608,Category,"{
  label_de: (777) Weiß nicht,
  id: cat-ship-sl_s10lb6-777,
  label_en: (777) Don't know,
  value: 777,
  dataset: ship-start
}"
35609,Category,"{
  label_de: (0) Nein,
  id: cat-ship-sl_s10lb6-0,
  label_en: (0) No,
  value: 0,
  dataset: ship-start
}"
35610,Category,"{
  label_de: (J) erlaubter Sprung,
  id: cat-ship-sl_g62apam-99983,
  label_en: (J) jump allowed,
  value: 99983,
  dataset: ship-start
}"
35611,Category,"{
  label_de: (777) Weiß nicht,
  id: cat-ship-sl_g62apam-777,
  label_en: (777) Don't know,
  value: 777,
  dataset: ship-start
}"
35612,Category,"{
  label_de: (999) Unbekannt,
  id: cat-ship-sl_g62apam-999,
  label_en: (999) Unknown,
  value: 999,
  dataset: ship-start
}"
35613,Category,"{
  label_de: (888) Trifft nicht zu,
  id: cat-ship-sl_g62apam-888,
  label_en: (888) Does not apply,
  value: 888,
  dataset: ship-start
}"
35614,Category,"{
  label_de: (J) erlaubter Sprung,
  id: cat-ship-sl_l34d5j-99983,
  label_en: (J) allowed jump,
  value: 99983,
  dataset: ship-start
}"
35615,Category,"{
  label_de: (999) Unbekannt,
  id: cat-ship-sl_l34d5j-999,
  label_en: (999) Unknown,
  value: 999,
  dataset: ship-start
}"
35616,Category,"{
  label_de: (1) Ja,
  id: cat-ship-sl_l34d5j-1,
  label_en: (1) Yes,
  value: 1,
  dataset: ship-start
}"
35617,Category,"{
  label_de: (888) Trifft nicht zu,
  id: cat-ship-sl_l34d5j-888,
  label_en: (888) Does not apply,
  value: 888,
  dataset: ship-start
}"
35618,Category,"{
  label_de: (777) Weiß nicht,
  id: cat-ship-sl_l34d5j-777,
  label_en: (777) Don't know,
  value: 777,
  dataset: ship-start
}"
35619,Category,"{
  label_de: (0) Nein,
  id: cat-ship-sl_l34d5j-0,
  label_en: (0) No,
  value: 0,
  dataset: ship-start
}"
35620,Category,"{
  label_de: (3) neutral,
  id: cat-ship-sl_l36bhpap-3,
  label_en: (3) neutral,
  value: 3,
  dataset: ship-start
}"
35621,Category,"{
  label_de: (2) positiv,
  id: cat-ship-sl_l36bhpap-2,
  label_en: (2) positive,
  value: 2,
  dataset: ship-start
}"
35622,Category,"{
  label_de: (5) sehr negativ,
  id: cat-ship-sl_l36bhpap-5,
  label_en: (5) very negative,
  value: 5,
  dataset: ship-start
}"
35623,Category,"{
  label_de: (J) erlaubter Sprung,
  id: cat-ship-sl_l36bhpap-99983,
  label_en: (J) allowed jump,
  value: 99983,
  dataset: ship-start
}"
35624,Category,"{
  label_de: (999) Unbekannt,
  id: cat-ship-sl_l36bhpap-999,
  label_en: (999) Unknown,
  value: 999,
  dataset: ship-start
}"
35625,Category,"{
  label_de: (4) negativ,
  id: cat-ship-sl_l36bhpap-4,
  label_en: (4) negative,
  value: 4,
  dataset: ship-start
}"
35626,Category,"{
  label_de: (1) sehr positiv,
  id: cat-ship-sl_l36bhpap-1,
  label_en: (1) very positive,
  value: 1,
  dataset: ship-start
}"
35627,Category,"{
  label_de: (888) Trifft nicht zu,
  id: cat-ship-sl_l36bhpap-888,
  label_en: (888) Does not apply,
  value: 888,
  dataset: ship-start
}"
35628,Category,"{
  label_de: (777) Weiß nicht,
  id: cat-ship-sl_l36bhpap-777,
  label_en: (777) Don't know,
  value: 777,
  dataset: ship-start
}"
35629,Category,"{
  label_de: (999) Unbekannt,
  id: cat-ship-sl_kfb4-999,
  label_en: (999) Unknown,
  value: 999,
  dataset: ship-start
}"
35630,Category,"{
  label_de: (5) trifft genau zu,
  id: cat-ship-sl_kfb4-5,
  label_en: (5) Applies exactly,
  value: 5,
  dataset: ship-start
}"
35631,Category,"{
  label_de: (3),
  id: cat-ship-sl_kfb4-3,
  label_en: -3,
  value: 3,
  dataset: ship-start
}"
35632,Category,"{
  label_de: (2),
  id: cat-ship-sl_kfb4-2,
  label_en: -2,
  value: 2,
  dataset: ship-start
}"
35633,Category,"{
  label_de: (J) erlaubter Sprung,
  id: cat-ship-sl_kfb4-99983,
  label_en: (J) allowed jump,
  value: 99983,
  dataset: ship-start
}"
35634,Category,"{
  label_de: (777) Weiß nicht,
  id: cat-ship-sl_kfb4-777,
  label_en: (777) Don't know,
  value: 777,
  dataset: ship-start
}"
35635,Category,"{
  label_de: (1),
  id: cat-ship-sl_kfb4-1,
  label_en: -1,
  value: 1,
  dataset: ship-start
}"
35636,Category,"{
  label_de: (0) trifft gar nicht zu,
  id: cat-ship-sl_kfb4-0,
  label_en: (0) does not apply at all,
  value: 0,
  dataset: ship-start
}"
35637,Category,"{
  label_de: (4),
  id: cat-ship-sl_kfb4-4,
  label_en: -4,
  value: 4,
  dataset: ship-start
}"
35638,Category,"{
  label_de: (999) Unbekannt,
  id: cat-ship-sl_kfb9-999,
  label_en: (999) Unknown,
  value: 999,
  dataset: ship-start
}"
35639,Category,"{
  label_de: (5) trifft genau zu,
  id: cat-ship-sl_kfb9-5,
  label_en: (5) Applies exactly,
  value: 5,
  dataset: ship-start
}"
35640,Category,"{
  label_de: (3),
  id: cat-ship-sl_kfb9-3,
  label_en: -3,
  value: 3,
  dataset: ship-start
}"
35641,Category,"{
  label_de: (2),
  id: cat-ship-sl_kfb9-2,
  label_en: -2,
  value: 2,
  dataset: ship-start
}"
35642,Category,"{
  label_de: (J) erlaubter Sprung,
  id: cat-ship-sl_kfb9-99983,
  label_en: (J) allowed jump,
  value: 99983,
  dataset: ship-start
}"
35643,Category,"{
  label_de: (777) Weiß nicht,
  id: cat-ship-sl_kfb9-777,
  label_en: (777) Don't know,
  value: 777,
  dataset: ship-start
}"
35644,Category,"{
  label_de: (1),
  id: cat-ship-sl_kfb9-1,
  label_en: -1,
  value: 1,
  dataset: ship-start
}"
35645,Category,"{
  label_de: (0) trifft gar nicht zu,
  id: cat-ship-sl_kfb9-0,
  label_en: (0) does not apply at all,
  value: 0,
  dataset: ship-start
}"
35646,Category,"{
  label_de: (4),
  id: cat-ship-sl_kfb9-4,
  label_en: -4,
  value: 4,
  dataset: ship-start
}"
35647,Category,"{
  label_de: Nicht auswertbar,
  id: cat-ship-s0_wohn19_3-8,
  label_en: Not evaluable,
  value: 8,
  dataset: ship-start
}"
35648,Category,"{
  label_de: Nein,
  id: cat-ship-s0_wohn19_3-0,
  label_en: No,
  value: 0,
  dataset: ship-start
}"
35649,Category,"{
  label_de: Ja,
  id: cat-ship-s0_wohn19_3-1,
  label_en: Yes,
  value: 1,
  dataset: ship-start
}"
35650,Category,"{
  label_de: Keine Angabe,
  id: cat-ship-s0_wohn19_3-9,
  label_en: No information,
  value: 9,
  dataset: ship-start
}"
35651,Category,"{
  id: cat-ship-s0_atc_m01ab05_s0-0,
  label_en: (0) No,
  value: 0,
  dataset: ship-start
}"
35652,Category,"{
  id: cat-ship-s0_atc_m01ab05_s0-1,
  label_en: (1) Yes,
  value: 1,
  dataset: ship-start
}"
35653,Category,"{
  label_de: nein,
  id: cat-ship-s1_inv_f07a-3,
  label_en: no,
  value: 3,
  dataset: ship-start
}"
35654,Category,"{
  label_de: keine Angabe,
  id: cat-ship-s1_inv_f07a-997,
  label_en: no indication,
  value: 997,
  dataset: ship-start
}"
35655,Category,"{
  label_de: ja, Monat und Jahr bekannt,
  id: cat-ship-s1_inv_f07a-1,
  label_en: yes, month and year known,
  value: 1,
  dataset: ship-start
}"
35656,Category,"{
  label_de: ja, aber Zeitpunkt nicht mehr erinnerlich,
  id: cat-ship-s1_inv_f07a-2,
  label_en: yes, but time not remembered,
  value: 2,
  dataset: ship-start
}"
35657,Category,"{
  label_de: Antwort verweigert,
  id: cat-ship-s1_asthm_6b-999,
  label_en: Refused to answer,
  value: 999,
  dataset: ship-start
}"
35658,Category,"{
  label_de: Ja,
  id: cat-ship-s1_asthm_6b-1,
  label_en: Yes,
  value: 1,
  dataset: ship-start
}"
35659,Category,"{
  label_de: Weiß nicht,
  id: cat-ship-s1_asthm_6b-998,
  label_en: Does not know,
  value: 998,
  dataset: ship-start
}"
35660,Category,"{
  label_de: Trifft nicht zu,
  id: cat-ship-s1_asthm_6b-997,
  label_en: Does not apply,
  value: 997,
  dataset: ship-start
}"
35661,Category,"{
  label_de: Nein,
  id: cat-ship-s1_asthm_6b-2,
  label_en: No,
  value: 2,
  dataset: ship-start
}"
35662,Category,"{
  label_de: 5-15,
  id: cat-ship-s2_gluc_u-2,
  label_en: 5–15,
  value: 2,
  dataset: ship-start
}"
35663,Category,"{
  label_de: 2-5,
  id: cat-ship-s2_gluc_u-1,
  label_en: 2–5,
  value: 1,
  dataset: ship-start
}"
35664,Category,"{
  label_de: >40,
  id: cat-ship-s2_gluc_u-4,
  label_en: >40,
  value: 4,
  dataset: ship-start
}"
35665,Category,"{
  label_de: 15-40,
  id: cat-ship-s2_gluc_u-3,
  label_en: 15–40,
  value: 3,
  dataset: ship-start
}"
35666,Category,"{
  label_de: 0-2,
  id: cat-ship-s2_gluc_u-0,
  label_en: 0–2,
  value: 0,
  dataset: ship-start
}"
35667,Category,"{
  label_de: Mäßig,
  id: cat-ship-s2_ges_bl_37-3,
  label_en: moderate,
  value: 3,
  dataset: ship-start
}"
35668,Category,"{
  label_de: Stark,
  id: cat-ship-s2_ges_bl_37-4,
  label_en: highly,
  value: 4,
  dataset: ship-start
}"
35669,Category,"{
  label_de: Kaum,
  id: cat-ship-s2_ges_bl_37-2,
  label_en: little,
  value: 2,
  dataset: ship-start
}"
35670,Category,"{
  label_de: Gar nicht,
  id: cat-ship-s2_ges_bl_37-1,
  label_en: none,
  value: 1,
  dataset: ship-start
}"
35671,Category,"{
  label_de: Besonderheiten,
  id: cat-ship-s4_dex_prosthes_bes-1,
  label_en: particularities,
  value: 1,
  dataset: ship-start
}"
35672,Category,"{
  label_de: keine Besonderheiten,
  id: cat-ship-s4_dex_prosthes_bes-0,
  label_en: no particularities,
  value: 0,
  dataset: ship-start
}"
35673,Category,"{
  label_de: gesamter Befundbogen abgelehnt,
  id: cat-ship-s4_dex_prosthes_bes-9,
  label_en: total data sheets disallowed,
  value: 9,
  dataset: ship-start
}"
35674,Category,"{
  label_de: gesamter Befundbogen nicht erhebbar,
  id: cat-ship-s4_dex_prosthes_bes-8,
  label_en: total data sheets not collectible,
  value: 8,
  dataset: ship-start
}"
35675,Category,"{
  label_de: (2) wenig,
  id: cat-ship-sl_a46slt-2,
  label_en: (2) little,
  value: 2,
  dataset: ship-start
}"
35676,Category,"{
  label_de: (J) erlaubter Sprung,
  id: cat-ship-sl_a46slt-99983,
  label_en: (J) allowed jump,
  value: 99983,
  dataset: ship-start
}"
35677,Category,"{
  label_de: (999) Unbekannt,
  id: cat-ship-sl_a46slt-999,
  label_en: (999) Unknown,
  value: 999,
  dataset: ship-start
}"
35678,Category,"{
  label_de: (888) Trifft nicht zu,
  id: cat-ship-sl_a46slt-888,
  label_en: (888) Does not apply,
  value: 888,
  dataset: ship-start
}"
35679,Category,"{
  label_de: (4) viel,
  id: cat-ship-sl_a46slt-4,
  label_en: (4) much,
  value: 4,
  dataset: ship-start
}"
35680,Category,"{
  label_de: (0) nicht erwünscht,
  id: cat-ship-sl_a46slt-0,
  label_en: (0) not desired,
  value: 0,
  dataset: ship-start
}"
35681,Category,"{
  label_de: (777) Weiß nicht,
  id: cat-ship-sl_a46slt-777,
  label_en: (777) Don't know,
  value: 777,
  dataset: ship-start
}"
35682,Category,"{
  label_de: (3) mäßig,
  id: cat-ship-sl_a46slt-3,
  label_en: (3) moderate,
  value: 3,
  dataset: ship-start
}"
35683,Category,"{
  label_de: (1) keine,
  id: cat-ship-sl_a46slt-1,
  label_en: (1) none,
  value: 1,
  dataset: ship-start
}"
35684,Category,"{
  label_de: (3) neutral,
  id: cat-ship-sl_u78bd12-3,
  label_en: (3) neutral,
  value: 3,
  dataset: ship-start
}"
35685,Category,"{
  label_de: (2) positiv,
  id: cat-ship-sl_u78bd12-2,
  label_en: (2) positive,
  value: 2,
  dataset: ship-start
}"
35686,Category,"{
  label_de: (5) sehr negativ,
  id: cat-ship-sl_u78bd12-5,
  label_en: (5) very negative,
  value: 5,
  dataset: ship-start
}"
35687,Category,"{
  label_de: (J) erlaubter Sprung,
  id: cat-ship-sl_u78bd12-99983,
  label_en: (J) allowed jump,
  value: 99983,
  dataset: ship-start
}"
35688,Category,"{
  label_de: (999) Unbekannt,
  id: cat-ship-sl_u78bd12-999,
  label_en: (999) Unknown,
  value: 999,
  dataset: ship-start
}"
35689,Category,"{
  label_de: (4) negativ,
  id: cat-ship-sl_u78bd12-4,
  label_en: (4) negative,
  value: 4,
  dataset: ship-start
}"
35690,Category,"{
  label_de: (1) sehr positiv,
  id: cat-ship-sl_u78bd12-1,
  label_en: (1) very positive,
  value: 1,
  dataset: ship-start
}"
35691,Category,"{
  label_de: (888) Trifft nicht zu,
  id: cat-ship-sl_u78bd12-888,
  label_en: (888) Does not apply,
  value: 888,
  dataset: ship-start
}"
35692,Category,"{
  label_de: (777) Weiß nicht,
  id: cat-ship-sl_u78bd12-777,
  label_en: (777) Don't know,
  value: 777,
  dataset: ship-start
}"
35693,Category,"{
  label_de: (J) erlaubter Sprung,
  id: cat-ship-sl_k22lt-99983,
  label_en: (J) allowed jump,
  value: 99983,
  dataset: ship-start
}"
35694,Category,"{
  label_de: (999) Unbekannt,
  id: cat-ship-sl_k22lt-999,
  label_en: (999) Unknown,
  value: 999,
  dataset: ship-start
}"
35695,Category,"{
  label_de: (1) Ja,
  id: cat-ship-sl_k22lt-1,
  label_en: (1) Yes,
  value: 1,
  dataset: ship-start
}"
35696,Category,"{
  label_de: (888) Trifft nicht zu,
  id: cat-ship-sl_k22lt-888,
  label_en: (888) Does not apply,
  value: 888,
  dataset: ship-start
}"
35697,Category,"{
  label_de: (777) Weiß nicht,
  id: cat-ship-sl_k22lt-777,
  label_en: (777) Don't know,
  value: 777,
  dataset: ship-start
}"
35698,Category,"{
  label_de: (0) Nein,
  id: cat-ship-sl_k22lt-0,
  label_en: (0) No,
  value: 0,
  dataset: ship-start
}"
35699,Category,"{
  label_de: (J) erlaubter Sprung,
  id: cat-ship-sl_l32d12-99983,
  label_en: (J) allowed jump,
  value: 99983,
  dataset: ship-start
}"
35700,Category,"{
  label_de: (999) Unbekannt,
  id: cat-ship-sl_l32d12-999,
  label_en: (999) Unknown,
  value: 999,
  dataset: ship-start
}"
35701,Category,"{
  label_de: (1) Ja,
  id: cat-ship-sl_l32d12-1,
  label_en: (1) Yes,
  value: 1,
  dataset: ship-start
}"
35702,Category,"{
  label_de: (888) Trifft nicht zu,
  id: cat-ship-sl_l32d12-888,
  label_en: (888) Does not apply,
  value: 888,
  dataset: ship-start
}"
35703,Category,"{
  label_de: (777) Weiß nicht,
  id: cat-ship-sl_l32d12-777,
  label_en: (777) Don't know,
  value: 777,
  dataset: ship-start
}"
35704,Category,"{
  label_de: (0) Nein,
  id: cat-ship-sl_l32d12-0,
  label_en: (0) No,
  value: 0,
  dataset: ship-start
}"
35705,Category,"{
  label_de: (3) neutral,
  id: cat-ship-sl_a45bd1de-3,
  label_en: (3) neutral,
  value: 3,
  dataset: ship-start
}"
35706,Category,"{
  label_de: (2) positiv,
  id: cat-ship-sl_a45bd1de-2,
  label_en: (2) positive,
  value: 2,
  dataset: ship-start
}"
35707,Category,"{
  label_de: (5) sehr negativ,
  id: cat-ship-sl_a45bd1de-5,
  label_en: (5) very negative,
  value: 5,
  dataset: ship-start
}"
35708,Category,"{
  label_de: (J) erlaubter Sprung,
  id: cat-ship-sl_a45bd1de-99983,
  label_en: (J) allowed jump,
  value: 99983,
  dataset: ship-start
}"
35709,Category,"{
  label_de: (999) Unbekannt,
  id: cat-ship-sl_a45bd1de-999,
  label_en: (999) Unknown,
  value: 999,
  dataset: ship-start
}"
35710,Category,"{
  label_de: (4) negativ,
  id: cat-ship-sl_a45bd1de-4,
  label_en: (4) negative,
  value: 4,
  dataset: ship-start
}"
35711,Category,"{
  label_de: (1) sehr positiv,
  id: cat-ship-sl_a45bd1de-1,
  label_en: (1) very positive,
  value: 1,
  dataset: ship-start
}"
35712,Category,"{
  label_de: (888) Trifft nicht zu,
  id: cat-ship-sl_a45bd1de-888,
  label_en: (888) Does not apply,
  value: 888,
  dataset: ship-start
}"
35713,Category,"{
  label_de: (777) Weiß nicht,
  id: cat-ship-sl_a45bd1de-777,
  label_en: (777) Don't know,
  value: 777,
  dataset: ship-start
}"
35714,Category,"{
  label_de: Weiß nicht,
  id: cat-ship-s2_s2_belast_14-998,
  label_en: do not know,
  value: 998,
  dataset: ship-start
}"
35715,Category,"{
  label_de: Nein,
  id: cat-ship-s2_s2_belast_14-2,
  label_en: No,
  value: 2,
  dataset: ship-start
}"
35716,Category,"{
  label_de: Ja,
  id: cat-ship-s2_s2_belast_14-1,
  label_en: Yes,
  value: 1,
  dataset: ship-start
}"
35717,Category,"{
  label_de: Antwortverweigerung,
  id: cat-ship-s2_s2_belast_14-999,
  label_en: refused to answer,
  value: 999,
  dataset: ship-start
}"
35718,Category,"{
  label_de: Antwortverweigerung,
  id: cat-ship-s2_s2_belast_13-9999,
  label_en: non-response (datetime),
  value: 9999,
  dataset: ship-start
}"
35719,Category,"{
  label_de: Weiß nicht,
  id: cat-ship-s2_s2_belast_13-9998,
  label_en: I don't know (datetime),
  value: 9998,
  dataset: ship-start
}"
35720,Category,"{
  label_de: Messung nicht möglich,
  id: cat-ship-s2_s2_belast_13-996,
  label_en: measurement not done,
  value: 996,
  dataset: ship-start
}"
35721,Category,"{
  label_de: Weiß nicht,
  id: cat-ship-s2_s2_belast_13-998,
  label_en: I don't know,
  value: 998,
  dataset: ship-start
}"
35722,Category,"{
  label_de: Nicht zutreffend,
  id: cat-ship-s2_s2_belast_13-997,
  label_en: does not apply,
  value: 997,
  dataset: ship-start
}"
35723,Category,"{
  label_de: Antwortverweigerung,
  id: cat-ship-s2_s2_belast_13-999,
  label_en: non-response,
  value: 999,
  dataset: ship-start
}"
35724,Category,"{
  label_de: unscharf,
  id: cat-ship-s2_mrt_roehre_begfemli-2,
  label_en: ill-defined bone,
  value: 2,
  dataset: ship-start
}"
35725,Category,"{
  label_de: scharf,
  id: cat-ship-s2_mrt_roehre_begfemli-1,
  label_en: sharp bone,
  value: 1,
  dataset: ship-start
}"
35726,Category,"{
  label_de: Ja, rechts,
  id: cat-ship-s4_sd_op-1,
  label_en: Yes, right,
  value: 1,
  dataset: ship-start
}"
35727,Category,"{
  label_de: Weiß nicht,
  id: cat-ship-s4_sd_op-4,
  label_en: do not know,
  value: 4,
  dataset: ship-start
}"
35728,Category,"{
  label_de: Nein,
  id: cat-ship-s4_sd_op-0,
  label_en: No,
  value: 0,
  dataset: ship-start
}"
35729,Category,"{
  label_de: Ja, links,
  id: cat-ship-s4_sd_op-2,
  label_en: Yes, left,
  value: 2,
  dataset: ship-start
}"
35730,Category,"{
  label_de: Ja, beidseits,
  id: cat-ship-s4_sd_op-3,
  label_en: Yes, both,
  value: 3,
  dataset: ship-start
}"
35731,Category,"{
  label_de: (3) neutral,
  id: cat-ship-sl_a45bd1nd-3,
  label_en: (3) neutral,
  value: 3,
  dataset: ship-start
}"
35732,Category,"{
  label_de: (2) positiv,
  id: cat-ship-sl_a45bd1nd-2,
  label_en: (2) positive,
  value: 2,
  dataset: ship-start
}"
35733,Category,"{
  label_de: (5) sehr negativ,
  id: cat-ship-sl_a45bd1nd-5,
  label_en: (5) very negative,
  value: 5,
  dataset: ship-start
}"
35734,Category,"{
  label_de: (777) Weiß nicht,
  id: cat-ship-sl_a45bd1nd-777,
  label_en: (777) Don't know,
  value: 777,
  dataset: ship-start
}"
35735,Category,"{
  label_de: (888) Trifft nicht zu,
  id: cat-ship-sl_a45bd1nd-888,
  label_en: (888) Does not apply,
  value: 888,
  dataset: ship-start
}"
35736,Category,"{
  label_de: (J) erlaubter Sprung,
  id: cat-ship-sl_a45bd1nd-99983,
  label_en: (J) allowed jump,
  value: 99983,
  dataset: ship-start
}"
35737,Category,"{
  label_de: (999) Unbekannt,
  id: cat-ship-sl_a45bd1nd-999,
  label_en: (999) Unknown,
  value: 999,
  dataset: ship-start
}"
35738,Category,"{
  label_de: (4) negativ,
  id: cat-ship-sl_a45bd1nd-4,
  label_en: (4) negative,
  value: 4,
  dataset: ship-start
}"
35739,Category,"{
  label_de: (1) sehr positiv,
  id: cat-ship-sl_a45bd1nd-1,
  label_en: (1) very positive,
  value: 1,
  dataset: ship-start
}"
35740,Category,"{
  label_de: (J) erlaubter Sprung,
  id: cat-ship-sl_a46d1de-99983,
  label_en: (J) allowed jump,
  value: 99983,
  dataset: ship-start
}"
35741,Category,"{
  label_de: (0) Nein,
  id: cat-ship-sl_a46d1de-0,
  label_en: (0) No,
  value: 0,
  dataset: ship-start
}"
35742,Category,"{
  label_de: (888) Trifft nicht zu,
  id: cat-ship-sl_a46d1de-888,
  label_en: (888) Does not apply,
  value: 888,
  dataset: ship-start
}"
35743,Category,"{
  label_de: (777) Weiß nicht,
  id: cat-ship-sl_a46d1de-777,
  label_en: (777) Don't know,
  value: 777,
  dataset: ship-start
}"
35744,Category,"{
  label_de: (999) Unbekannt,
  id: cat-ship-sl_a46d1de-999,
  label_en: (999) Unknown,
  value: 999,
  dataset: ship-start
}"
35745,Category,"{
  label_de: (1) Ja,
  id: cat-ship-sl_a46d1de-1,
  label_en: (1) Yes,
  value: 1,
  dataset: ship-start
}"
35746,Category,"{
  label_de: richtige Antwort,
  id: cat-ship-s1_mini_12d-1,
  label_en: correct answer,
  value: 1,
  dataset: ship-start
}"
35747,Category,"{
  label_de: falsche/ gar keine Antwort,
  id: cat-ship-s1_mini_12d-0,
  label_en: wrong/ no answer,
  value: 0,
  dataset: ship-start
}"
35748,Category,"{
  label_de: Trifft nicht zu,
  id: cat-ship-s1_ptsdd_8-997,
  label_en: Does not apply,
  value: 997,
  dataset: ship-start
}"
35749,Category,"{
  label_de: Antwortverweigerung,
  id: cat-ship-s1_ptsdd_8-999,
  label_en: Refused to answer,
  value: 999,
  dataset: ship-start
}"
35750,Category,"{
  label_de: Weiß nicht,
  id: cat-ship-s1_ptsdd_8-998,
  label_en: Does not know,
  value: 998,
  dataset: ship-start
}"
35751,Category,"{
  label_de: Ja,
  id: cat-ship-s3_frs_mobil_mitgeh-1,
  label_en: Yes,
  value: 1,
  dataset: ship-start
}"
35752,Category,"{
  label_de: Nein,
  id: cat-ship-s3_frs_mobil_mitgeh-0,
  label_en: No,
  value: 0,
  dataset: ship-start
}"
35753,Category,"{
  label_de: Nein,
  id: cat-ship-s4_intro_cons_stuhl-0,
  label_en: No,
  value: 0,
  dataset: ship-start
}"
35754,Category,"{
  label_de: Ja,
  id: cat-ship-s4_intro_cons_stuhl-1,
  label_en: Yes,
  value: 1,
  dataset: ship-start
}"
35755,Category,"{
  label_de: (J) erlaubter Sprung,
  id: cat-ship-sl_a39bhpap-99983,
  label_en: (J) allowed jump,
  value: 99983,
  dataset: ship-start
}"
35756,Category,"{
  label_de: (999) Unbekannt,
  id: cat-ship-sl_a39bhpap-999,
  label_en: (999) Unknown,
  value: 999,
  dataset: ship-start
}"
35757,Category,"{
  label_de: (4) negativ,
  id: cat-ship-sl_a39bhpap-4,
  label_en: (4) negative,
  value: 4,
  dataset: ship-start
}"
35758,Category,"{
  label_de: (1) sehr positiv,
  id: cat-ship-sl_a39bhpap-1,
  label_en: (1) very positive,
  value: 1,
  dataset: ship-start
}"
35759,Category,"{
  label_de: (888) Trifft nicht zu,
  id: cat-ship-sl_a39bhpap-888,
  label_en: (888) Does not apply,
  value: 888,
  dataset: ship-start
}"
35760,Category,"{
  label_de: (777) Weiß nicht,
  id: cat-ship-sl_a39bhpap-777,
  label_en: (777) Don't know,
  value: 777,
  dataset: ship-start
}"
35761,Category,"{
  label_de: (3) neutral,
  id: cat-ship-sl_a39bhpap-3,
  label_en: (3) neutral,
  value: 3,
  dataset: ship-start
}"
35762,Category,"{
  label_de: (2) positiv,
  id: cat-ship-sl_a39bhpap-2,
  label_en: (2) positive,
  value: 2,
  dataset: ship-start
}"
35763,Category,"{
  label_de: (5) sehr negativ,
  id: cat-ship-sl_a39bhpap-5,
  label_en: (5) very negative,
  value: 5,
  dataset: ship-start
}"
35764,Category,"{
  label_de: (999) Unbekannt,
  id: cat-ship-sl_f50lt-999,
  label_en: (999) Unknown,
  value: 999,
  dataset: ship-start
}"
35765,Category,"{
  label_de: (1) Ja,
  id: cat-ship-sl_f50lt-1,
  label_en: (1) Yes,
  value: 1,
  dataset: ship-start
}"
35766,Category,"{
  label_de: (888) Trifft nicht zu,
  id: cat-ship-sl_f50lt-888,
  label_en: (888) Does not apply,
  value: 888,
  dataset: ship-start
}"
35767,Category,"{
  label_de: (777) Weiß nicht,
  id: cat-ship-sl_f50lt-777,
  label_en: (777) Don't know,
  value: 777,
  dataset: ship-start
}"
35768,Category,"{
  label_de: (0) Nein,
  id: cat-ship-sl_f50lt-0,
  label_en: (0) No,
  value: 0,
  dataset: ship-start
}"
35769,Category,"{
  label_de: (J) erlaubter Sprung,
  id: cat-ship-sl_f50lt-99983,
  label_en: (J) allowed jump,
  value: 99983,
  dataset: ship-start
}"
35770,Category,"{
  label_de: (999) Unbekannt,
  id: cat-ship-sl_k22lb6-999,
  label_en: (999) Unknown,
  value: 999,
  dataset: ship-start
}"
35771,Category,"{
  label_de: (1) Ja,
  id: cat-ship-sl_k22lb6-1,
  label_en: (1) Yes,
  value: 1,
  dataset: ship-start
}"
35772,Category,"{
  label_de: (888) Trifft nicht zu,
  id: cat-ship-sl_k22lb6-888,
  label_en: (888) Does not apply,
  value: 888,
  dataset: ship-start
}"
35773,Category,"{
  label_de: (777) Weiß nicht,
  id: cat-ship-sl_k22lb6-777,
  label_en: (777) Don't know,
  value: 777,
  dataset: ship-start
}"
35774,Category,"{
  label_de: (0) Nein,
  id: cat-ship-sl_k22lb6-0,
  label_en: (0) No,
  value: 0,
  dataset: ship-start
}"
35775,Category,"{
  label_de: (J) erlaubter Sprung,
  id: cat-ship-sl_k22lb6-99983,
  label_en: (J) allowed jump,
  value: 99983,
  dataset: ship-start
}"
35776,Category,"{
  label_de: keine Angabe,
  id: cat-ship-s1_inv_f09e-997,
  label_en: not specified,
  value: 997,
  dataset: ship-start
}"
35777,Category,"{
  label_de: nichts,
  id: cat-ship-s1_inv_f09e-4,
  label_en: nothing,
  value: 4,
  dataset: ship-start
}"
35778,Category,"{
  label_de: nur rechts,
  id: cat-ship-s1_inv_f09e-1,
  label_en: only right,
  value: 1,
  dataset: ship-start
}"
35779,Category,"{
  label_de: beidseitig,
  id: cat-ship-s1_inv_f09e-3,
  label_en: both sides,
  value: 3,
  dataset: ship-start
}"
35780,Category,"{
  label_de: nur links,
  id: cat-ship-s1_inv_f09e-2,
  label_en: left only,
  value: 2,
  dataset: ship-start
}"
35781,Category,"{
  label_de: Nein,
  id: cat-ship-s1_ptsdc_1-2,
  label_en: No,
  value: 2,
  dataset: ship-start
}"
35782,Category,"{
  label_de: Antwort verweigert,
  id: cat-ship-s1_ptsdc_1-999,
  label_en: Refused to answer,
  value: 999,
  dataset: ship-start
}"
35783,Category,"{
  label_de: Ja,
  id: cat-ship-s1_ptsdc_1-1,
  label_en: Yes,
  value: 1,
  dataset: ship-start
}"
35784,Category,"{
  label_de: Weiß nicht,
  id: cat-ship-s1_ptsdc_1-998,
  label_en: Does not know,
  value: 998,
  dataset: ship-start
}"
35785,Category,"{
  label_de: Trifft nicht zu,
  id: cat-ship-s1_ptsdc_1-997,
  label_en: Does not apply,
  value: 997,
  dataset: ship-start
}"
35786,Category,"{
  label_de: Ja,
  id: cat-ship-s2_mrt_mamana_zylaebe-1,
  label_en: Yes,
  value: 1,
  dataset: ship-start
}"
35787,Category,"{
  label_de: Nein,
  id: cat-ship-s2_mrt_mamana_zylaebe-0,
  label_en: No,
  value: 0,
  dataset: ship-start
}"
35788,Category,"{
  label_de: Ja,
  id: cat-ship-s2_mrt_wirb_schhwk34-1,
  label_en: Yes,
  value: 1,
  dataset: ship-start
}"
35789,Category,"{
  label_de: Nein,
  id: cat-ship-s2_mrt_wirb_schhwk34-0,
  label_en: No,
  value: 0,
  dataset: ship-start
}"
35790,Category,"{
  label_de: (999) Unbekannt,
  id: cat-ship-sl_o74lb9-999,
  label_en: (999) Unknown,
  value: 999,
  dataset: ship-start
}"
35791,Category,"{
  label_de: (1) Ja,
  id: cat-ship-sl_o74lb9-1,
  label_en: (1) Yes,
  value: 1,
  dataset: ship-start
}"
35792,Category,"{
  label_de: (888) Trifft nicht zu,
  id: cat-ship-sl_o74lb9-888,
  label_en: (888) Does not apply,
  value: 888,
  dataset: ship-start
}"
35793,Category,"{
  label_de: (777) Weiß nicht,
  id: cat-ship-sl_o74lb9-777,
  label_en: (777) Don't know,
  value: 777,
  dataset: ship-start
}"
35794,Category,"{
  label_de: (0) Nein,
  id: cat-ship-sl_o74lb9-0,
  label_en: (0) No,
  value: 0,
  dataset: ship-start
}"
35795,Category,"{
  label_de: (J) erlaubter Sprung,
  id: cat-ship-sl_o74lb9-99983,
  label_en: (J) allowed jump,
  value: 99983,
  dataset: ship-start
}"
35796,Category,"{
  label_de: (999) Unbekannt,
  id: cat-ship-sl_w53d12-999,
  label_en: (999) Unknown,
  value: 999,
  dataset: ship-start
}"
35797,Category,"{
  label_de: (1) Ja,
  id: cat-ship-sl_w53d12-1,
  label_en: (1) Yes,
  value: 1,
  dataset: ship-start
}"
35798,Category,"{
  label_de: (888) Trifft nicht zu,
  id: cat-ship-sl_w53d12-888,
  label_en: (888) Does not apply,
  value: 888,
  dataset: ship-start
}"
35799,Category,"{
  label_de: (777) Weiß nicht,
  id: cat-ship-sl_w53d12-777,
  label_en: (777) Don't know,
  value: 777,
  dataset: ship-start
}"
35800,Category,"{
  label_de: (0) Nein,
  id: cat-ship-sl_w53d12-0,
  label_en: (0) No,
  value: 0,
  dataset: ship-start
}"
35801,Category,"{
  label_de: (J) erlaubter Sprung,
  id: cat-ship-sl_w53d12-99983,
  label_en: (J) allowed jump,
  value: 99983,
  dataset: ship-start
}"
35802,Category,"{
  label_de: (999) Unbekannt,
  id: cat-ship-sl_k21dpap-999,
  label_en: (999) Unknown,
  value: 999,
  dataset: ship-start
}"
35803,Category,"{
  label_de: (1) Ja,
  id: cat-ship-sl_k21dpap-1,
  label_en: (1) Yes,
  value: 1,
  dataset: ship-start
}"
35804,Category,"{
  label_de: (888) Trifft nicht zu,
  id: cat-ship-sl_k21dpap-888,
  label_en: (888) Does not apply,
  value: 888,
  dataset: ship-start
}"
35805,Category,"{
  label_de: (777) Weiß nicht,
  id: cat-ship-sl_k21dpap-777,
  label_en: (777) Don't know,
  value: 777,
  dataset: ship-start
}"
35806,Category,"{
  label_de: (0) Nein,
  id: cat-ship-sl_k21dpap-0,
  label_en: (0) No,
  value: 0,
  dataset: ship-start
}"
35807,Category,"{
  label_de: (J) erlaubter Sprung,
  id: cat-ship-sl_k21dpap-99983,
  label_en: (J) allowed jump,
  value: 99983,
  dataset: ship-start
}"
35808,Category,"{
  label_de: (999) Unbekannt,
  id: cat-ship-sl_k21dpam-999,
  label_en: (999) Unknown,
  value: 999,
  dataset: ship-start
}"
35809,Category,"{
  label_de: (1) Ja,
  id: cat-ship-sl_k21dpam-1,
  label_en: (1) Yes,
  value: 1,
  dataset: ship-start
}"
35810,Category,"{
  label_de: (888) Trifft nicht zu,
  id: cat-ship-sl_k21dpam-888,
  label_en: (888) Does not apply,
  value: 888,
  dataset: ship-start
}"
35811,Category,"{
  label_de: (777) Weiß nicht,
  id: cat-ship-sl_k21dpam-777,
  label_en: (777) Don't know,
  value: 777,
  dataset: ship-start
}"
35812,Category,"{
  label_de: (0) Nein,
  id: cat-ship-sl_k21dpam-0,
  label_en: (0) No,
  value: 0,
  dataset: ship-start
}"
35813,Category,"{
  label_de: (J) erlaubter Sprung,
  id: cat-ship-sl_k21dpam-99983,
  label_en: (J) allowed jump,
  value: 99983,
  dataset: ship-start
}"
35814,Category,"{
  label_de: (999) Unbekannt,
  id: cat-ship-sl_f51lt-999,
  label_en: (999) Unknown,
  value: 999,
  dataset: ship-start
}"
35815,Category,"{
  label_de: (1) Ja,
  id: cat-ship-sl_f51lt-1,
  label_en: (1) Yes,
  value: 1,
  dataset: ship-start
}"
35816,Category,"{
  label_de: (888) Trifft nicht zu,
  id: cat-ship-sl_f51lt-888,
  label_en: (888) Does not apply,
  value: 888,
  dataset: ship-start
}"
35817,Category,"{
  label_de: (777) Weiß nicht,
  id: cat-ship-sl_f51lt-777,
  label_en: (777) Don't know,
  value: 777,
  dataset: ship-start
}"
35818,Category,"{
  label_de: (0) Nein,
  id: cat-ship-sl_f51lt-0,
  label_en: (0) No,
  value: 0,
  dataset: ship-start
}"
35819,Category,"{
  label_de: (J) erlaubter Sprung,
  id: cat-ship-sl_f51lt-99983,
  label_en: (J) allowed jump,
  value: 99983,
  dataset: ship-start
}"
35820,Category,"{
  label_de: (3) teils-teils,
  id: cat-ship-sl_ciss30zus-3,
  label_en: (3) partly-partly,
  value: 3,
  dataset: ship-start
}"
35821,Category,"{
  label_de: (2) eher untypisch,
  id: cat-ship-sl_ciss30zus-2,
  label_en: (2) rather atypical,
  value: 2,
  dataset: ship-start
}"
35822,Category,"{
  label_de: (J) erlaubter Sprung,
  id: cat-ship-sl_ciss30zus-99983,
  label_en: (J) allowed jump,
  value: 99983,
  dataset: ship-start
}"
35823,Category,"{
  label_de: (999) Unbekannt,
  id: cat-ship-sl_ciss30zus-999,
  label_en: (999) Unknown,
  value: 999,
  dataset: ship-start
}"
35824,Category,"{
  label_de: (888) Trifft nicht zu,
  id: cat-ship-sl_ciss30zus-888,
  label_en: (888) Does not apply,
  value: 888,
  dataset: ship-start
}"
35825,Category,"{
  label_de: (1) sehr untypisch,
  id: cat-ship-sl_ciss30zus-1,
  label_en: (1) very atypical,
  value: 1,
  dataset: ship-start
}"
35826,Category,"{
  label_de: (777) Weiß nicht,
  id: cat-ship-sl_ciss30zus-777,
  label_en: (777) Don't know,
  value: 777,
  dataset: ship-start
}"
35827,Category,"{
  label_de: (5) sehr typisch,
  id: cat-ship-sl_ciss30zus-5,
  label_en: (5) very typical,
  value: 5,
  dataset: ship-start
}"
35828,Category,"{
  label_de: (4) eher typisch,
  id: cat-ship-sl_ciss30zus-4,
  label_en: (4) rather typical,
  value: 4,
  dataset: ship-start
}"
35829,Category,"{
  label_de: Antwortverweigerung,
  id: cat-ship-s0_neuro-9,
  label_en: Refusal to answer,
  value: 9,
  dataset: ship-start
}"
35830,Category,"{
  label_de: weiß nicht,
  id: cat-ship-s0_neuro-8,
  label_en: do not know,
  value: 8,
  dataset: ship-start
}"
35831,Category,"{
  label_de: nein,
  id: cat-ship-s0_neuro-2,
  label_en: no,
  value: 2,
  dataset: ship-start
}"
35832,Category,"{
  label_de: ja,
  id: cat-ship-s0_neuro-1,
  label_en: yes,
  value: 1,
  dataset: ship-start
}"
35833,Category,"{
  label_de: Nicht auswertbar,
  id: cat-ship-s0_rau79r-8,
  label_en: Not evaluable,
  value: 8,
  dataset: ship-start
}"
35834,Category,"{
  label_de: Stimme nicht zu,
  id: cat-ship-s0_rau79r-2,
  label_en: Do not agree,
  value: 2,
  dataset: ship-start
}"
35835,Category,"{
  label_de: Keine Angabe,
  id: cat-ship-s0_rau79r-9,
  label_en: No answer,
  value: 9,
  dataset: ship-start
}"
35836,Category,"{
  label_de: Stimme sehr zu,
  id: cat-ship-s0_rau79r-5,
  label_en: Agree very much,
  value: 5,
  dataset: ship-start
}"
35837,Category,"{
  label_de: Stimme zu,
  id: cat-ship-s0_rau79r-4,
  label_en: Agree,
  value: 4,
  dataset: ship-start
}"
35838,Category,"{
  label_de: Bin unsicher,
  id: cat-ship-s0_rau79r-3,
  label_en: Am unsure,
  value: 3,
  dataset: ship-start
}"
35839,Category,"{
  label_de: Stimme überhaupt nicht zu,
  id: cat-ship-s0_rau79r-1,
  label_en: Do not agree at all,
  value: 1,
  dataset: ship-start
}"
35840,Category,"{
  label_de: Kaum,
  id: cat-ship-s0_ges70uew-2,
  label_en: Hardly,
  value: 2,
  dataset: ship-start
}"
35841,Category,"{
  label_de: Keine Angabe,
  id: cat-ship-s0_ges70uew-9,
  label_en: No information,
  value: 9,
  dataset: ship-start
}"
35842,Category,"{
  label_de: Nicht auswertbar,
  id: cat-ship-s0_ges70uew-8,
  label_en: Not evaluable,
  value: 8,
  dataset: ship-start
}"
35843,Category,"{
  label_de: Stark,
  id: cat-ship-s0_ges70uew-4,
  label_en: Strongly,
  value: 4,
  dataset: ship-start
}"
35844,Category,"{
  label_de: Mäßig,
  id: cat-ship-s0_ges70uew-3,
  label_en: Moderately,
  value: 3,
  dataset: ship-start
}"
35845,Category,"{
  label_de: Gar nicht,
  id: cat-ship-s0_ges70uew-1,
  label_en: Not at all,
  value: 1,
  dataset: ship-start
}"
35846,Category,"{
  label_de: keine Angabe,
  id: cat-ship-s1_inv_f08a-997,
  label_en: no indication,
  value: 997,
  dataset: ship-start
}"
35847,Category,"{
  label_de: ja, Monat und Jahr bekannt,
  id: cat-ship-s1_inv_f08a-1,
  label_en: yes, month and year known,
  value: 1,
  dataset: ship-start
}"
35848,Category,"{
  label_de: ja, aber Zeitpunkt nicht mehr erinnerlich,
  id: cat-ship-s1_inv_f08a-2,
  label_en: yes, but time not remembered,
  value: 2,
  dataset: ship-start
}"
35849,Category,"{
  label_de: nein,
  id: cat-ship-s1_inv_f08a-3,
  label_en: no,
  value: 3,
  dataset: ship-start
}"
35850,Category,"{
  label_de: Nein,
  id: cat-ship-s1_whyza_10-0,
  label_en: No,
  value: 0,
  dataset: ship-start
}"
35851,Category,"{
  label_de: Ja,
  id: cat-ship-s1_whyza_10-1,
  label_en: Yes,
  value: 1,
  dataset: ship-start
}"
35852,Category,"{
  label_de: richtige Antwort,
  id: cat-ship-s1_mini_12b-1,
  label_en: correct answer,
  value: 1,
  dataset: ship-start
}"
35853,Category,"{
  label_de: falsche/ gar keine Antwort,
  id: cat-ship-s1_mini_12b-0,
  label_en: wrong/ no answer,
  value: 0,
  dataset: ship-start
}"
35854,Category,"{
  label_de: Antwortverweigerung,
  id: cat-ship-s2_s2_inan_04e-999,
  label_en: refused to answer,
  value: 999,
  dataset: ship-start
}"
35855,Category,"{
  label_de: Ja,
  id: cat-ship-s2_s2_inan_04e-1,
  label_en: Yes,
  value: 1,
  dataset: ship-start
}"
35856,Category,"{
  label_de: Nein,
  id: cat-ship-s2_s2_inan_04e-2,
  label_en: No,
  value: 2,
  dataset: ship-start
}"
35857,Category,"{
  label_de: Weiß nicht,
  id: cat-ship-s2_s2_inan_04e-998,
  label_en: do not know,
  value: 998,
  dataset: ship-start
}"
35858,Category,"{
  label_de: < 1cm,
  id: cat-ship-s2_kn_2_re_gr-1,
  label_en: < 1 cm,
  value: 1,
  dataset: ship-start
}"
35859,Category,"{
  label_de: nicht beurteilbar,
  id: cat-ship-s2_kn_2_re_gr-8,
  label_en: not assessable,
  value: 8,
  dataset: ship-start
}"
35860,Category,"{
  label_de: keine Angabe,
  id: cat-ship-s2_kn_2_re_gr-9,
  label_en: no declaration,
  value: 9,
  dataset: ship-start
}"
35861,Category,"{
  label_de: >= 1cm,
  id: cat-ship-s2_kn_2_re_gr-2,
  label_en: >= 1 cm,
  value: 2,
  dataset: ship-start
}"
35862,Category,"{
  label_de: Stark,
  id: cat-ship-s2_ges_bl_04-4,
  label_en: highly,
  value: 4,
  dataset: ship-start
}"
35863,Category,"{
  label_de: Kaum,
  id: cat-ship-s2_ges_bl_04-2,
  label_en: little,
  value: 2,
  dataset: ship-start
}"
35864,Category,"{
  label_de: Gar nicht,
  id: cat-ship-s2_ges_bl_04-1,
  label_en: none,
  value: 1,
  dataset: ship-start
}"
35865,Category,"{
  label_de: Mäßig,
  id: cat-ship-s2_ges_bl_04-3,
  label_en: moderate,
  value: 3,
  dataset: ship-start
}"
35866,Category,"{
  label_de: Stark,
  id: cat-ship-s2_ges_bl_03-4,
  label_en: highly,
  value: 4,
  dataset: ship-start
}"
35867,Category,"{
  label_de: Kaum,
  id: cat-ship-s2_ges_bl_03-2,
  label_en: little,
  value: 2,
  dataset: ship-start
}"
35868,Category,"{
  label_de: Gar nicht,
  id: cat-ship-s2_ges_bl_03-1,
  label_en: none,
  value: 1,
  dataset: ship-start
}"
35869,Category,"{
  label_de: Mäßig,
  id: cat-ship-s2_ges_bl_03-3,
  label_en: moderate,
  value: 3,
  dataset: ship-start
}"
35870,Category,"{
  label_de: (999) Unbekannt,
  id: cat-ship-sl_o74lbw-999,
  label_en: (999) Unknown,
  value: 999,
  dataset: ship-start
}"
35871,Category,"{
  label_de: (02) 11-15,
  id: cat-ship-sl_o74lbw-2,
  label_en: (02) 11-15,
  value: 2,
  dataset: ship-start
}"
35872,Category,"{
  label_de: (J) erlaubter Sprung,
  id: cat-ship-sl_o74lbw-99983,
  label_en: (J) jump allowed,
  value: 99983,
  dataset: ship-start
}"
35873,Category,"{
  label_de: (03) 16-20,
  id: cat-ship-sl_o74lbw-3,
  label_en: (03) 16-20,
  value: 3,
  dataset: ship-start
}"
35874,Category,"{
  label_de: (01) 5-10,
  id: cat-ship-sl_o74lbw-1,
  label_en: (01) 5-10,
  value: 1,
  dataset: ship-start
}"
35875,Category,"{
  label_de: (888) Trifft nicht zu,
  id: cat-ship-sl_o74lbw-888,
  label_en: (888) Does not apply,
  value: 888,
  dataset: ship-start
}"
35876,Category,"{
  label_de: (777) Weiß nicht,
  id: cat-ship-sl_o74lbw-777,
  label_en: (777) Don't know,
  value: 777,
  dataset: ship-start
}"
35877,Category,"{
  label_de: (999) Unbekannt,
  id: cat-ship-sl_a38a1de-999,
  label_en: (999) Unknown,
  value: 999,
  dataset: ship-start
}"
35878,Category,"{
  label_de: (888) Trifft nicht zu,
  id: cat-ship-sl_a38a1de-888,
  label_en: (888) Does not apply,
  value: 888,
  dataset: ship-start
}"
35879,Category,"{
  label_de: (J) erlaubter Sprung,
  id: cat-ship-sl_a38a1de-99983,
  label_en: (J) jump allowed,
  value: 99983,
  dataset: ship-start
}"
35880,Category,"{
  label_de: (777) Weiß nicht,
  id: cat-ship-sl_a38a1de-777,
  label_en: (777) Don't know,
  value: 777,
  dataset: ship-start
}"
35881,Category,"{
  label_de: (999) Unbekannt,
  id: cat-ship-sl_k23spap-999,
  label_en: (999) Unknown,
  value: 999,
  dataset: ship-start
}"
35882,Category,"{
  label_de: (888) Trifft nicht zu,
  id: cat-ship-sl_k23spap-888,
  label_en: (888) Does not apply,
  value: 888,
  dataset: ship-start
}"
35883,Category,"{
  label_de: (4) viel,
  id: cat-ship-sl_k23spap-4,
  label_en: (4) much,
  value: 4,
  dataset: ship-start
}"
35884,Category,"{
  label_de: (0) nicht erwünscht,
  id: cat-ship-sl_k23spap-0,
  label_en: (0) not desired,
  value: 0,
  dataset: ship-start
}"
35885,Category,"{
  label_de: (777) Weiß nicht,
  id: cat-ship-sl_k23spap-777,
  label_en: (777) Don't know,
  value: 777,
  dataset: ship-start
}"
35886,Category,"{
  label_de: (3) mäßig,
  id: cat-ship-sl_k23spap-3,
  label_en: (3) moderate,
  value: 3,
  dataset: ship-start
}"
35887,Category,"{
  label_de: (1) keine,
  id: cat-ship-sl_k23spap-1,
  label_en: (1) none,
  value: 1,
  dataset: ship-start
}"
35888,Category,"{
  label_de: (2) wenig,
  id: cat-ship-sl_k23spap-2,
  label_en: (2) little,
  value: 2,
  dataset: ship-start
}"
35889,Category,"{
  label_de: (J) erlaubter Sprung,
  id: cat-ship-sl_k23spap-99983,
  label_en: (J) allowed jump,
  value: 99983,
  dataset: ship-start
}"
35890,Category,"{
  label_de: (J) erlaubter Sprung,
  id: cat-ship-sl_h5bdsde-99983,
  label_en: (J) allowed jump,
  value: 99983,
  dataset: ship-start
}"
35891,Category,"{
  label_de: (999) Unbekannt,
  id: cat-ship-sl_h5bdsde-999,
  label_en: (999) Unknown,
  value: 999,
  dataset: ship-start
}"
35892,Category,"{
  label_de: (4) negativ,
  id: cat-ship-sl_h5bdsde-4,
  label_en: (4) negative,
  value: 4,
  dataset: ship-start
}"
35893,Category,"{
  label_de: (1) sehr positiv,
  id: cat-ship-sl_h5bdsde-1,
  label_en: (1) very positive,
  value: 1,
  dataset: ship-start
}"
35894,Category,"{
  label_de: (888) Trifft nicht zu,
  id: cat-ship-sl_h5bdsde-888,
  label_en: (888) Does not apply,
  value: 888,
  dataset: ship-start
}"
35895,Category,"{
  label_de: (777) Weiß nicht,
  id: cat-ship-sl_h5bdsde-777,
  label_en: (777) Don't know,
  value: 777,
  dataset: ship-start
}"
35896,Category,"{
  label_de: (3) neutral,
  id: cat-ship-sl_h5bdsde-3,
  label_en: (3) neutral,
  value: 3,
  dataset: ship-start
}"
35897,Category,"{
  label_de: (2) positiv,
  id: cat-ship-sl_h5bdsde-2,
  label_en: (2) positive,
  value: 2,
  dataset: ship-start
}"
35898,Category,"{
  label_de: (5) sehr negativ,
  id: cat-ship-sl_h5bdsde-5,
  label_en: (5) very negative,
  value: 5,
  dataset: ship-start
}"
35899,Category,"{
  label_de: (F/99979) Fragebogen nicht vorhanden,
  id: cat-ship-sl_leg_sa_pfl_pflstat-99979,
  label_en: (F/99979) questionnaire not available,
  value: 99979,
  dataset: ship-start
}"
35900,Category,"{
  label_de: (1) Ja,
  id: cat-ship-sl_leg_sa_pfl_pflstat-1,
  label_en: (1) Yes,
  value: 1,
  dataset: ship-start
}"
35901,Category,"{
  label_de: (99993) 9 - keine Angabe,
  id: cat-ship-sl_leg_sa_pfl_pflstat-99993,
  label_en: (99993) 9 - not specified,
  value: 99993,
  dataset: ship-start
}"
35902,Category,"{
  label_de: (2) Nein,
  id: cat-ship-sl_leg_sa_pfl_pflstat-2,
  label_en: (2) No,
  value: 2,
  dataset: ship-start
}"
35903,Category,"{
  label_de: (99987) 8 - nicht auswertbar,
  id: cat-ship-sl_leg_sa_pfl_pflstat-99987,
  label_en: (99987) 8 - not evaluable,
  value: 99987,
  dataset: ship-start
}"
35904,Category,"{
  label_de: Nicht auswertbar,
  id: cat-ship-s0_rau79g-8,
  label_en: Not evaluable,
  value: 8,
  dataset: ship-start
}"
35905,Category,"{
  label_de: Stimme nicht zu,
  id: cat-ship-s0_rau79g-2,
  label_en: Do not agree,
  value: 2,
  dataset: ship-start
}"
35906,Category,"{
  label_de: Keine Angabe,
  id: cat-ship-s0_rau79g-9,
  label_en: No answer,
  value: 9,
  dataset: ship-start
}"
35907,Category,"{
  label_de: Stimme sehr zu,
  id: cat-ship-s0_rau79g-5,
  label_en: Agree very much,
  value: 5,
  dataset: ship-start
}"
35908,Category,"{
  label_de: Stimme zu,
  id: cat-ship-s0_rau79g-4,
  label_en: Agree,
  value: 4,
  dataset: ship-start
}"
35909,Category,"{
  label_de: Bin unsicher,
  id: cat-ship-s0_rau79g-3,
  label_en: Am unsure,
  value: 3,
  dataset: ship-start
}"
35910,Category,"{
  label_de: Stimme überhaupt nicht zu,
  id: cat-ship-s0_rau79g-1,
  label_en: Do not agree at all,
  value: 1,
  dataset: ship-start
}"
35911,Category,"{
  label_de: Ja,
  id: cat-ship-s0_wohn19_8-1,
  label_en: Yes,
  value: 1,
  dataset: ship-start
}"
35912,Category,"{
  label_de: Keine Angabe,
  id: cat-ship-s0_wohn19_8-9,
  label_en: No information,
  value: 9,
  dataset: ship-start
}"
35913,Category,"{
  label_de: Nicht auswertbar,
  id: cat-ship-s0_wohn19_8-8,
  label_en: Not evaluable,
  value: 8,
  dataset: ship-start
}"
35914,Category,"{
  label_de: Nein,
  id: cat-ship-s0_wohn19_8-0,
  label_en: No,
  value: 0,
  dataset: ship-start
}"
35915,Category,"{
  label_de: keine Angabe,
  id: cat-ship-s1_kom_f06g-997,
  label_en: not specified,
  value: 997,
  dataset: ship-start
}"
35916,Category,"{
  label_de: ja,
  id: cat-ship-s1_kom_f06g-1,
  label_en: yes,
  value: 1,
  dataset: ship-start
}"
35917,Category,"{
  label_de: Antwortverweigerung,
  id: cat-ship-s1_kom_f06g-999,
  label_en: Refusal to answer,
  value: 999,
  dataset: ship-start
}"
35918,Category,"{
  label_de: weiß nicht,
  id: cat-ship-s1_kom_f06g-998,
  label_en: do not know,
  value: 998,
  dataset: ship-start
}"
35919,Category,"{
  label_de: nein,
  id: cat-ship-s1_kom_f06g-2,
  label_en: no,
  value: 2,
  dataset: ship-start
}"
35920,Category,"{
  label_de: Nein,
  id: cat-ship-s1_asthma_1-2,
  label_en: No,
  value: 2,
  dataset: ship-start
}"
35921,Category,"{
  label_de: Antwort verweigert,
  id: cat-ship-s1_asthma_1-999,
  label_en: Refused to answer,
  value: 999,
  dataset: ship-start
}"
35922,Category,"{
  label_de: Ja,
  id: cat-ship-s1_asthma_1-1,
  label_en: Yes,
  value: 1,
  dataset: ship-start
}"
35923,Category,"{
  label_de: Weiß nicht,
  id: cat-ship-s1_asthma_1-998,
  label_en: Does not know,
  value: 998,
  dataset: ship-start
}"
35924,Category,"{
  label_de: Trifft nicht zu,
  id: cat-ship-s1_asthma_1-997,
  label_en: Does not apply,
  value: 997,
  dataset: ship-start
}"
35925,Category,"{
  label_de: Antwortverweigerung,
  id: cat-ship-s2_s2_inan_04l-999,
  label_en: non-response,
  value: 999,
  dataset: ship-start
}"
35926,Category,"{
  label_de: Nicht zutreffend,
  id: cat-ship-s2_s2_inan_04l-997,
  label_en: does not apply,
  value: 997,
  dataset: ship-start
}"
35927,Category,"{
  label_de: Weiß nicht,
  id: cat-ship-s2_s2_inan_04l-998,
  label_en: I don't know,
  value: 998,
  dataset: ship-start
}"
35928,Category,"{
  label_de: Antwortverweigerung,
  id: cat-ship-s2_s2_inan_04l-9999,
  label_en: non-response (datetime),
  value: 9999,
  dataset: ship-start
}"
35929,Category,"{
  label_de: Weiß nicht,
  id: cat-ship-s2_s2_inan_04l-9998,
  label_en: I don't know (datetime),
  value: 9998,
  dataset: ship-start
}"
35930,Category,"{
  label_de: Messung nicht möglich,
  id: cat-ship-s2_s2_inan_04l-996,
  label_en: measurement not done,
  value: 996,
  dataset: ship-start
}"
35931,Category,"{
  label_de: Antwortverweigerung,
  id: cat-ship-s2_s2_inan_04o-999,
  label_en: refused to answer,
  value: 999,
  dataset: ship-start
}"
35932,Category,"{
  label_de: Ja,
  id: cat-ship-s2_s2_inan_04o-1,
  label_en: Yes,
  value: 1,
  dataset: ship-start
}"
35933,Category,"{
  label_de: Nein,
  id: cat-ship-s2_s2_inan_04o-2,
  label_en: No,
  value: 2,
  dataset: ship-start
}"
35934,Category,"{
  label_de: Weiß nicht,
  id: cat-ship-s2_s2_inan_04o-998,
  label_en: do not know,
  value: 998,
  dataset: ship-start
}"
35935,Category,"{
  label_de: Ja,
  id: cat-ship-s2_nahvisus_6-1,
  label_en: Yes,
  value: 1,
  dataset: ship-start
}"
35936,Category,"{
  label_de: Nein,
  id: cat-ship-s2_nahvisus_6-2,
  label_en: No,
  value: 2,
  dataset: ship-start
}"
35937,Category,"{
  label_de: nicht mehr dargeboten,
  id: cat-ship-s2_nahvisus_6-3,
  label_en: no longer offered,
  value: 3,
  dataset: ship-start
}"
35938,Category,"{
  label_de: Abbruch nach 30 Sekunden Lesezeit,
  id: cat-ship-s2_nahvisus_6-0,
  label_en: ended after 30 seconds of reading time,
  value: 0,
  dataset: ship-start
}"
35939,Category,"{
  label_de: -80°C-Kühltruhe Flur Gastro Labor, KIMA,
  id: cat-ship-s3_stu_dna07-1,
  label_en: -80°C freezer floor, Gastro laboratory, KIMA,
  value: 1,
  dataset: ship-start
}"
35940,Category,"{
  label_de: Nie,
  id: cat-ship-s3_frs_alltag_finanz-3,
  label_en: Never,
  value: 3,
  dataset: ship-start
}"
35941,Category,"{
  label_de: Manchmal,
  id: cat-ship-s3_frs_alltag_finanz-2,
  label_en: Sometimes,
  value: 2,
  dataset: ship-start
}"
35942,Category,"{
  label_de: Oft,
  id: cat-ship-s3_frs_alltag_finanz-1,
  label_en: Often,
  value: 1,
  dataset: ship-start
}"
35943,Category,"{
  label_de: (J) erlaubter Sprung,
  id: cat-ship-sl_l33bd5j-99983,
  label_en: (J) allowed jump,
  value: 99983,
  dataset: ship-start
}"
35944,Category,"{
  label_de: (999) Unbekannt,
  id: cat-ship-sl_l33bd5j-999,
  label_en: (999) Unknown,
  value: 999,
  dataset: ship-start
}"
35945,Category,"{
  label_de: (4) negativ,
  id: cat-ship-sl_l33bd5j-4,
  label_en: (4) negative,
  value: 4,
  dataset: ship-start
}"
35946,Category,"{
  label_de: (1) sehr positiv,
  id: cat-ship-sl_l33bd5j-1,
  label_en: (1) very positive,
  value: 1,
  dataset: ship-start
}"
35947,Category,"{
  label_de: (888) Trifft nicht zu,
  id: cat-ship-sl_l33bd5j-888,
  label_en: (888) Does not apply,
  value: 888,
  dataset: ship-start
}"
35948,Category,"{
  label_de: (777) Weiß nicht,
  id: cat-ship-sl_l33bd5j-777,
  label_en: (777) Don't know,
  value: 777,
  dataset: ship-start
}"
35949,Category,"{
  label_de: (3) neutral,
  id: cat-ship-sl_l33bd5j-3,
  label_en: (3) neutral,
  value: 3,
  dataset: ship-start
}"
35950,Category,"{
  label_de: (2) positiv,
  id: cat-ship-sl_l33bd5j-2,
  label_en: (2) positive,
  value: 2,
  dataset: ship-start
}"
35951,Category,"{
  label_de: (5) sehr negativ,
  id: cat-ship-sl_l33bd5j-5,
  label_en: (5) very negative,
  value: 5,
  dataset: ship-start
}"
35952,Category,"{
  label_de: (J) erlaubter Sprung,
  id: cat-ship-sl_b12bh5j-99983,
  label_en: (J) allowed jump,
  value: 99983,
  dataset: ship-start
}"
35953,Category,"{
  label_de: (999) Unbekannt,
  id: cat-ship-sl_b12bh5j-999,
  label_en: (999) Unknown,
  value: 999,
  dataset: ship-start
}"
35954,Category,"{
  label_de: (4) negativ,
  id: cat-ship-sl_b12bh5j-4,
  label_en: (4) negative,
  value: 4,
  dataset: ship-start
}"
35955,Category,"{
  label_de: (1) sehr positiv,
  id: cat-ship-sl_b12bh5j-1,
  label_en: (1) very positive,
  value: 1,
  dataset: ship-start
}"
35956,Category,"{
  label_de: (888) Trifft nicht zu,
  id: cat-ship-sl_b12bh5j-888,
  label_en: (888) Does not apply,
  value: 888,
  dataset: ship-start
}"
35957,Category,"{
  label_de: (777) Weiß nicht,
  id: cat-ship-sl_b12bh5j-777,
  label_en: (777) Don't know,
  value: 777,
  dataset: ship-start
}"
35958,Category,"{
  label_de: (3) neutral,
  id: cat-ship-sl_b12bh5j-3,
  label_en: (3) neutral,
  value: 3,
  dataset: ship-start
}"
35959,Category,"{
  label_de: (2) positiv,
  id: cat-ship-sl_b12bh5j-2,
  label_en: (2) positive,
  value: 2,
  dataset: ship-start
}"
35960,Category,"{
  label_de: (5) sehr negativ,
  id: cat-ship-sl_b12bh5j-5,
  label_en: (5) very negative,
  value: 5,
  dataset: ship-start
}"
35961,Category,"{
  label_de: (999) Unbekannt,
  id: cat-ship-sl_a39a12-999,
  label_en: (999) Unknown,
  value: 999,
  dataset: ship-start
}"
35962,Category,"{
  label_de: (888) Trifft nicht zu,
  id: cat-ship-sl_a39a12-888,
  label_en: (888) Does not apply,
  value: 888,
  dataset: ship-start
}"
35963,Category,"{
  label_de: (J) erlaubter Sprung,
  id: cat-ship-sl_a39a12-99983,
  label_en: (J) jump allowed,
  value: 99983,
  dataset: ship-start
}"
35964,Category,"{
  label_de: (777) Weiß nicht,
  id: cat-ship-sl_a39a12-777,
  label_en: (777) Don't know,
  value: 777,
  dataset: ship-start
}"
35965,Category,"{
  label_de: (999) Unbekannt,
  id: cat-ship-sl_a39apap-999,
  label_en: (999) Unknown,
  value: 999,
  dataset: ship-start
}"
35966,Category,"{
  label_de: (888) Trifft nicht zu,
  id: cat-ship-sl_a39apap-888,
  label_en: (888) Does not apply,
  value: 888,
  dataset: ship-start
}"
35967,Category,"{
  label_de: (J) erlaubter Sprung,
  id: cat-ship-sl_a39apap-99983,
  label_en: (J) jump allowed,
  value: 99983,
  dataset: ship-start
}"
35968,Category,"{
  label_de: (777) Weiß nicht,
  id: cat-ship-sl_a39apap-777,
  label_en: (777) Don't know,
  value: 777,
  dataset: ship-start
}"
35969,Category,"{
  label_de: (999) Unbekannt,
  id: cat-ship-sl_l31d1de-999,
  label_en: (999) Unknown,
  value: 999,
  dataset: ship-start
}"
35970,Category,"{
  label_de: (1) Ja,
  id: cat-ship-sl_l31d1de-1,
  label_en: (1) Yes,
  value: 1,
  dataset: ship-start
}"
35971,Category,"{
  label_de: (888) Trifft nicht zu,
  id: cat-ship-sl_l31d1de-888,
  label_en: (888) Does not apply,
  value: 888,
  dataset: ship-start
}"
35972,Category,"{
  label_de: (777) Weiß nicht,
  id: cat-ship-sl_l31d1de-777,
  label_en: (777) Don't know,
  value: 777,
  dataset: ship-start
}"
35973,Category,"{
  label_de: (0) Nein,
  id: cat-ship-sl_l31d1de-0,
  label_en: (0) No,
  value: 0,
  dataset: ship-start
}"
35974,Category,"{
  label_de: (J) erlaubter Sprung,
  id: cat-ship-sl_l31d1de-99983,
  label_en: (J) allowed jump,
  value: 99983,
  dataset: ship-start
}"
35975,Category,"{
  label_de: (J) erlaubter Sprung,
  id: cat-ship-sl_k22bd12-99983,
  label_en: (J) allowed jump,
  value: 99983,
  dataset: ship-start
}"
35976,Category,"{
  label_de: (999) Unbekannt,
  id: cat-ship-sl_k22bd12-999,
  label_en: (999) Unknown,
  value: 999,
  dataset: ship-start
}"
35977,Category,"{
  label_de: (4) negativ,
  id: cat-ship-sl_k22bd12-4,
  label_en: (4) negative,
  value: 4,
  dataset: ship-start
}"
35978,Category,"{
  label_de: (1) sehr positiv,
  id: cat-ship-sl_k22bd12-1,
  label_en: (1) very positive,
  value: 1,
  dataset: ship-start
}"
35979,Category,"{
  label_de: (888) Trifft nicht zu,
  id: cat-ship-sl_k22bd12-888,
  label_en: (888) Does not apply,
  value: 888,
  dataset: ship-start
}"
35980,Category,"{
  label_de: (777) Weiß nicht,
  id: cat-ship-sl_k22bd12-777,
  label_en: (777) Don't know,
  value: 777,
  dataset: ship-start
}"
35981,Category,"{
  label_de: (3) neutral,
  id: cat-ship-sl_k22bd12-3,
  label_en: (3) neutral,
  value: 3,
  dataset: ship-start
}"
35982,Category,"{
  label_de: (2) positiv,
  id: cat-ship-sl_k22bd12-2,
  label_en: (2) positive,
  value: 2,
  dataset: ship-start
}"
35983,Category,"{
  label_de: (5) sehr negativ,
  id: cat-ship-sl_k22bd12-5,
  label_en: (5) very negative,
  value: 5,
  dataset: ship-start
}"
35984,Category,"{
  label_de: trifft nicht zu (Antwort),
  id: cat-ship-s0_wend48-4,
  label_en: not applicable (answer),
  value: 4,
  dataset: ship-start
}"
35985,Category,"{
  label_de: Keine Angabe,
  id: cat-ship-s0_wend48-9,
  label_en: No answer,
  value: 9,
  dataset: ship-start
}"
35986,Category,"{
  label_de: Nicht auswertbar,
  id: cat-ship-s0_wend48-8,
  label_en: Not evaluable,
  value: 8,
  dataset: ship-start
}"
35987,Category,"{
  label_de: verschlechtert?,
  id: cat-ship-s0_wend48-2,
  label_en: worsened?,
  value: 2,
  dataset: ship-start
}"
35988,Category,"{
  label_de: verbessert?,
  id: cat-ship-s0_wend48-1,
  label_en: improved?,
  value: 1,
  dataset: ship-start
}"
35989,Category,"{
  label_de: kaum verändert?,
  id: cat-ship-s0_wend48-3,
  label_en: hardly changed?,
  value: 3,
  dataset: ship-start
}"
35990,Category,"{
  label_de: Keine Angabe,
  id: cat-ship-s0_arb44ue-9,
  label_en: Not specified,
  value: 9,
  dataset: ship-start
}"
35991,Category,"{
  label_de: Nicht auswertbar,
  id: cat-ship-s0_arb44ue-8,
  label_en: Not evaluable,
  value: 8,
  dataset: ship-start
}"
35992,Category,"{
  label_de: Völlig unzutreffend,
  id: cat-ship-s0_arb44ue-4,
  label_en: Completely inapplicable,
  value: 4,
  dataset: ship-start
}"
35993,Category,"{
  label_de: Zutreffend,
  id: cat-ship-s0_arb44ue-2,
  label_en: Applicable,
  value: 2,
  dataset: ship-start
}"
35994,Category,"{
  label_de: Unzutreffend,
  id: cat-ship-s0_arb44ue-3,
  label_en: Not applicable,
  value: 3,
  dataset: ship-start
}"
35995,Category,"{
  label_de: Völlig zutreffend,
  id: cat-ship-s0_arb44ue-1,
  label_en: Completely applicable,
  value: 1,
  dataset: ship-start
}"
35996,Category,"{
  label_de: per IDOM,
  id: cat-ship-s1_nc_ident-1,
  label_en: per IDOM,
  value: 1,
  dataset: ship-start
}"
35997,Category,"{
  label_de: per Hand,
  id: cat-ship-s1_nc_ident-0,
  label_en: by hand,
  value: 0,
  dataset: ship-start
}"
35998,Category,"{
  label_de: Ohne wesentlichen Erfolg (Krankheitszeichen wie vor der Behandlung oder schlechter),
  id: cat-ship-s2_s2_allerg_03-2,
  label_en: without success (symptoms the same as before the treatment or worse),
  value: 2,
  dataset: ship-start
}"
35999,Category,"{
  label_de: Mit gutem Erfolg (Krankheitszeichen deutlich gebessert oder geheilt),
  id: cat-ship-s2_s2_allerg_03-1,
  label_en: with great success (symptoms considerably improved or disappeared),
  value: 1,
  dataset: ship-start
}"
36000,Category,"{
  label_de: Antwortverweigerung,
  id: cat-ship-s2_s2_allerg_03-999,
  label_en: refused to answer,
  value: 999,
  dataset: ship-start
}"
36001,Category,"{
  label_de: Weiß nicht,
  id: cat-ship-s2_s2_allerg_03-998,
  label_en: don't know,
  value: 998,
  dataset: ship-start
}"
36002,Category,"{
  label_de: Mit Abbruch der Behandlung,
  id: cat-ship-s2_s2_allerg_03-4,
  label_en: with the cessation of the treatment,
  value: 4,
  dataset: ship-start
}"
36003,Category,"{
  label_de: Mit starker Nebenwirkung,
  id: cat-ship-s2_s2_allerg_03-3,
  label_en: with strong side effects,
  value: 3,
  dataset: ship-start
}"
36004,Category,"{
  label_de: Nein,
  id: cat-ship-s2_mrtmfu_befund_inn_02-0,
  label_en: No,
  value: 0,
  dataset: ship-start
}"
36005,Category,"{
  label_de: Weiß nicht,
  id: cat-ship-s2_mrtmfu_befund_inn_02-998,
  label_en: do not know,
  value: 998,
  dataset: ship-start
}"
36006,Category,"{
  label_de: Antwortverweigerung,
  id: cat-ship-s2_mrtmfu_befund_inn_02-999,
  label_en: refused to answer,
  value: 999,
  dataset: ship-start
}"
36007,Category,"{
  label_de: Ja,
  id: cat-ship-s2_mrtmfu_befund_inn_02-1,
  label_en: Yes,
  value: 1,
  dataset: ship-start
}"
36008,Category,"{
  label_de: kein Feld angekreuzt,
  id: cat-ship-s2_frs_mobil_auto-9,
  label_en: no tick in the box,
  value: 9,
  dataset: ship-start
}"
36009,Category,"{
  label_de: Nein,
  id: cat-ship-s2_frs_mobil_auto-0,
  label_en: No,
  value: 0,
  dataset: ship-start
}"
36010,Category,"{
  label_de: Ja,
  id: cat-ship-s2_frs_mobil_auto-1,
  label_en: Yes,
  value: 1,
  dataset: ship-start
}"
36011,Category,"{
  label_de: ja,
  id: cat-ship-s3_stu_dna06-1,
  label_en: yes,
  value: 1,
  dataset: ship-start
}"
36012,Category,"{
  label_de: nein,
  id: cat-ship-s3_stu_dna06-0,
  label_en: no,
  value: 0,
  dataset: ship-start
}"
36013,Category,"{
  label_de: Nein,
  id: cat-ship-s3_pre_lungmedic-0,
  label_en: No,
  value: 0,
  dataset: ship-start
}"
36014,Category,"{
  label_de: Ja,
  id: cat-ship-s3_pre_lungmedic-1,
  label_en: Yes,
  value: 1,
  dataset: ship-start
}"
36015,Category,"{
  label_de: Ja,
  id: cat-ship-s3_int_vlmt_garden_4-1,
  label_en: Yes,
  value: 1,
  dataset: ship-start
}"
36016,Category,"{
  label_de: Nein,
  id: cat-ship-s3_int_vlmt_garden_4-0,
  label_en: No,
  value: 0,
  dataset: ship-start
}"
36017,Category,"{
  label_de: (999) Unbekannt,
  id: cat-ship-sl_s10lb2-999,
  label_en: (999) Unknown,
  value: 999,
  dataset: ship-start
}"
36018,Category,"{
  label_de: (1) Ja,
  id: cat-ship-sl_s10lb2-1,
  label_en: (1) Yes,
  value: 1,
  dataset: ship-start
}"
36019,Category,"{
  label_de: (888) Trifft nicht zu,
  id: cat-ship-sl_s10lb2-888,
  label_en: (888) Does not apply,
  value: 888,
  dataset: ship-start
}"
36020,Category,"{
  label_de: (777) Weiß nicht,
  id: cat-ship-sl_s10lb2-777,
  label_en: (777) Don't know,
  value: 777,
  dataset: ship-start
}"
36021,Category,"{
  label_de: (0) Nein,
  id: cat-ship-sl_s10lb2-0,
  label_en: (0) No,
  value: 0,
  dataset: ship-start
}"
36022,Category,"{
  label_de: (J) erlaubter Sprung,
  id: cat-ship-sl_s10lb2-99983,
  label_en: (J) allowed jump,
  value: 99983,
  dataset: ship-start
}"
36023,Category,"{
  label_de: (999) Unbekannt,
  id: cat-ship-sl_s10asde-999,
  label_en: (999) Unknown,
  value: 999,
  dataset: ship-start
}"
36024,Category,"{
  label_de: (888) Trifft nicht zu,
  id: cat-ship-sl_s10asde-888,
  label_en: (888) Does not apply,
  value: 888,
  dataset: ship-start
}"
36025,Category,"{
  label_de: (J) erlaubter Sprung,
  id: cat-ship-sl_s10asde-99983,
  label_en: (J) jump allowed,
  value: 99983,
  dataset: ship-start
}"
36026,Category,"{
  label_de: (777) Weiß nicht,
  id: cat-ship-sl_s10asde-777,
  label_en: (777) Don't know,
  value: 777,
  dataset: ship-start
}"
36027,Category,"{
  label_de: (999) Unbekannt,
  id: cat-ship-sl_o76s12-999,
  label_en: (999) Unknown,
  value: 999,
  dataset: ship-start
}"
36028,Category,"{
  label_de: (888) Trifft nicht zu,
  id: cat-ship-sl_o76s12-888,
  label_en: (888) Does not apply,
  value: 888,
  dataset: ship-start
}"
36029,Category,"{
  label_de: (4) viel,
  id: cat-ship-sl_o76s12-4,
  label_en: (4) much,
  value: 4,
  dataset: ship-start
}"
36030,Category,"{
  label_de: (0) nicht erwünscht,
  id: cat-ship-sl_o76s12-0,
  label_en: (0) not desired,
  value: 0,
  dataset: ship-start
}"
36031,Category,"{
  label_de: (777) Weiß nicht,
  id: cat-ship-sl_o76s12-777,
  label_en: (777) Don't know,
  value: 777,
  dataset: ship-start
}"
36032,Category,"{
  label_de: (3) mäßig,
  id: cat-ship-sl_o76s12-3,
  label_en: (3) moderate,
  value: 3,
  dataset: ship-start
}"
36033,Category,"{
  label_de: (1) keine,
  id: cat-ship-sl_o76s12-1,
  label_en: (1) none,
  value: 1,
  dataset: ship-start
}"
36034,Category,"{
  label_de: (2) wenig,
  id: cat-ship-sl_o76s12-2,
  label_en: (2) little,
  value: 2,
  dataset: ship-start
}"
36035,Category,"{
  label_de: (J) erlaubter Sprung,
  id: cat-ship-sl_o76s12-99983,
  label_en: (J) allowed jump,
  value: 99983,
  dataset: ship-start
}"
36036,Category,"{
  label_de: (J) erlaubter Sprung,
  id: cat-ship-sl_a47bh12-99983,
  label_en: (J) allowed jump,
  value: 99983,
  dataset: ship-start
}"
36037,Category,"{
  label_de: (999) Unbekannt,
  id: cat-ship-sl_a47bh12-999,
  label_en: (999) Unknown,
  value: 999,
  dataset: ship-start
}"
36038,Category,"{
  label_de: (4) negativ,
  id: cat-ship-sl_a47bh12-4,
  label_en: (4) negative,
  value: 4,
  dataset: ship-start
}"
36039,Category,"{
  label_de: (1) sehr positiv,
  id: cat-ship-sl_a47bh12-1,
  label_en: (1) very positive,
  value: 1,
  dataset: ship-start
}"
36040,Category,"{
  label_de: (888) Trifft nicht zu,
  id: cat-ship-sl_a47bh12-888,
  label_en: (888) Does not apply,
  value: 888,
  dataset: ship-start
}"
36041,Category,"{
  label_de: (777) Weiß nicht,
  id: cat-ship-sl_a47bh12-777,
  label_en: (777) Don't know,
  value: 777,
  dataset: ship-start
}"
36042,Category,"{
  label_de: (3) neutral,
  id: cat-ship-sl_a47bh12-3,
  label_en: (3) neutral,
  value: 3,
  dataset: ship-start
}"
36043,Category,"{
  label_de: (2) positiv,
  id: cat-ship-sl_a47bh12-2,
  label_en: (2) positive,
  value: 2,
  dataset: ship-start
}"
36044,Category,"{
  label_de: (5) sehr negativ,
  id: cat-ship-sl_a47bh12-5,
  label_en: (5) very negative,
  value: 5,
  dataset: ship-start
}"
36045,Category,"{
  label_de: (999) Unbekannt,
  id: cat-ship-sl_d57d1de-999,
  label_en: (999) Unknown,
  value: 999,
  dataset: ship-start
}"
36046,Category,"{
  label_de: (1) Ja,
  id: cat-ship-sl_d57d1de-1,
  label_en: (1) Yes,
  value: 1,
  dataset: ship-start
}"
36047,Category,"{
  label_de: (888) Trifft nicht zu,
  id: cat-ship-sl_d57d1de-888,
  label_en: (888) Does not apply,
  value: 888,
  dataset: ship-start
}"
36048,Category,"{
  label_de: (777) Weiß nicht,
  id: cat-ship-sl_d57d1de-777,
  label_en: (777) Don't know,
  value: 777,
  dataset: ship-start
}"
36049,Category,"{
  label_de: (0) Nein,
  id: cat-ship-sl_d57d1de-0,
  label_en: (0) No,
  value: 0,
  dataset: ship-start
}"
36050,Category,"{
  label_de: (J) erlaubter Sprung,
  id: cat-ship-sl_d57d1de-99983,
  label_en: (J) allowed jump,
  value: 99983,
  dataset: ship-start
}"
36051,Category,"{
  label_de: (J) erlaubter Sprung,
  id: cat-ship-sl_l30bhsde-99983,
  label_en: (J) allowed jump,
  value: 99983,
  dataset: ship-start
}"
36052,Category,"{
  label_de: (999) Unbekannt,
  id: cat-ship-sl_l30bhsde-999,
  label_en: (999) Unknown,
  value: 999,
  dataset: ship-start
}"
36053,Category,"{
  label_de: (4) negativ,
  id: cat-ship-sl_l30bhsde-4,
  label_en: (4) negative,
  value: 4,
  dataset: ship-start
}"
36054,Category,"{
  label_de: (1) sehr positiv,
  id: cat-ship-sl_l30bhsde-1,
  label_en: (1) very positive,
  value: 1,
  dataset: ship-start
}"
36055,Category,"{
  label_de: (888) Trifft nicht zu,
  id: cat-ship-sl_l30bhsde-888,
  label_en: (888) Does not apply,
  value: 888,
  dataset: ship-start
}"
36056,Category,"{
  label_de: (777) Weiß nicht,
  id: cat-ship-sl_l30bhsde-777,
  label_en: (777) Don't know,
  value: 777,
  dataset: ship-start
}"
36057,Category,"{
  label_de: (3) neutral,
  id: cat-ship-sl_l30bhsde-3,
  label_en: (3) neutral,
  value: 3,
  dataset: ship-start
}"
36058,Category,"{
  label_de: (2) positiv,
  id: cat-ship-sl_l30bhsde-2,
  label_en: (2) positive,
  value: 2,
  dataset: ship-start
}"
36059,Category,"{
  label_de: (5) sehr negativ,
  id: cat-ship-sl_l30bhsde-5,
  label_en: (5) very negative,
  value: 5,
  dataset: ship-start
}"
36060,Category,"{
  label_de: (999) Unbekannt,
  id: cat-ship-sl_l31d1nd-999,
  label_en: (999) Unknown,
  value: 999,
  dataset: ship-start
}"
36061,Category,"{
  label_de: (1) Ja,
  id: cat-ship-sl_l31d1nd-1,
  label_en: (1) Yes,
  value: 1,
  dataset: ship-start
}"
36062,Category,"{
  label_de: (888) Trifft nicht zu,
  id: cat-ship-sl_l31d1nd-888,
  label_en: (888) Does not apply,
  value: 888,
  dataset: ship-start
}"
36063,Category,"{
  label_de: (777) Weiß nicht,
  id: cat-ship-sl_l31d1nd-777,
  label_en: (777) Don't know,
  value: 777,
  dataset: ship-start
}"
36064,Category,"{
  label_de: (0) Nein,
  id: cat-ship-sl_l31d1nd-0,
  label_en: (0) No,
  value: 0,
  dataset: ship-start
}"
36065,Category,"{
  label_de: (J) erlaubter Sprung,
  id: cat-ship-sl_l31d1nd-99983,
  label_en: (J) allowed jump,
  value: 99983,
  dataset: ship-start
}"
36066,Category,"{
  label_de: (999) Unbekannt,
  id: cat-ship-sl_d59sze-999,
  label_en: (999) Unknown,
  value: 999,
  dataset: ship-start
}"
36067,Category,"{
  label_de: (888) Trifft nicht zu,
  id: cat-ship-sl_d59sze-888,
  label_en: (888) Does not apply,
  value: 888,
  dataset: ship-start
}"
36068,Category,"{
  label_de: (4) viel,
  id: cat-ship-sl_d59sze-4,
  label_en: (4) much,
  value: 4,
  dataset: ship-start
}"
36069,Category,"{
  label_de: (0) nicht erwünscht,
  id: cat-ship-sl_d59sze-0,
  label_en: (0) not desired,
  value: 0,
  dataset: ship-start
}"
36070,Category,"{
  label_de: (777) Weiß nicht,
  id: cat-ship-sl_d59sze-777,
  label_en: (777) Don't know,
  value: 777,
  dataset: ship-start
}"
36071,Category,"{
  label_de: (3) mäßig,
  id: cat-ship-sl_d59sze-3,
  label_en: (3) moderate,
  value: 3,
  dataset: ship-start
}"
36072,Category,"{
  label_de: (1) keine,
  id: cat-ship-sl_d59sze-1,
  label_en: (1) none,
  value: 1,
  dataset: ship-start
}"
36073,Category,"{
  label_de: (2) wenig,
  id: cat-ship-sl_d59sze-2,
  label_en: (2) little,
  value: 2,
  dataset: ship-start
}"
36074,Category,"{
  label_de: (J) erlaubter Sprung,
  id: cat-ship-sl_d59sze-99983,
  label_en: (J) allowed jump,
  value: 99983,
  dataset: ship-start
}"
36075,Category,"{
  label_de: (999) Unbekannt,
  id: cat-ship-sl_k22lb4-999,
  label_en: (999) Unknown,
  value: 999,
  dataset: ship-start
}"
36076,Category,"{
  label_de: (1) Ja,
  id: cat-ship-sl_k22lb4-1,
  label_en: (1) Yes,
  value: 1,
  dataset: ship-start
}"
36077,Category,"{
  label_de: (888) Trifft nicht zu,
  id: cat-ship-sl_k22lb4-888,
  label_en: (888) Does not apply,
  value: 888,
  dataset: ship-start
}"
36078,Category,"{
  label_de: (777) Weiß nicht,
  id: cat-ship-sl_k22lb4-777,
  label_en: (777) Don't know,
  value: 777,
  dataset: ship-start
}"
36079,Category,"{
  label_de: (0) Nein,
  id: cat-ship-sl_k22lb4-0,
  label_en: (0) No,
  value: 0,
  dataset: ship-start
}"
36080,Category,"{
  label_de: (J) erlaubter Sprung,
  id: cat-ship-sl_k22lb4-99983,
  label_en: (J) allowed jump,
  value: 99983,
  dataset: ship-start
}"
36081,Category,"{
  label_de: nein,
  id: cat-ship-s0_grund_3-0,
  label_en: no,
  value: 0,
  dataset: ship-start
}"
36082,Category,"{
  label_de: ja,
  id: cat-ship-s0_grund_3-1,
  label_en: yes,
  value: 1,
  dataset: ship-start
}"
36083,Category,"{
  label_de: Antwortverweigerung,
  id: cat-ship-s0_aku1-9,
  label_en: Refusal to answer,
  value: 9,
  dataset: ship-start
}"
36084,Category,"{
  label_de: nein,
  id: cat-ship-s0_aku1-2,
  label_en: no,
  value: 2,
  dataset: ship-start
}"
36085,Category,"{
  label_de: weiß nicht,
  id: cat-ship-s0_aku1-8,
  label_en: do not know,
  value: 8,
  dataset: ship-start
}"
36086,Category,"{
  label_de: ja,
  id: cat-ship-s0_aku1-1,
  label_en: yes,
  value: 1,
  dataset: ship-start
}"
36087,Category,"{
  label_de: keine Angabe,
  id: cat-ship-s1_inv_f08i-997,
  label_en: not specified,
  value: 997,
  dataset: ship-start
}"
36088,Category,"{
  label_de: nichts,
  id: cat-ship-s1_inv_f08i-4,
  label_en: nothing,
  value: 4,
  dataset: ship-start
}"
36089,Category,"{
  label_de: nur rechts,
  id: cat-ship-s1_inv_f08i-1,
  label_en: only right,
  value: 1,
  dataset: ship-start
}"
36090,Category,"{
  label_de: beidseitig,
  id: cat-ship-s1_inv_f08i-3,
  label_en: both sides,
  value: 3,
  dataset: ship-start
}"
36091,Category,"{
  label_de: nur links,
  id: cat-ship-s1_inv_f08i-2,
  label_en: left only,
  value: 2,
  dataset: ship-start
}"
36092,Category,"{
  label_de: Trifft nicht zu,
  id: cat-ship-s1_ptsdd_6-997,
  label_en: Does not apply,
  value: 997,
  dataset: ship-start
}"
36093,Category,"{
  label_de: Antwortverweigerung,
  id: cat-ship-s1_ptsdd_6-999,
  label_en: Refused to answer,
  value: 999,
  dataset: ship-start
}"
36094,Category,"{
  label_de: Weiß nicht,
  id: cat-ship-s1_ptsdd_6-998,
  label_en: Does not know,
  value: 998,
  dataset: ship-start
}"
36095,Category,"{
  label_de: Nein,
  id: cat-ship-s1_ptsdc_4-2,
  label_en: No,
  value: 2,
  dataset: ship-start
}"
36096,Category,"{
  label_de: Antwort verweigert,
  id: cat-ship-s1_ptsdc_4-999,
  label_en: Refused to answer,
  value: 999,
  dataset: ship-start
}"
36097,Category,"{
  label_de: Ja,
  id: cat-ship-s1_ptsdc_4-1,
  label_en: Yes,
  value: 1,
  dataset: ship-start
}"
36098,Category,"{
  label_de: Weiß nicht,
  id: cat-ship-s1_ptsdc_4-998,
  label_en: Does not know,
  value: 998,
  dataset: ship-start
}"
36099,Category,"{
  label_de: Trifft nicht zu,
  id: cat-ship-s1_ptsdc_4-997,
  label_en: Does not apply,
  value: 997,
  dataset: ship-start
}"
36100,Category,"{
  label_de: Stark,
  id: cat-ship-s2_ges_bl_09-4,
  label_en: highly,
  value: 4,
  dataset: ship-start
}"
36101,Category,"{
  label_de: Kaum,
  id: cat-ship-s2_ges_bl_09-2,
  label_en: little,
  value: 2,
  dataset: ship-start
}"
36102,Category,"{
  label_de: Gar nicht,
  id: cat-ship-s2_ges_bl_09-1,
  label_en: none,
  value: 1,
  dataset: ship-start
}"
36103,Category,"{
  label_de: Mäßig,
  id: cat-ship-s2_ges_bl_09-3,
  label_en: moderate,
  value: 3,
  dataset: ship-start
}"
36104,Category,"{
  label_de: Ja,
  id: cat-ship-s3_frs_mobil_mitfahr-1,
  label_en: Yes,
  value: 1,
  dataset: ship-start
}"
36105,Category,"{
  label_de: Nein,
  id: cat-ship-s3_frs_mobil_mitfahr-0,
  label_en: No,
  value: 0,
  dataset: ship-start
}"
36106,Category,"{
  label_de: (999) Unbekannt,
  id: cat-ship-sl_u79spam-999,
  label_en: (999) Unknown,
  value: 999,
  dataset: ship-start
}"
36107,Category,"{
  label_de: (888) Trifft nicht zu,
  id: cat-ship-sl_u79spam-888,
  label_en: (888) Does not apply,
  value: 888,
  dataset: ship-start
}"
36108,Category,"{
  label_de: (4) viel,
  id: cat-ship-sl_u79spam-4,
  label_en: (4) much,
  value: 4,
  dataset: ship-start
}"
36109,Category,"{
  label_de: (0) nicht erwünscht,
  id: cat-ship-sl_u79spam-0,
  label_en: (0) not desired,
  value: 0,
  dataset: ship-start
}"
36110,Category,"{
  label_de: (777) Weiß nicht,
  id: cat-ship-sl_u79spam-777,
  label_en: (777) Don't know,
  value: 777,
  dataset: ship-start
}"
36111,Category,"{
  label_de: (3) mäßig,
  id: cat-ship-sl_u79spam-3,
  label_en: (3) moderate,
  value: 3,
  dataset: ship-start
}"
36112,Category,"{
  label_de: (1) keine,
  id: cat-ship-sl_u79spam-1,
  label_en: (1) none,
  value: 1,
  dataset: ship-start
}"
36113,Category,"{
  label_de: (2) wenig,
  id: cat-ship-sl_u79spam-2,
  label_en: (2) little,
  value: 2,
  dataset: ship-start
}"
36114,Category,"{
  label_de: (J) erlaubter Sprung,
  id: cat-ship-sl_u79spam-99983,
  label_en: (J) allowed jump,
  value: 99983,
  dataset: ship-start
}"
36115,Category,"{
  label_de: (J) erlaubter Sprung,
  id: cat-ship-sl_k22bdlt-99983,
  label_en: (J) allowed jump,
  value: 99983,
  dataset: ship-start
}"
36116,Category,"{
  label_de: (999) Unbekannt,
  id: cat-ship-sl_k22bdlt-999,
  label_en: (999) Unknown,
  value: 999,
  dataset: ship-start
}"
36117,Category,"{
  label_de: (4) negativ,
  id: cat-ship-sl_k22bdlt-4,
  label_en: (4) negative,
  value: 4,
  dataset: ship-start
}"
36118,Category,"{
  label_de: (1) sehr positiv,
  id: cat-ship-sl_k22bdlt-1,
  label_en: (1) very positive,
  value: 1,
  dataset: ship-start
}"
36119,Category,"{
  label_de: (888) Trifft nicht zu,
  id: cat-ship-sl_k22bdlt-888,
  label_en: (888) Does not apply,
  value: 888,
  dataset: ship-start
}"
36120,Category,"{
  label_de: (777) Weiß nicht,
  id: cat-ship-sl_k22bdlt-777,
  label_en: (777) Don't know,
  value: 777,
  dataset: ship-start
}"
36121,Category,"{
  label_de: (3) neutral,
  id: cat-ship-sl_k22bdlt-3,
  label_en: (3) neutral,
  value: 3,
  dataset: ship-start
}"
36122,Category,"{
  label_de: (2) positiv,
  id: cat-ship-sl_k22bdlt-2,
  label_en: (2) positive,
  value: 2,
  dataset: ship-start
}"
36123,Category,"{
  label_de: (5) sehr negativ,
  id: cat-ship-sl_k22bdlt-5,
  label_en: (5) very negative,
  value: 5,
  dataset: ship-start
}"
36124,Category,"{
  label_de: Nein,
  id: cat-ship-s1_rau_x12-2,
  label_en: No,
  value: 2,
  dataset: ship-start
}"
36125,Category,"{
  label_de: Antwort verweigert,
  id: cat-ship-s1_rau_x12-999,
  label_en: Refused to answer,
  value: 999,
  dataset: ship-start
}"
36126,Category,"{
  label_de: Ja,
  id: cat-ship-s1_rau_x12-1,
  label_en: Yes,
  value: 1,
  dataset: ship-start
}"
36127,Category,"{
  label_de: Weiß nicht,
  id: cat-ship-s1_rau_x12-998,
  label_en: Does not know,
  value: 998,
  dataset: ship-start
}"
36128,Category,"{
  label_de: Trifft nicht zu,
  id: cat-ship-s1_rau_x12-997,
  label_en: Does not apply,
  value: 997,
  dataset: ship-start
}"
36129,Category,"{
  label_de: Nein,
  id: cat-ship-s1_rau_x11-2,
  label_en: No,
  value: 2,
  dataset: ship-start
}"
36130,Category,"{
  label_de: Antwort verweigert,
  id: cat-ship-s1_rau_x11-999,
  label_en: Refused to answer,
  value: 999,
  dataset: ship-start
}"
36131,Category,"{
  label_de: Ja,
  id: cat-ship-s1_rau_x11-1,
  label_en: Yes,
  value: 1,
  dataset: ship-start
}"
36132,Category,"{
  label_de: Weiß nicht,
  id: cat-ship-s1_rau_x11-998,
  label_en: Does not know,
  value: 998,
  dataset: ship-start
}"
36133,Category,"{
  label_de: Trifft nicht zu,
  id: cat-ship-s1_rau_x11-997,
  label_en: Does not apply,
  value: 997,
  dataset: ship-start
}"
36134,Category,"{
  label_de: schlecht abgb.,
  id: cat-ship-s2_kn_3_li_abgrenz-1,
  label_en: poorly demarcated,
  value: 1,
  dataset: ship-start
}"
36135,Category,"{
  label_de: gut abgrenzbar,
  id: cat-ship-s2_kn_3_li_abgrenz-0,
  label_en: well demarcated,
  value: 0,
  dataset: ship-start
}"
36136,Category,"{
  label_de: keine Angabe,
  id: cat-ship-s2_kn_3_li_abgrenz-9,
  label_en: no declaration,
  value: 9,
  dataset: ship-start
}"
36137,Category,"{
  label_de: nicht beurteilbar,
  id: cat-ship-s2_kn_3_li_abgrenz-8,
  label_en: not assessable,
  value: 8,
  dataset: ship-start
}"
36138,Category,"{
  label_de: Ja,
  id: cat-ship-s2_mrt_wirb_schhwk23-1,
  label_en: Yes,
  value: 1,
  dataset: ship-start
}"
36139,Category,"{
  label_de: Nein,
  id: cat-ship-s2_mrt_wirb_schhwk23-0,
  label_en: No,
  value: 0,
  dataset: ship-start
}"
36140,Category,"{
  label_de: ASS-Umkodierung + Reihenfolge für Zuordnung EINN/VERO/DAR innerhalb Proband angepasst (wie (4)),
  id: cat-ship-s0_korr_v2_v3-14,
  label_en: ASS recoding + order for assignment EINN/VERO/DAR within proband adjusted (like (4)),
  value: 14,
  dataset: ship-start
}"
36141,Category,"{
  label_de: Originalangabe des Medikamentennamens korrigiert (vorher: siehe openend_v2),
  id: cat-ship-s0_korr_v2_v3-7,
  label_en: Original indication of drug name corrected (before: see openend_v2),
  value: 7,
  dataset: ship-start
}"
36142,Category,"{
  label_de: Reihenfolge für Zuordnung EINN/VERO/DAR innerhalb Proband angepasst,
  id: cat-ship-s0_korr_v2_v3-4,
  label_en: Sequence for assignment EINN/VERO/DAR within proband adjusted,
  value: 4,
  dataset: ship-start
}"
36143,Category,"{
  label_de: ASS-Umkodierung + Korrektur kleinerer Fehler (wie (1)),
  id: cat-ship-s0_korr_v2_v3-11,
  label_en: ASS recoding + correction of minor errors (like (1)),
  value: 11,
  dataset: ship-start
}"
36144,Category,"{
  label_de: ATC-Korrekturen (aufgefallen in verschiedenen Analysen),
  id: cat-ship-s0_korr_v2_v3-6,
  label_en: ATC corrections (noticed in different analyses),
  value: 6,
  dataset: ship-start
}"
36145,Category,"{
  label_de: Korrektur kleinerer Fehler,
  id: cat-ship-s0_korr_v2_v3-1,
  label_en: Correction of minor errors,
  value: 1,
  dataset: ship-start
}"
36146,Category,"{
  label_de: Reihenfolge der ATC-Kodierung zum Medikament korrigiert,
  id: cat-ship-s0_korr_v2_v3-8,
  label_en: Order of ATC coding for drug corrected,
  value: 8,
  dataset: ship-start
}"
36147,Category,"{
  label_de: ATC neu codiert per WidO/ABDA-Datenbank, alte Version überschrieben,
  id: cat-ship-s0_korr_v2_v3-3,
  label_en: ATC newly coded per WidO/ABDA database, old version overwritten,
  value: 3,
  dataset: ship-start
}"
36148,Category,"{
  label_de: unverändert / keine Korrektur,
  id: cat-ship-s0_korr_v2_v3-0,
  label_en: unchanged / no correction,
  value: 0,
  dataset: ship-start
}"
36149,Category,"{
  label_de: ASS-Umkodierung,
  id: cat-ship-s0_korr_v2_v3-10,
  label_en: ASS recoding,
  value: 10,
  dataset: ship-start
}"
36150,Category,"{
  label_de: Bei Nachforschungen noch gefundenes Medikament/Eintrag, ggf. neu codiert,
  id: cat-ship-s0_korr_v2_v3-5,
  label_en: Drug/entry still found during research, recoded if necessary,
  value: 5,
  dataset: ship-start
}"
36151,Category,"{
  label_de: ATC selbst (neu) codiert anhand DIMDI-DB (27.04.2006) oder WidO-ATC-Liste (Stand: 1.1.2006),
  id: cat-ship-s0_korr_v2_v3-2,
  label_en: ATC itself (new) coded by DIMDI-DB (27.04.2006) or WidO-ATC list (as of 1.1.2006),
  value: 2,
  dataset: ship-start
}"
36152,Category,"{
  label_de: Ja,
  id: cat-ship-s4_akl_sonst_aklersatz-1,
  label_en: Yes,
  value: 1,
  dataset: ship-start
}"
36153,Category,"{
  label_de: Nein,
  id: cat-ship-s4_akl_sonst_aklersatz-0,
  label_en: No,
  value: 0,
  dataset: ship-start
}"
36154,Category,"{
  label_de: (J) erlaubter Sprung,
  id: cat-ship-sl_l30bh1nd-99983,
  label_en: (J) allowed jump,
  value: 99983,
  dataset: ship-start
}"
36155,Category,"{
  label_de: (999) Unbekannt,
  id: cat-ship-sl_l30bh1nd-999,
  label_en: (999) Unknown,
  value: 999,
  dataset: ship-start
}"
36156,Category,"{
  label_de: (4) negativ,
  id: cat-ship-sl_l30bh1nd-4,
  label_en: (4) negative,
  value: 4,
  dataset: ship-start
}"
36157,Category,"{
  label_de: (1) sehr positiv,
  id: cat-ship-sl_l30bh1nd-1,
  label_en: (1) very positive,
  value: 1,
  dataset: ship-start
}"
36158,Category,"{
  label_de: (888) Trifft nicht zu,
  id: cat-ship-sl_l30bh1nd-888,
  label_en: (888) Does not apply,
  value: 888,
  dataset: ship-start
}"
36159,Category,"{
  label_de: (777) Weiß nicht,
  id: cat-ship-sl_l30bh1nd-777,
  label_en: (777) Don't know,
  value: 777,
  dataset: ship-start
}"
36160,Category,"{
  label_de: (3) neutral,
  id: cat-ship-sl_l30bh1nd-3,
  label_en: (3) neutral,
  value: 3,
  dataset: ship-start
}"
36161,Category,"{
  label_de: (2) positiv,
  id: cat-ship-sl_l30bh1nd-2,
  label_en: (2) positive,
  value: 2,
  dataset: ship-start
}"
36162,Category,"{
  label_de: (0) nicht erwünscht,
  id: cat-ship-sl_u79spap-0,
  label_en: (0) not desired,
  value: 0,
  dataset: ship-start
}"
36163,Category,"{
  label_de: (777) Weiß nicht,
  id: cat-ship-sl_u79spap-777,
  label_en: (777) Don't know,
  value: 777,
  dataset: ship-start
}"
36164,Category,"{
  label_de: (3) mäßig,
  id: cat-ship-sl_u79spap-3,
  label_en: (3) moderate,
  value: 3,
  dataset: ship-start
}"
36165,Category,"{
  label_de: (1) keine,
  id: cat-ship-sl_u79spap-1,
  label_en: (1) none,
  value: 1,
  dataset: ship-start
}"
36166,Category,"{
  label_de: (2) wenig,
  id: cat-ship-sl_u79spap-2,
  label_en: (2) little,
  value: 2,
  dataset: ship-start
}"
36167,Category,"{
  label_de: (J) erlaubter Sprung,
  id: cat-ship-sl_u79spap-99983,
  label_en: (J) allowed jump,
  value: 99983,
  dataset: ship-start
}"
36168,Category,"{
  label_de: (J) erlaubter Sprung,
  id: cat-ship-sl_l31bdpam-99983,
  label_en: (J) allowed jump,
  value: 99983,
  dataset: ship-start
}"
36169,Category,"{
  label_de: (999) Unbekannt,
  id: cat-ship-sl_l31bdpam-999,
  label_en: (999) Unknown,
  value: 999,
  dataset: ship-start
}"
36170,Category,"{
  label_de: (4) negativ,
  id: cat-ship-sl_l31bdpam-4,
  label_en: (4) negative,
  value: 4,
  dataset: ship-start
}"
36171,Category,"{
  label_de: (1) sehr positiv,
  id: cat-ship-sl_l31bdpam-1,
  label_en: (1) very positive,
  value: 1,
  dataset: ship-start
}"
36172,Category,"{
  label_de: (888) Trifft nicht zu,
  id: cat-ship-sl_l31bdpam-888,
  label_en: (888) Does not apply,
  value: 888,
  dataset: ship-start
}"
36173,Category,"{
  label_de: (777) Weiß nicht,
  id: cat-ship-sl_l31bdpam-777,
  label_en: (777) Don't know,
  value: 777,
  dataset: ship-start
}"
36174,Category,"{
  label_de: (3) neutral,
  id: cat-ship-sl_l31bdpam-3,
  label_en: (3) neutral,
  value: 3,
  dataset: ship-start
}"
36175,Category,"{
  label_de: (2) positiv,
  id: cat-ship-sl_l31bdpam-2,
  label_en: (2) positive,
  value: 2,
  dataset: ship-start
}"
36176,Category,"{
  label_de: (5) sehr negativ,
  id: cat-ship-sl_l31bdpam-5,
  label_en: (5) very negative,
  value: 5,
  dataset: ship-start
}"
36177,Category,"{
  label_de: (999) Unbekannt,
  id: cat-ship-sl_k22lb7-999,
  label_en: (999) Unknown,
  value: 999,
  dataset: ship-start
}"
36178,Category,"{
  label_de: (1) Ja,
  id: cat-ship-sl_k22lb7-1,
  label_en: (1) Yes,
  value: 1,
  dataset: ship-start
}"
36179,Category,"{
  label_de: (888) Trifft nicht zu,
  id: cat-ship-sl_k22lb7-888,
  label_en: (888) Does not apply,
  value: 888,
  dataset: ship-start
}"
36180,Category,"{
  label_de: (777) Weiß nicht,
  id: cat-ship-sl_k22lb7-777,
  label_en: (777) Don't know,
  value: 777,
  dataset: ship-start
}"
36181,Category,"{
  label_de: (0) Nein,
  id: cat-ship-sl_k22lb7-0,
  label_en: (0) No,
  value: 0,
  dataset: ship-start
}"
36182,Category,"{
  label_de: (J) erlaubter Sprung,
  id: cat-ship-sl_k22lb7-99983,
  label_en: (J) allowed jump,
  value: 99983,
  dataset: ship-start
}"
36183,Category,"{
  label_de: (J) erlaubter Sprung,
  id: cat-ship-sl_d60bh1nd-99983,
  label_en: (J) allowed jump,
  value: 99983,
  dataset: ship-start
}"
36184,Category,"{
  label_de: (999) Unbekannt,
  id: cat-ship-sl_d60bh1nd-999,
  label_en: (999) Unknown,
  value: 999,
  dataset: ship-start
}"
36185,Category,"{
  label_de: (4) negativ,
  id: cat-ship-sl_d60bh1nd-4,
  label_en: (4) negative,
  value: 4,
  dataset: ship-start
}"
36186,Category,"{
  label_de: (1) sehr positiv,
  id: cat-ship-sl_d60bh1nd-1,
  label_en: (1) very positive,
  value: 1,
  dataset: ship-start
}"
36187,Category,"{
  label_de: (888) Trifft nicht zu,
  id: cat-ship-sl_d60bh1nd-888,
  label_en: (888) Does not apply,
  value: 888,
  dataset: ship-start
}"
36188,Category,"{
  label_de: (777) Weiß nicht,
  id: cat-ship-sl_d60bh1nd-777,
  label_en: (777) Don't know,
  value: 777,
  dataset: ship-start
}"
36189,Category,"{
  label_de: (3) neutral,
  id: cat-ship-sl_d60bh1nd-3,
  label_en: (3) neutral,
  value: 3,
  dataset: ship-start
}"
36190,Category,"{
  label_de: (2) positiv,
  id: cat-ship-sl_d60bh1nd-2,
  label_en: (2) positive,
  value: 2,
  dataset: ship-start
}"
36191,Category,"{
  label_de: (5) sehr negativ,
  id: cat-ship-sl_d60bh1nd-5,
  label_en: (5) very negative,
  value: 5,
  dataset: ship-start
}"
36192,Category,"{
  label_de: Abbruch nach 30 Sekunden Lesezeit,
  id: cat-ship-s2_nahvisus_4-0,
  label_en: ended after 30 seconds of reading time,
  value: 0,
  dataset: ship-start
}"
36193,Category,"{
  label_de: Ja,
  id: cat-ship-s2_nahvisus_4-1,
  label_en: Yes,
  value: 1,
  dataset: ship-start
}"
36194,Category,"{
  label_de: Nein,
  id: cat-ship-s2_nahvisus_4-2,
  label_en: No,
  value: 2,
  dataset: ship-start
}"
36195,Category,"{
  label_de: nicht mehr dargeboten,
  id: cat-ship-s2_nahvisus_4-3,
  label_en: no longer offered,
  value: 3,
  dataset: ship-start
}"
36196,Category,"{
  label_de: (J) erlaubter Sprung,
  id: cat-ship-sl_s10lb1-99983,
  label_en: (J) allowed jump,
  value: 99983,
  dataset: ship-start
}"
36197,Category,"{
  label_de: (999) Unbekannt,
  id: cat-ship-sl_s10lb1-999,
  label_en: (999) Unknown,
  value: 999,
  dataset: ship-start
}"
36198,Category,"{
  label_de: (1) Ja,
  id: cat-ship-sl_s10lb1-1,
  label_en: (1) Yes,
  value: 1,
  dataset: ship-start
}"
36199,Category,"{
  label_de: (888) Trifft nicht zu,
  id: cat-ship-sl_s10lb1-888,
  label_en: (888) Does not apply,
  value: 888,
  dataset: ship-start
}"
36200,Category,"{
  label_de: (777) Weiß nicht,
  id: cat-ship-sl_s10lb1-777,
  label_en: (777) Don't know,
  value: 777,
  dataset: ship-start
}"
36201,Category,"{
  label_de: (0) Nein,
  id: cat-ship-sl_s10lb1-0,
  label_en: (0) No,
  value: 0,
  dataset: ship-start
}"
36202,Category,"{
  label_de: (999) Unbekannt,
  id: cat-ship-sl_kfb2-999,
  label_en: (999) Unknown,
  value: 999,
  dataset: ship-start
}"
36203,Category,"{
  label_de: (5) trifft genau zu,
  id: cat-ship-sl_kfb2-5,
  label_en: (5) Applies exactly,
  value: 5,
  dataset: ship-start
}"
36204,Category,"{
  label_de: (3),
  id: cat-ship-sl_kfb2-3,
  label_en: -3,
  value: 3,
  dataset: ship-start
}"
36205,Category,"{
  label_de: (2),
  id: cat-ship-sl_kfb2-2,
  label_en: -2,
  value: 2,
  dataset: ship-start
}"
36206,Category,"{
  label_de: (J) erlaubter Sprung,
  id: cat-ship-sl_kfb2-99983,
  label_en: (J) allowed jump,
  value: 99983,
  dataset: ship-start
}"
36207,Category,"{
  label_de: (777) Weiß nicht,
  id: cat-ship-sl_kfb2-777,
  label_en: (777) Don't know,
  value: 777,
  dataset: ship-start
}"
36208,Category,"{
  label_de: (1),
  id: cat-ship-sl_kfb2-1,
  label_en: -1,
  value: 1,
  dataset: ship-start
}"
36209,Category,"{
  label_de: (0) trifft gar nicht zu,
  id: cat-ship-sl_kfb2-0,
  label_en: (0) does not apply at all,
  value: 0,
  dataset: ship-start
}"
36210,Category,"{
  label_de: (4),
  id: cat-ship-sl_kfb2-4,
  label_en: -4,
  value: 4,
  dataset: ship-start
}"
36211,Category,"{
  label_de: ja,
  id: cat-ship-s0_check12-1,
  label_en: yes,
  value: 1,
  dataset: ship-start
}"
36212,Category,"{
  label_de: Antwortverweigerung,
  id: cat-ship-s0_check12-9,
  label_en: Refusal to answer,
  value: 9,
  dataset: ship-start
}"
36213,Category,"{
  label_de: weiß nicht,
  id: cat-ship-s0_check12-8,
  label_en: do not know,
  value: 8,
  dataset: ship-start
}"
36214,Category,"{
  label_de: nein,
  id: cat-ship-s0_check12-2,
  label_en: no,
  value: 2,
  dataset: ship-start
}"
36215,Category,"{
  label_de: dieses Jahr,
  id: cat-ship-s2_cvi_arz_10-1,
  label_en: this year,
  value: 1,
  dataset: ship-start
}"
36216,Category,"{
  label_de: 11 bis 20 Jahre,
  id: cat-ship-s2_cvi_arz_10-5,
  label_en: 11 up to 20 years,
  value: 5,
  dataset: ship-start
}"
36217,Category,"{
  label_de: 2 bis 5 Jahre,
  id: cat-ship-s2_cvi_arz_10-3,
  label_en: 2 up to 5 years,
  value: 3,
  dataset: ship-start
}"
36218,Category,"{
  label_de: vor einem Jahr,
  id: cat-ship-s2_cvi_arz_10-2,
  label_en: one year ago,
  value: 2,
  dataset: ship-start
}"
36219,Category,"{
  label_de: vor mehr als 20 Jahren,
  id: cat-ship-s2_cvi_arz_10-6,
  label_en: more than 20 years ago,
  value: 6,
  dataset: ship-start
}"
36220,Category,"{
  label_de: 6 bis 10 Jahre,
  id: cat-ship-s2_cvi_arz_10-4,
  label_en: 6 to 10 years,
  value: 4,
  dataset: ship-start
}"
36221,Category,"{
  label_de: Antwortverweigerung,
  id: cat-ship-s2_cvi_arz_10-999,
  label_en: refused to answer,
  value: 999,
  dataset: ship-start
}"
36222,Category,"{
  label_de: Weiß nicht,
  id: cat-ship-s2_cvi_arz_10-998,
  label_en: do not know,
  value: 998,
  dataset: ship-start
}"
36223,Category,"{
  label_de: Antwort verweigert,
  id: cat-ship-s3_geszahn-999,
  label_en: answer denied,
  value: 999,
  dataset: ship-start
}"
36224,Category,"{
  label_de: Schlecht,
  id: cat-ship-s3_geszahn-5,
  label_en: bad,
  value: 5,
  dataset: ship-start
}"
36225,Category,"{
  label_de: Weniger gut,
  id: cat-ship-s3_geszahn-4,
  label_en: suboptimal,
  value: 4,
  dataset: ship-start
}"
36226,Category,"{
  label_de: Zufrieden stellend,
  id: cat-ship-s3_geszahn-3,
  label_en: satisfying,
  value: 3,
  dataset: ship-start
}"
36227,Category,"{
  label_de: Sehr gut,
  id: cat-ship-s3_geszahn-1,
  label_en: very good,
  value: 1,
  dataset: ship-start
}"
36228,Category,"{
  label_de: Weiß nicht,
  id: cat-ship-s3_geszahn-998,
  label_en: no idea,
  value: 998,
  dataset: ship-start
}"
36229,Category,"{
  label_de: Gut,
  id: cat-ship-s3_geszahn-2,
  label_en: good,
  value: 2,
  dataset: ship-start
}"
36230,Category,"{
  label_de: Stimme überhaupt nicht zu,
  id: cat-ship-s0_ern80pr-1,
  label_en: Do not agree at all,
  value: 1,
  dataset: ship-start
}"
36231,Category,"{
  label_de: Nicht auswertbar,
  id: cat-ship-s0_ern80pr-8,
  label_en: Not evaluable,
  value: 8,
  dataset: ship-start
}"
36232,Category,"{
  label_de: Stimme nicht zu,
  id: cat-ship-s0_ern80pr-2,
  label_en: Do not agree,
  value: 2,
  dataset: ship-start
}"
36233,Category,"{
  label_de: Keine Angabe,
  id: cat-ship-s0_ern80pr-9,
  label_en: No answer,
  value: 9,
  dataset: ship-start
}"
36234,Category,"{
  label_de: Stimme sehr zu,
  id: cat-ship-s0_ern80pr-5,
  label_en: Agree very much,
  value: 5,
  dataset: ship-start
}"
36235,Category,"{
  label_de: Stimme zu,
  id: cat-ship-s0_ern80pr-4,
  label_en: Agree,
  value: 4,
  dataset: ship-start
}"
36236,Category,"{
  label_de: Bin unsicher,
  id: cat-ship-s0_ern80pr-3,
  label_en: Am unsure,
  value: 3,
  dataset: ship-start
}"
36237,Category,"{
  id: cat-ship-s0_atc_n07c_s0-0,
  label_en: (0) No,
  value: 0,
  dataset: ship-start
}"
36238,Category,"{
  id: cat-ship-s0_atc_n07c_s0-1,
  label_en: (1) Yes,
  value: 1,
  dataset: ship-start
}"
36239,Category,"{
  label_de: beidseitig,
  id: cat-ship-s1_inv_f08g-3,
  label_en: both sides,
  value: 3,
  dataset: ship-start
}"
36240,Category,"{
  label_de: nur links,
  id: cat-ship-s1_inv_f08g-2,
  label_en: left only,
  value: 2,
  dataset: ship-start
}"
36241,Category,"{
  label_de: keine Angabe,
  id: cat-ship-s1_inv_f08g-997,
  label_en: not specified,
  value: 997,
  dataset: ship-start
}"
36242,Category,"{
  label_de: nichts,
  id: cat-ship-s1_inv_f08g-4,
  label_en: nothing,
  value: 4,
  dataset: ship-start
}"
36243,Category,"{
  label_de: nur rechts,
  id: cat-ship-s1_inv_f08g-1,
  label_en: only right,
  value: 1,
  dataset: ship-start
}"
36244,Category,"{
  label_de: Weiß nicht,
  id: cat-ship-s1_ptsdd_9-998,
  label_en: Does not know,
  value: 998,
  dataset: ship-start
}"
36245,Category,"{
  label_de: Trifft nicht zu,
  id: cat-ship-s1_ptsdd_9-997,
  label_en: Does not apply,
  value: 997,
  dataset: ship-start
}"
36246,Category,"{
  label_de: Antwortverweigerung,
  id: cat-ship-s1_ptsdd_9-999,
  label_en: Refused to answer,
  value: 999,
  dataset: ship-start
}"
36247,Category,"{
  label_de: Antwort verweigert,
  id: cat-ship-s1_frau_8-999,
  label_en: Refused to answer,
  value: 999,
  dataset: ship-start
}"
36248,Category,"{
  label_de: Ja,
  id: cat-ship-s1_frau_8-1,
  label_en: Yes,
  value: 1,
  dataset: ship-start
}"
36249,Category,"{
  label_de: Weiß nicht,
  id: cat-ship-s1_frau_8-998,
  label_en: Does not know,
  value: 998,
  dataset: ship-start
}"
36250,Category,"{
  label_de: Trifft nicht zu,
  id: cat-ship-s1_frau_8-997,
  label_en: Does not apply,
  value: 997,
  dataset: ship-start
}"
36251,Category,"{
  label_de: Nein,
  id: cat-ship-s1_frau_8-2,
  label_en: No,
  value: 2,
  dataset: ship-start
}"
36252,Category,"{
  label_de: Nein,
  id: cat-ship-s4_mrt_ges_head_misc-0,
  label_en: No,
  value: 0,
  dataset: ship-start
}"
36253,Category,"{
  label_de: Ja,
  id: cat-ship-s4_mrt_ges_head_misc-1,
  label_en: Yes,
  value: 1,
  dataset: ship-start
}"
36254,Category,"{
  label_de: (J) erlaubter Sprung,
  id: cat-ship-sl_k22apam-99983,
  label_en: (J) jump allowed,
  value: 99983,
  dataset: ship-start
}"
36255,Category,"{
  label_de: (777) Weiß nicht,
  id: cat-ship-sl_k22apam-777,
  label_en: (777) Don't know,
  value: 777,
  dataset: ship-start
}"
36256,Category,"{
  label_de: (999) Unbekannt,
  id: cat-ship-sl_k22apam-999,
  label_en: (999) Unknown,
  value: 999,
  dataset: ship-start
}"
36257,Category,"{
  label_de: (888) Trifft nicht zu,
  id: cat-ship-sl_k22apam-888,
  label_en: (888) Does not apply,
  value: 888,
  dataset: ship-start
}"
36258,Category,"{
  label_de: (3) neutral,
  id: cat-ship-sl_l32bhze-3,
  label_en: (3) neutral,
  value: 3,
  dataset: ship-start
}"
36259,Category,"{
  label_de: (2) positiv,
  id: cat-ship-sl_l32bhze-2,
  label_en: (2) positive,
  value: 2,
  dataset: ship-start
}"
36260,Category,"{
  label_de: (5) sehr negativ,
  id: cat-ship-sl_l32bhze-5,
  label_en: (5) very negative,
  value: 5,
  dataset: ship-start
}"
36261,Category,"{
  label_de: (J) erlaubter Sprung,
  id: cat-ship-sl_l32bhze-99983,
  label_en: (J) allowed jump,
  value: 99983,
  dataset: ship-start
}"
36262,Category,"{
  label_de: (999) Unbekannt,
  id: cat-ship-sl_l32bhze-999,
  label_en: (999) Unknown,
  value: 999,
  dataset: ship-start
}"
36263,Category,"{
  label_de: (4) negativ,
  id: cat-ship-sl_l32bhze-4,
  label_en: (4) negative,
  value: 4,
  dataset: ship-start
}"
36264,Category,"{
  label_de: (1) sehr positiv,
  id: cat-ship-sl_l32bhze-1,
  label_en: (1) very positive,
  value: 1,
  dataset: ship-start
}"
36265,Category,"{
  label_de: (888) Trifft nicht zu,
  id: cat-ship-sl_l32bhze-888,
  label_en: (888) Does not apply,
  value: 888,
  dataset: ship-start
}"
36266,Category,"{
  label_de: (777) Weiß nicht,
  id: cat-ship-sl_l32bhze-777,
  label_en: (777) Don't know,
  value: 777,
  dataset: ship-start
}"
36267,Category,"{
  label_de: (2) wenig,
  id: cat-ship-sl_o76s5j-2,
  label_en: (2) little,
  value: 2,
  dataset: ship-start
}"
36268,Category,"{
  label_de: (J) erlaubter Sprung,
  id: cat-ship-sl_o76s5j-99983,
  label_en: (J) allowed jump,
  value: 99983,
  dataset: ship-start
}"
36269,Category,"{
  label_de: (999) Unbekannt,
  id: cat-ship-sl_o76s5j-999,
  label_en: (999) Unknown,
  value: 999,
  dataset: ship-start
}"
36270,Category,"{
  label_de: (888) Trifft nicht zu,
  id: cat-ship-sl_o76s5j-888,
  label_en: (888) Does not apply,
  value: 888,
  dataset: ship-start
}"
36271,Category,"{
  label_de: (4) viel,
  id: cat-ship-sl_o76s5j-4,
  label_en: (4) much,
  value: 4,
  dataset: ship-start
}"
36272,Category,"{
  label_de: (0) nicht erwünscht,
  id: cat-ship-sl_o76s5j-0,
  label_en: (0) not desired,
  value: 0,
  dataset: ship-start
}"
36273,Category,"{
  label_de: (777) Weiß nicht,
  id: cat-ship-sl_o76s5j-777,
  label_en: (777) Don't know,
  value: 777,
  dataset: ship-start
}"
36274,Category,"{
  label_de: (3) mäßig,
  id: cat-ship-sl_o76s5j-3,
  label_en: (3) moderate,
  value: 3,
  dataset: ship-start
}"
36275,Category,"{
  label_de: (1) keine,
  id: cat-ship-sl_o76s5j-1,
  label_en: (1) none,
  value: 1,
  dataset: ship-start
}"
36276,Category,"{
  label_de: Greifswald,
  id: cat-ship-s0_all_uznr-1,
  label_en: Greifswald,
  value: 1,
  dataset: ship-start
}"
36277,Category,"{
  label_de: Stralsund,
  id: cat-ship-s0_all_uznr-2,
  label_en: Stralsund,
  value: 2,
  dataset: ship-start
}"
36278,Category,"{
  id: cat-ship-s0_atc_n06a_s0-0,
  label_en: (0) No,
  value: 0,
  dataset: ship-start
}"
36279,Category,"{
  id: cat-ship-s0_atc_n06a_s0-1,
  label_en: (1) Yes,
  value: 1,
  dataset: ship-start
}"
36280,Category,"{
  label_de: Antwortverweigerung,
  id: cat-ship-s2_s2_belast_07-9999,
  label_en: non-response (datetime),
  value: 9999,
  dataset: ship-start
}"
36281,Category,"{
  label_de: Weiß nicht,
  id: cat-ship-s2_s2_belast_07-9998,
  label_en: I don't know (datetime),
  value: 9998,
  dataset: ship-start
}"
36282,Category,"{
  label_de: Messung nicht möglich,
  id: cat-ship-s2_s2_belast_07-996,
  label_en: measurement not done,
  value: 996,
  dataset: ship-start
}"
36283,Category,"{
  label_de: Antwortverweigerung,
  id: cat-ship-s2_s2_belast_07-999,
  label_en: non-response,
  value: 999,
  dataset: ship-start
}"
36284,Category,"{
  label_de: Nicht zutreffend,
  id: cat-ship-s2_s2_belast_07-997,
  label_en: does not apply,
  value: 997,
  dataset: ship-start
}"
36285,Category,"{
  label_de: Weiß nicht,
  id: cat-ship-s2_s2_belast_07-998,
  label_en: I don't know,
  value: 998,
  dataset: ship-start
}"
36286,Category,"{
  label_de: (J) erlaubter Sprung,
  id: cat-ship-sl_o74lb15-99983,
  label_en: (J) allowed jump,
  value: 99983,
  dataset: ship-start
}"
36287,Category,"{
  label_de: (999) Unbekannt,
  id: cat-ship-sl_o74lb15-999,
  label_en: (999) Unknown,
  value: 999,
  dataset: ship-start
}"
36288,Category,"{
  label_de: (1) Ja,
  id: cat-ship-sl_o74lb15-1,
  label_en: (1) Yes,
  value: 1,
  dataset: ship-start
}"
36289,Category,"{
  label_de: (888) Trifft nicht zu,
  id: cat-ship-sl_o74lb15-888,
  label_en: (888) Does not apply,
  value: 888,
  dataset: ship-start
}"
36290,Category,"{
  label_de: Kaum,
  id: cat-ship-s2_ges_bl_28-2,
  label_en: little,
  value: 2,
  dataset: ship-start
}"
36291,Category,"{
  label_de: Gar nicht,
  id: cat-ship-s2_ges_bl_28-1,
  label_en: none,
  value: 1,
  dataset: ship-start
}"
36292,Category,"{
  label_de: Antwortverweigerung,
  id: cat-ship-s1_kom_f06d-999,
  label_en: Refusal to answer,
  value: 999,
  dataset: ship-start
}"
36293,Category,"{
  label_de: weiß nicht,
  id: cat-ship-s1_kom_f06d-998,
  label_en: do not know,
  value: 998,
  dataset: ship-start
}"
36294,Category,"{
  label_de: nein,
  id: cat-ship-s1_kom_f06d-2,
  label_en: no,
  value: 2,
  dataset: ship-start
}"
36295,Category,"{
  label_de: keine Angabe,
  id: cat-ship-s1_kom_f06d-997,
  label_en: not specified,
  value: 997,
  dataset: ship-start
}"
36296,Category,"{
  label_de: ja,
  id: cat-ship-s1_kom_f06d-1,
  label_en: yes,
  value: 1,
  dataset: ship-start
}"
36297,Category,"{
  label_de: (3) neutral,
  id: cat-ship-sl_a47bhze-3,
  label_en: (3) neutral,
  value: 3,
  dataset: ship-start
}"
36298,Category,"{
  label_de: (2) positiv,
  id: cat-ship-sl_a47bhze-2,
  label_en: (2) positive,
  value: 2,
  dataset: ship-start
}"
36299,Category,"{
  label_de: (5) sehr negativ,
  id: cat-ship-sl_a47bhze-5,
  label_en: (5) very negative,
  value: 5,
  dataset: ship-start
}"
36300,Category,"{
  label_de: (J) erlaubter Sprung,
  id: cat-ship-sl_a47bhze-99983,
  label_en: (J) allowed jump,
  value: 99983,
  dataset: ship-start
}"
36301,Category,"{
  label_de: (999) Unbekannt,
  id: cat-ship-sl_a47bhze-999,
  label_en: (999) Unknown,
  value: 999,
  dataset: ship-start
}"
36302,Category,"{
  label_de: (4) negativ,
  id: cat-ship-sl_a47bhze-4,
  label_en: (4) negative,
  value: 4,
  dataset: ship-start
}"
36303,Category,"{
  label_de: (1) sehr positiv,
  id: cat-ship-sl_a47bhze-1,
  label_en: (1) very positive,
  value: 1,
  dataset: ship-start
}"
36304,Category,"{
  label_de: (888) Trifft nicht zu,
  id: cat-ship-sl_a47bhze-888,
  label_en: (888) Does not apply,
  value: 888,
  dataset: ship-start
}"
36305,Category,"{
  label_de: (777) Weiß nicht,
  id: cat-ship-sl_a47bhze-777,
  label_en: (777) Don't know,
  value: 777,
  dataset: ship-start
}"
36306,Category,"{
  label_de: (J) erlaubter Sprung,
  id: cat-ship-sl_a39aze-99983,
  label_en: (J) jump allowed,
  value: 99983,
  dataset: ship-start
}"
36307,Category,"{
  label_de: (777) Weiß nicht,
  id: cat-ship-sl_a39aze-777,
  label_en: (777) Don't know,
  value: 777,
  dataset: ship-start
}"
36308,Category,"{
  label_de: (999) Unbekannt,
  id: cat-ship-sl_a39aze-999,
  label_en: (999) Unknown,
  value: 999,
  dataset: ship-start
}"
36309,Category,"{
  label_de: (888) Trifft nicht zu,
  id: cat-ship-sl_a39aze-888,
  label_en: (888) Does not apply,
  value: 888,
  dataset: ship-start
}"
36310,Category,"{
  label_de: (99993) 9 - keine Angabe,
  id: cat-ship-sl_leg_sa_pat_hospiz-99993,
  label_en: (99993) 9 - not specified,
  value: 99993,
  dataset: ship-start
}"
36311,Category,"{
  label_de: (2) Nein,
  id: cat-ship-sl_leg_sa_pat_hospiz-2,
  label_en: (2) No,
  value: 2,
  dataset: ship-start
}"
36312,Category,"{
  label_de: (99987) 8 - nicht auswertbar,
  id: cat-ship-sl_leg_sa_pat_hospiz-99987,
  label_en: (99987) 8 - not evaluable,
  value: 99987,
  dataset: ship-start
}"
36313,Category,"{
  label_de: (F/99979) Fragebogen nicht vorhanden,
  id: cat-ship-sl_leg_sa_pat_hospiz-99979,
  label_en: (F/99979) questionnaire not available,
  value: 99979,
  dataset: ship-start
}"
36314,Category,"{
  label_de: (1) Ja,
  id: cat-ship-sl_leg_sa_pat_hospiz-1,
  label_en: (1) Yes,
  value: 1,
  dataset: ship-start
}"
36315,Category,"{
  label_de: ja,
  id: cat-ship-s1_inv_f09a-1,
  label_en: yes,
  value: 1,
  dataset: ship-start
}"
36316,Category,"{
  label_de: nein,
  id: cat-ship-s1_inv_f09a-2,
  label_en: no,
  value: 2,
  dataset: ship-start
}"
36317,Category,"{
  label_de: keine Angabe,
  id: cat-ship-s1_inv_f09a-997,
  label_en: no information,
  value: 997,
  dataset: ship-start
}"
36318,Category,"{
  label_de: nicht erinnerlich,
  id: cat-ship-s1_inv_f09a-998,
  label_en: not remembered,
  value: 998,
  dataset: ship-start
}"
36319,Category,"{
  label_de: Weiß nicht,
  id: cat-ship-s2_s2_belast_04-998,
  label_en: do not know,
  value: 998,
  dataset: ship-start
}"
36320,Category,"{
  label_de: Antwortverweigerung,
  id: cat-ship-s2_s2_belast_04-999,
  label_en: refused to answer,
  value: 999,
  dataset: ship-start
}"
36321,Category,"{
  label_de: Ja,
  id: cat-ship-s2_s2_belast_04-1,
  label_en: Yes,
  value: 1,
  dataset: ship-start
}"
36322,Category,"{
  label_de: Nein,
  id: cat-ship-s2_s2_belast_04-2,
  label_en: No,
  value: 2,
  dataset: ship-start
}"
36323,Category,"{
  label_de: (3) neutral,
  id: cat-ship-sl_b12bdlt-3,
  label_en: (3) neutral,
  value: 3,
  dataset: ship-start
}"
36324,Category,"{
  label_de: (2) positiv,
  id: cat-ship-sl_b12bdlt-2,
  label_en: (2) positive,
  value: 2,
  dataset: ship-start
}"
36325,Category,"{
  label_de: (5) sehr negativ,
  id: cat-ship-sl_b12bdlt-5,
  label_en: (5) very negative,
  value: 5,
  dataset: ship-start
}"
36326,Category,"{
  label_de: (J) erlaubter Sprung,
  id: cat-ship-sl_b12bdlt-99983,
  label_en: (J) allowed jump,
  value: 99983,
  dataset: ship-start
}"
36327,Category,"{
  label_de: (999) Unbekannt,
  id: cat-ship-sl_b12bdlt-999,
  label_en: (999) Unknown,
  value: 999,
  dataset: ship-start
}"
36328,Category,"{
  label_de: (4) negativ,
  id: cat-ship-sl_b12bdlt-4,
  label_en: (4) negative,
  value: 4,
  dataset: ship-start
}"
36329,Category,"{
  label_de: (1) sehr positiv,
  id: cat-ship-sl_b12bdlt-1,
  label_en: (1) very positive,
  value: 1,
  dataset: ship-start
}"
36330,Category,"{
  label_de: (888) Trifft nicht zu,
  id: cat-ship-sl_b12bdlt-888,
  label_en: (888) Does not apply,
  value: 888,
  dataset: ship-start
}"
36331,Category,"{
  label_de: (777) Weiß nicht,
  id: cat-ship-sl_b12bdlt-777,
  label_en: (777) Don't know,
  value: 777,
  dataset: ship-start
}"
36332,Category,"{
  label_de: (3) neutral,
  id: cat-ship-sl_k22bhpam-3,
  label_en: (3) neutral,
  value: 3,
  dataset: ship-start
}"
36333,Category,"{
  label_de: (2) positiv,
  id: cat-ship-sl_k22bhpam-2,
  label_en: (2) positive,
  value: 2,
  dataset: ship-start
}"
36334,Category,"{
  label_de: (5) sehr negativ,
  id: cat-ship-sl_k22bhpam-5,
  label_en: (5) very negative,
  value: 5,
  dataset: ship-start
}"
36335,Category,"{
  label_de: (J) erlaubter Sprung,
  id: cat-ship-sl_k22bhpam-99983,
  label_en: (J) allowed jump,
  value: 99983,
  dataset: ship-start
}"
36336,Category,"{
  label_de: (999) Unbekannt,
  id: cat-ship-sl_k22bhpam-999,
  label_en: (999) Unknown,
  value: 999,
  dataset: ship-start
}"
36337,Category,"{
  label_de: (4) negativ,
  id: cat-ship-sl_k22bhpam-4,
  label_en: (4) negative,
  value: 4,
  dataset: ship-start
}"
36338,Category,"{
  label_de: (1) sehr positiv,
  id: cat-ship-sl_k22bhpam-1,
  label_en: (1) very positive,
  value: 1,
  dataset: ship-start
}"
36339,Category,"{
  label_de: (888) Trifft nicht zu,
  id: cat-ship-sl_k22bhpam-888,
  label_en: (888) Does not apply,
  value: 888,
  dataset: ship-start
}"
36340,Category,"{
  label_de: (777) Weiß nicht,
  id: cat-ship-sl_k22bhpam-777,
  label_en: (777) Don't know,
  value: 777,
  dataset: ship-start
}"
36341,Category,"{
  label_de: beidseitig,
  id: cat-ship-s1_inv_f07d-3,
  label_en: both sides,
  value: 3,
  dataset: ship-start
}"
36342,Category,"{
  label_de: nur links,
  id: cat-ship-s1_inv_f07d-2,
  label_en: left only,
  value: 2,
  dataset: ship-start
}"
36343,Category,"{
  label_de: keine Angabe,
  id: cat-ship-s1_inv_f07d-997,
  label_en: not specified,
  value: 997,
  dataset: ship-start
}"
36344,Category,"{
  label_de: nichts,
  id: cat-ship-s1_inv_f07d-4,
  label_en: nothing,
  value: 4,
  dataset: ship-start
}"
36345,Category,"{
  label_de: nur rechts,
  id: cat-ship-s1_inv_f07d-1,
  label_en: only right,
  value: 1,
  dataset: ship-start
}"
36346,Category,"{
  label_de: Antwort verweigert,
  id: cat-ship-s1_ina1_30b-999,
  label_en: Refused to answer,
  value: 999,
  dataset: ship-start
}"
36347,Category,"{
  label_de: Weiß nicht,
  id: cat-ship-s1_ina1_30b-998,
  label_en: Does not know,
  value: 998,
  dataset: ship-start
}"
36348,Category,"{
  label_de: Antwortverweigerung,
  id: cat-ship-s2_s2_inan_04p-9999,
  label_en: non-response (datetime),
  value: 9999,
  dataset: ship-start
}"
36349,Category,"{
  label_de: Weiß nicht,
  id: cat-ship-s2_s2_inan_04p-9998,
  label_en: I don't know (datetime),
  value: 9998,
  dataset: ship-start
}"
36350,Category,"{
  label_de: Messung nicht möglich,
  id: cat-ship-s2_s2_inan_04p-996,
  label_en: measurement not done,
  value: 996,
  dataset: ship-start
}"
36351,Category,"{
  label_de: Antwortverweigerung,
  id: cat-ship-s2_s2_inan_04p-999,
  label_en: non-response,
  value: 999,
  dataset: ship-start
}"
36352,Category,"{
  label_de: Nicht zutreffend,
  id: cat-ship-s2_s2_inan_04p-997,
  label_en: does not apply,
  value: 997,
  dataset: ship-start
}"
36353,Category,"{
  label_de: Weiß nicht,
  id: cat-ship-s2_s2_inan_04p-998,
  label_en: I don't know,
  value: 998,
  dataset: ship-start
}"
36354,Category,"{
  label_de: (3) neutral,
  id: cat-ship-sl_w53bhpam-3,
  label_en: (3) neutral,
  value: 3,
  dataset: ship-start
}"
36355,Category,"{
  label_de: (2) positiv,
  id: cat-ship-sl_w53bhpam-2,
  label_en: (2) positive,
  value: 2,
  dataset: ship-start
}"
36356,Category,"{
  label_de: (5) sehr negativ,
  id: cat-ship-sl_w53bhpam-5,
  label_en: (5) very negative,
  value: 5,
  dataset: ship-start
}"
36357,Category,"{
  label_de: (J) erlaubter Sprung,
  id: cat-ship-sl_w53bhpam-99983,
  label_en: (J) allowed jump,
  value: 99983,
  dataset: ship-start
}"
36358,Category,"{
  label_de: (999) Unbekannt,
  id: cat-ship-sl_w53bhpam-999,
  label_en: (999) Unknown,
  value: 999,
  dataset: ship-start
}"
36359,Category,"{
  label_de: (4) negativ,
  id: cat-ship-sl_w53bhpam-4,
  label_en: (4) negative,
  value: 4,
  dataset: ship-start
}"
36360,Category,"{
  label_de: (1) sehr positiv,
  id: cat-ship-sl_w53bhpam-1,
  label_en: (1) very positive,
  value: 1,
  dataset: ship-start
}"
36361,Category,"{
  label_de: (888) Trifft nicht zu,
  id: cat-ship-sl_w53bhpam-888,
  label_en: (888) Does not apply,
  value: 888,
  dataset: ship-start
}"
36362,Category,"{
  label_de: (777) Weiß nicht,
  id: cat-ship-sl_w53bhpam-777,
  label_en: (777) Don't know,
  value: 777,
  dataset: ship-start
}"
36363,Category,"{
  label_de: (J) erlaubter Sprung,
  id: cat-ship-sl_g64a12-99983,
  label_en: (J) jump allowed,
  value: 99983,
  dataset: ship-start
}"
36364,Category,"{
  label_de: (777) Weiß nicht,
  id: cat-ship-sl_g64a12-777,
  label_en: (777) Don't know,
  value: 777,
  dataset: ship-start
}"
36365,Category,"{
  label_de: (999) Unbekannt,
  id: cat-ship-sl_g64a12-999,
  label_en: (999) Unknown,
  value: 999,
  dataset: ship-start
}"
36366,Category,"{
  label_de: (888) Trifft nicht zu,
  id: cat-ship-sl_g64a12-888,
  label_en: (888) Does not apply,
  value: 888,
  dataset: ship-start
}"
36367,Category,"{
  label_de: (J) erlaubter Sprung,
  id: cat-ship-sl_f49asde-99983,
  label_en: (J) jump allowed,
  value: 99983,
  dataset: ship-start
}"
36368,Category,"{
  label_de: (777) Weiß nicht,
  id: cat-ship-sl_f49asde-777,
  label_en: (777) Don't know,
  value: 777,
  dataset: ship-start
}"
36369,Category,"{
  label_de: (999) Unbekannt,
  id: cat-ship-sl_f49asde-999,
  label_en: (999) Unknown,
  value: 999,
  dataset: ship-start
}"
36370,Category,"{
  label_de: (888) Trifft nicht zu,
  id: cat-ship-sl_f49asde-888,
  label_en: (888) Does not apply,
  value: 888,
  dataset: ship-start
}"
36371,Category,"{
  label_de: (J) erlaubter Sprung,
  id: cat-ship-sl_f49a1de-99983,
  label_en: (J) jump allowed,
  value: 99983,
  dataset: ship-start
}"
36372,Category,"{
  label_de: (777) Weiß nicht,
  id: cat-ship-sl_f49a1de-777,
  label_en: (777) Don't know,
  value: 777,
  dataset: ship-start
}"
36373,Category,"{
  label_de: (999) Unbekannt,
  id: cat-ship-sl_f49a1de-999,
  label_en: (999) Unknown,
  value: 999,
  dataset: ship-start
}"
36374,Category,"{
  label_de: (888) Trifft nicht zu,
  id: cat-ship-sl_f49a1de-888,
  label_en: (888) Does not apply,
  value: 888,
  dataset: ship-start
}"
36375,Category,"{
  label_de: (J) erlaubter Sprung,
  id: cat-ship-sl_s10a1nd-99983,
  label_en: (J) jump allowed,
  value: 99983,
  dataset: ship-start
}"
36376,Category,"{
  label_de: (777) Weiß nicht,
  id: cat-ship-sl_s10a1nd-777,
  label_en: (777) Don't know,
  value: 777,
  dataset: ship-start
}"
36377,Category,"{
  label_de: (999) Unbekannt,
  id: cat-ship-sl_s10a1nd-999,
  label_en: (999) Unknown,
  value: 999,
  dataset: ship-start
}"
36378,Category,"{
  label_de: (888) Trifft nicht zu,
  id: cat-ship-sl_s10a1nd-888,
  label_en: (888) Does not apply,
  value: 888,
  dataset: ship-start
}"
36379,Category,"{
  label_de: Antwort verweigert,
  id: cat-ship-s1_ptsdd_4-999,
  label_en: Refused to answer,
  value: 999,
  dataset: ship-start
}"
36380,Category,"{
  label_de: Ja,
  id: cat-ship-s1_ptsdd_4-1,
  label_en: Yes,
  value: 1,
  dataset: ship-start
}"
36381,Category,"{
  label_de: Weiß nicht,
  id: cat-ship-s1_ptsdd_4-998,
  label_en: Does not know,
  value: 998,
  dataset: ship-start
}"
36382,Category,"{
  label_de: Trifft nicht zu,
  id: cat-ship-s1_ptsdd_4-997,
  label_en: Does not apply,
  value: 997,
  dataset: ship-start
}"
36383,Category,"{
  label_de: Nein,
  id: cat-ship-s1_ptsdd_4-2,
  label_en: No,
  value: 2,
  dataset: ship-start
}"
36384,Category,"{
  label_de: Antwortverweigerung,
  id: cat-ship-s2_s2_inan_04n-9999,
  label_en: non-response (datetime),
  value: 9999,
  dataset: ship-start
}"
36385,Category,"{
  label_de: Weiß nicht,
  id: cat-ship-s2_s2_inan_04n-9998,
  label_en: I don't know (datetime),
  value: 9998,
  dataset: ship-start
}"
36386,Category,"{
  label_de: Messung nicht möglich,
  id: cat-ship-s2_s2_inan_04n-996,
  label_en: measurement not done,
  value: 996,
  dataset: ship-start
}"
36387,Category,"{
  label_de: Antwortverweigerung,
  id: cat-ship-s2_s2_inan_04n-999,
  label_en: non-response,
  value: 999,
  dataset: ship-start
}"
36388,Category,"{
  label_de: Nicht zutreffend,
  id: cat-ship-s2_s2_inan_04n-997,
  label_en: does not apply,
  value: 997,
  dataset: ship-start
}"
36389,Category,"{
  label_de: Weiß nicht,
  id: cat-ship-s2_s2_inan_04n-998,
  label_en: I don't know,
  value: 998,
  dataset: ship-start
}"
36390,Category,"{
  label_de: nicht ok,
  id: cat-ship-s2_qc_r_transversetemporal_surfarea-0,
  label_en: not ok,
  value: 0,
  dataset: ship-start
}"
36391,Category,"{
  label_de: ok,
  id: cat-ship-s2_qc_r_transversetemporal_surfarea-1,
  label_en: ok,
  value: 1,
  dataset: ship-start
}"
36392,Category,"{
  label_de: (J) erlaubter Sprung,
  id: cat-ship-sl_a47d1nd-99983,
  label_en: (J) allowed jump,
  value: 99983,
  dataset: ship-start
}"
36393,Category,"{
  label_de: (999) Unbekannt,
  id: cat-ship-sl_a47d1nd-999,
  label_en: (999) Unknown,
  value: 999,
  dataset: ship-start
}"
36394,Category,"{
  label_de: (1) Ja,
  id: cat-ship-sl_a47d1nd-1,
  label_en: (1) Yes,
  value: 1,
  dataset: ship-start
}"
36395,Category,"{
  label_de: (888) Trifft nicht zu,
  id: cat-ship-sl_a47d1nd-888,
  label_en: (888) Does not apply,
  value: 888,
  dataset: ship-start
}"
36396,Category,"{
  label_de: (777) Weiß nicht,
  id: cat-ship-sl_a47d1nd-777,
  label_en: (777) Don't know,
  value: 777,
  dataset: ship-start
}"
36397,Category,"{
  label_de: (0) Nein,
  id: cat-ship-sl_a47d1nd-0,
  label_en: (0) No,
  value: 0,
  dataset: ship-start
}"
36398,Category,"{
  label_de: (3) neutral,
  id: cat-ship-sl_k21bd5j-3,
  label_en: (3) neutral,
  value: 3,
  dataset: ship-start
}"
36399,Category,"{
  label_de: (2) positiv,
  id: cat-ship-sl_k21bd5j-2,
  label_en: (2) positive,
  value: 2,
  dataset: ship-start
}"
36400,Category,"{
  label_de: (5) sehr negativ,
  id: cat-ship-sl_k21bd5j-5,
  label_en: (5) very negative,
  value: 5,
  dataset: ship-start
}"
36401,Category,"{
  label_de: (J) erlaubter Sprung,
  id: cat-ship-sl_k21bd5j-99983,
  label_en: (J) allowed jump,
  value: 99983,
  dataset: ship-start
}"
36402,Category,"{
  label_de: (999) Unbekannt,
  id: cat-ship-sl_k21bd5j-999,
  label_en: (999) Unknown,
  value: 999,
  dataset: ship-start
}"
36403,Category,"{
  label_de: (4) negativ,
  id: cat-ship-sl_k21bd5j-4,
  label_en: (4) negative,
  value: 4,
  dataset: ship-start
}"
36404,Category,"{
  label_de: (1) sehr positiv,
  id: cat-ship-sl_k21bd5j-1,
  label_en: (1) very positive,
  value: 1,
  dataset: ship-start
}"
36405,Category,"{
  label_de: (888) Trifft nicht zu,
  id: cat-ship-sl_k21bd5j-888,
  label_en: (888) Does not apply,
  value: 888,
  dataset: ship-start
}"
36406,Category,"{
  label_de: (777) Weiß nicht,
  id: cat-ship-sl_k21bd5j-777,
  label_en: (777) Don't know,
  value: 777,
  dataset: ship-start
}"
36407,Category,"{
  label_de: Krankenkasse bezahlt,
  id: cat-ship-s0_neural3-2,
  label_en: health insurance paid,
  value: 2,
  dataset: ship-start
}"
36408,Category,"{
  label_de: privat bezahlt,
  id: cat-ship-s0_neural3-1,
  label_en: private paid,
  value: 1,
  dataset: ship-start
}"
36409,Category,"{
  label_de: Antwortverweigerung,
  id: cat-ship-s0_neural3-9,
  label_en: refusal to answer,
  value: 9,
  dataset: ship-start
}"
36410,Category,"{
  label_de: weiß nicht,
  id: cat-ship-s0_neural3-8,
  label_en: do not know,
  value: 8,
  dataset: ship-start
}"
36411,Category,"{
  label_de: privat und kk bezahlt,
  id: cat-ship-s0_neural3-3,
  label_en: private and kk paid,
  value: 3,
  dataset: ship-start
}"
36412,Category,"{
  label_de: Weiß nicht,
  id: cat-ship-s2_s2_inan_15c-998,
  label_en: I don't know,
  value: 998,
  dataset: ship-start
}"
36413,Category,"{
  label_de: Antwort verweigert,
  id: cat-ship-s2_s2_inan_15c-999,
  label_en: non-response,
  value: 999,
  dataset: ship-start
}"
36414,Category,"{
  label_de: Mäßig,
  id: cat-ship-s2_ges_bl_08-3,
  label_en: moderate,
  value: 3,
  dataset: ship-start
}"
36415,Category,"{
  label_de: Stark,
  id: cat-ship-s2_ges_bl_08-4,
  label_en: highly,
  value: 4,
  dataset: ship-start
}"
36416,Category,"{
  label_de: Kaum,
  id: cat-ship-s2_ges_bl_08-2,
  label_en: little,
  value: 2,
  dataset: ship-start
}"
36417,Category,"{
  label_de: Gar nicht,
  id: cat-ship-s2_ges_bl_08-1,
  label_en: none,
  value: 1,
  dataset: ship-start
}"
36418,Category,"{
  label_de: (1) Ja,
  id: cat-ship-sl_o74lb14-1,
  label_en: (1) Yes,
  value: 1,
  dataset: ship-start
}"
36419,Category,"{
  label_de: (888) Trifft nicht zu,
  id: cat-ship-sl_o74lb14-888,
  label_en: (888) Does not apply,
  value: 888,
  dataset: ship-start
}"
36420,Category,"{
  label_de: (777) Weiß nicht,
  id: cat-ship-sl_o74lb14-777,
  label_en: (777) Don't know,
  value: 777,
  dataset: ship-start
}"
36421,Category,"{
  label_de: (0) Nein,
  id: cat-ship-sl_o74lb14-0,
  label_en: (0) No,
  value: 0,
  dataset: ship-start
}"
36422,Category,"{
  label_de: (J) erlaubter Sprung,
  id: cat-ship-sl_o74lb14-99983,
  label_en: (J) allowed jump,
  value: 99983,
  dataset: ship-start
}"
36423,Category,"{
  label_de: (999) Unbekannt,
  id: cat-ship-sl_a48s1de-999,
  label_en: (999) Unknown,
  value: 999,
  dataset: ship-start
}"
36424,Category,"{
  label_de: (888) Trifft nicht zu,
  id: cat-ship-sl_a48s1de-888,
  label_en: (888) Does not apply,
  value: 888,
  dataset: ship-start
}"
36425,Category,"{
  label_de: (4) viel,
  id: cat-ship-sl_a48s1de-4,
  label_en: (4) much,
  value: 4,
  dataset: ship-start
}"
36426,Category,"{
  label_de: (0) nicht erwünscht,
  id: cat-ship-sl_a48s1de-0,
  label_en: (0) not desired,
  value: 0,
  dataset: ship-start
}"
36427,Category,"{
  label_de: (777) Weiß nicht,
  id: cat-ship-sl_a48s1de-777,
  label_en: (777) Don't know,
  value: 777,
  dataset: ship-start
}"
36428,Category,"{
  label_de: (3) mäßig,
  id: cat-ship-sl_a48s1de-3,
  label_en: (3) moderate,
  value: 3,
  dataset: ship-start
}"
36429,Category,"{
  label_de: (1) keine,
  id: cat-ship-sl_a48s1de-1,
  label_en: (1) none,
  value: 1,
  dataset: ship-start
}"
36430,Category,"{
  label_de: (2) wenig,
  id: cat-ship-sl_a48s1de-2,
  label_en: (2) little,
  value: 2,
  dataset: ship-start
}"
36431,Category,"{
  label_de: (J) erlaubter Sprung,
  id: cat-ship-sl_a48s1de-99983,
  label_en: (J) allowed jump,
  value: 99983,
  dataset: ship-start
}"
36432,Category,"{
  label_de: (999) Unbekannt,
  id: cat-ship-sl_w53a12-999,
  label_en: (999) Unknown,
  value: 999,
  dataset: ship-start
}"
36433,Category,"{
  label_de: (888) Trifft nicht zu,
  id: cat-ship-sl_w53a12-888,
  label_en: (888) Does not apply,
  value: 888,
  dataset: ship-start
}"
36434,Category,"{
  label_de: (J) erlaubter Sprung,
  id: cat-ship-sl_w53a12-99983,
  label_en: (J) jump allowed,
  value: 99983,
  dataset: ship-start
}"
36435,Category,"{
  label_de: (777) Weiß nicht,
  id: cat-ship-sl_w53a12-777,
  label_en: (777) Don't know,
  value: 777,
  dataset: ship-start
}"
36436,Category,"{
  label_de: (999) Unbekannt,
  id: cat-ship-sl_l34spap-999,
  label_en: (999) Unknown,
  value: 999,
  dataset: ship-start
}"
36437,Category,"{
  label_de: (888) Trifft nicht zu,
  id: cat-ship-sl_l34spap-888,
  label_en: (888) Does not apply,
  value: 888,
  dataset: ship-start
}"
36438,Category,"{
  label_de: (4) viel,
  id: cat-ship-sl_l34spap-4,
  label_en: (4) much,
  value: 4,
  dataset: ship-start
}"
36439,Category,"{
  label_de: (0) nicht erwünscht,
  id: cat-ship-sl_l34spap-0,
  label_en: (0) not desired,
  value: 0,
  dataset: ship-start
}"
36440,Category,"{
  label_de: (777) Weiß nicht,
  id: cat-ship-sl_l34spap-777,
  label_en: (777) Don't know,
  value: 777,
  dataset: ship-start
}"
36441,Category,"{
  label_de: (3) mäßig,
  id: cat-ship-sl_l34spap-3,
  label_en: (3) moderate,
  value: 3,
  dataset: ship-start
}"
36442,Category,"{
  label_de: (1) keine,
  id: cat-ship-sl_l34spap-1,
  label_en: (1) none,
  value: 1,
  dataset: ship-start
}"
36443,Category,"{
  label_de: (2) wenig,
  id: cat-ship-sl_l34spap-2,
  label_en: (2) little,
  value: 2,
  dataset: ship-start
}"
36444,Category,"{
  label_de: (J) erlaubter Sprung,
  id: cat-ship-sl_l34spap-99983,
  label_en: (J) allowed jump,
  value: 99983,
  dataset: ship-start
}"
36445,Category,"{
  label_de: Antwortverweigerung,
  id: cat-ship-s3_schmerz_11e-999,
  label_en: refused to answer,
  value: 999,
  dataset: ship-start
}"
36446,Category,"{
  label_de: Ja,
  id: cat-ship-s3_schmerz_11e-1,
  label_en: Yes,
  value: 1,
  dataset: ship-start
}"
36447,Category,"{
  label_de: Weiß nicht,
  id: cat-ship-s3_schmerz_11e-998,
  label_en: do not know,
  value: 998,
  dataset: ship-start
}"
36448,Category,"{
  label_de: Nein,
  id: cat-ship-s3_schmerz_11e-0,
  label_en: No,
  value: 0,
  dataset: ship-start
}"
36449,Category,"{
  label_de: keine Angabe,
  id: cat-ship-s1_inv_f07h-997,
  label_en: not specified,
  value: 997,
  dataset: ship-start
}"
36450,Category,"{
  label_de: nichts,
  id: cat-ship-s1_inv_f07h-4,
  label_en: nothing,
  value: 4,
  dataset: ship-start
}"
36451,Category,"{
  label_de: nur rechts,
  id: cat-ship-s1_inv_f07h-1,
  label_en: only right,
  value: 1,
  dataset: ship-start
}"
36452,Category,"{
  label_de: beidseitig,
  id: cat-ship-s1_inv_f07h-3,
  label_en: both sides,
  value: 3,
  dataset: ship-start
}"
36453,Category,"{
  label_de: nur links,
  id: cat-ship-s1_inv_f07h-2,
  label_en: left only,
  value: 2,
  dataset: ship-start
}"
36454,Category,"{
  label_de: Antwortverweigerung,
  id: cat-ship-s2_s2_inan_04r-999,
  label_en: non-response,
  value: 999,
  dataset: ship-start
}"
36455,Category,"{
  label_de: Nicht zutreffend,
  id: cat-ship-s2_s2_inan_04r-997,
  label_en: does not apply,
  value: 997,
  dataset: ship-start
}"
36456,Category,"{
  label_de: Weiß nicht,
  id: cat-ship-s2_s2_inan_04r-998,
  label_en: I don't know,
  value: 998,
  dataset: ship-start
}"
36457,Category,"{
  label_de: Antwortverweigerung,
  id: cat-ship-s2_s2_inan_04r-9999,
  label_en: non-response (datetime),
  value: 9999,
  dataset: ship-start
}"
36458,Category,"{
  label_de: Weiß nicht,
  id: cat-ship-s2_s2_inan_04r-9998,
  label_en: I don't know (datetime),
  value: 9998,
  dataset: ship-start
}"
36459,Category,"{
  label_de: Messung nicht möglich,
  id: cat-ship-s2_s2_inan_04r-996,
  label_en: measurement not done,
  value: 996,
  dataset: ship-start
}"
36460,Category,"{
  label_de: Antwortverweigerung,
  id: cat-ship-s2_s2_reflux_02-999,
  label_en: refused to answer,
  value: 999,
  dataset: ship-start
}"
36461,Category,"{
  label_de: Ja,
  id: cat-ship-s2_s2_reflux_02-1,
  label_en: Yes,
  value: 1,
  dataset: ship-start
}"
36462,Category,"{
  label_de: Nein,
  id: cat-ship-s2_s2_reflux_02-2,
  label_en: No,
  value: 2,
  dataset: ship-start
}"
36463,Category,"{
  label_de: Weiß nicht,
  id: cat-ship-s2_s2_reflux_02-998,
  label_en: do not know,
  value: 998,
  dataset: ship-start
}"
36464,Category,"{
  label_de: (999) Unbekannt,
  id: cat-ship-sl_o74lb2-999,
  label_en: (999) Unknown,
  value: 999,
  dataset: ship-start
}"
36465,Category,"{
  label_de: (1) Ja,
  id: cat-ship-sl_o74lb2-1,
  label_en: (1) Yes,
  value: 1,
  dataset: ship-start
}"
36466,Category,"{
  label_de: (888) Trifft nicht zu,
  id: cat-ship-sl_o74lb2-888,
  label_en: (888) Does not apply,
  value: 888,
  dataset: ship-start
}"
36467,Category,"{
  label_de: (777) Weiß nicht,
  id: cat-ship-sl_o74lb2-777,
  label_en: (777) Don't know,
  value: 777,
  dataset: ship-start
}"
36468,Category,"{
  label_de: (0) Nein,
  id: cat-ship-sl_o74lb2-0,
  label_en: (0) No,
  value: 0,
  dataset: ship-start
}"
36469,Category,"{
  label_de: (J) erlaubter Sprung,
  id: cat-ship-sl_o74lb2-99983,
  label_en: (J) allowed jump,
  value: 99983,
  dataset: ship-start
}"
36470,Category,"{
  label_de: (J) erlaubter Sprung,
  id: cat-ship-sl_u78bd1de-99983,
  label_en: (J) allowed jump,
  value: 99983,
  dataset: ship-start
}"
36471,Category,"{
  label_de: (999) Unbekannt,
  id: cat-ship-sl_u78bd1de-999,
  label_en: (999) Unknown,
  value: 999,
  dataset: ship-start
}"
36472,Category,"{
  label_de: (4) negativ,
  id: cat-ship-sl_u78bd1de-4,
  label_en: (4) negative,
  value: 4,
  dataset: ship-start
}"
36473,Category,"{
  label_de: (1) sehr positiv,
  id: cat-ship-sl_u78bd1de-1,
  label_en: (1) very positive,
  value: 1,
  dataset: ship-start
}"
36474,Category,"{
  label_de: (888) Trifft nicht zu,
  id: cat-ship-sl_u78bd1de-888,
  label_en: (888) Does not apply,
  value: 888,
  dataset: ship-start
}"
36475,Category,"{
  label_de: (777) Weiß nicht,
  id: cat-ship-sl_u78bd1de-777,
  label_en: (777) Don't know,
  value: 777,
  dataset: ship-start
}"
36476,Category,"{
  label_de: (3) neutral,
  id: cat-ship-sl_u78bd1de-3,
  label_en: (3) neutral,
  value: 3,
  dataset: ship-start
}"
36477,Category,"{
  label_de: (2) positiv,
  id: cat-ship-sl_u78bd1de-2,
  label_en: (2) positive,
  value: 2,
  dataset: ship-start
}"
36478,Category,"{
  label_de: (5) sehr negativ,
  id: cat-ship-sl_u78bd1de-5,
  label_en: (5) very negative,
  value: 5,
  dataset: ship-start
}"
36479,Category,"{
  label_de: (999) Unbekannt,
  id: cat-ship-sl_a39alt-999,
  label_en: (999) Unknown,
  value: 999,
  dataset: ship-start
}"
36480,Category,"{
  label_de: (888) Trifft nicht zu,
  id: cat-ship-sl_a39alt-888,
  label_en: (888) Does not apply,
  value: 888,
  dataset: ship-start
}"
36481,Category,"{
  label_de: (J) erlaubter Sprung,
  id: cat-ship-sl_a39alt-99983,
  label_en: (J) jump allowed,
  value: 99983,
  dataset: ship-start
}"
36482,Category,"{
  label_de: (777) Weiß nicht,
  id: cat-ship-sl_a39alt-777,
  label_en: (777) Don't know,
  value: 777,
  dataset: ship-start
}"
36483,Category,"{
  label_de: (999) Unbekannt,
  id: cat-ship-sl_w54s1de-999,
  label_en: (999) Unknown,
  value: 999,
  dataset: ship-start
}"
36484,Category,"{
  label_de: (888) Trifft nicht zu,
  id: cat-ship-sl_w54s1de-888,
  label_en: (888) Does not apply,
  value: 888,
  dataset: ship-start
}"
36485,Category,"{
  label_de: (4) viel,
  id: cat-ship-sl_w54s1de-4,
  label_en: (4) much,
  value: 4,
  dataset: ship-start
}"
36486,Category,"{
  label_de: (0) nicht erwünscht,
  id: cat-ship-sl_w54s1de-0,
  label_en: (0) not desired,
  value: 0,
  dataset: ship-start
}"
36487,Category,"{
  label_de: (777) Weiß nicht,
  id: cat-ship-sl_w54s1de-777,
  label_en: (777) Don't know,
  value: 777,
  dataset: ship-start
}"
36488,Category,"{
  label_de: (3) mäßig,
  id: cat-ship-sl_w54s1de-3,
  label_en: (3) moderate,
  value: 3,
  dataset: ship-start
}"
36489,Category,"{
  label_de: (1) keine,
  id: cat-ship-sl_w54s1de-1,
  label_en: (1) none,
  value: 1,
  dataset: ship-start
}"
36490,Category,"{
  label_de: (2) wenig,
  id: cat-ship-sl_w54s1de-2,
  label_en: (2) little,
  value: 2,
  dataset: ship-start
}"
36491,Category,"{
  label_de: (J) erlaubter Sprung,
  id: cat-ship-sl_w54s1de-99983,
  label_en: (J) allowed jump,
  value: 99983,
  dataset: ship-start
}"
36492,Category,"{
  label_de: (F/99979) Fragebogen nicht vorhanden,
  id: cat-ship-sl_leg_sa_absz_op-99979,
  label_en: (F/99979) questionnaire not available,
  value: 99979,
  dataset: ship-start
}"
36493,Category,"{
  label_de: (1) Ja,
  id: cat-ship-sl_leg_sa_absz_op-1,
  label_en: (1) Yes,
  value: 1,
  dataset: ship-start
}"
36494,Category,"{
  label_de: (99993) 9 - keine Angabe,
  id: cat-ship-sl_leg_sa_absz_op-99993,
  label_en: (99993) 9 - not specified,
  value: 99993,
  dataset: ship-start
}"
36495,Category,"{
  label_de: (2) Nein,
  id: cat-ship-sl_leg_sa_absz_op-2,
  label_en: (2) No,
  value: 2,
  dataset: ship-start
}"
36496,Category,"{
  label_de: (99987) 8 - nicht auswertbar,
  id: cat-ship-sl_leg_sa_absz_op-99987,
  label_en: (99987) 8 - not evaluable,
  value: 99987,
  dataset: ship-start
}"
36497,Category,"{
  label_de: Antwortverweigerung,
  id: cat-ship-s2_s2_ernaehr_02-999,
  label_en: non-response,
  value: 999,
  dataset: ship-start
}"
36498,Category,"{
  label_de: Mehrmals in der Woche,
  id: cat-ship-s2_s2_ernaehr_02-2,
  label_en: several times a week,
  value: 2,
  dataset: ship-start
}"
36499,Category,"{
  label_de: Mehrmals im Monat,
  id: cat-ship-s2_s2_ernaehr_02-4,
  label_en: several times a month,
  value: 4,
  dataset: ship-start
}"
36500,Category,"{
  label_de: Täglich oder fast täglich,
  id: cat-ship-s2_s2_ernaehr_02-1,
  label_en: every day or almost every day,
  value: 1,
  dataset: ship-start
}"
36501,Category,"{
  label_de: Weiß nicht,
  id: cat-ship-s2_s2_ernaehr_02-998,
  label_en: I don't know,
  value: 998,
  dataset: ship-start
}"
36502,Category,"{
  label_de: Nie oder fast nie,
  id: cat-ship-s2_s2_ernaehr_02-6,
  label_en: never or almost never,
  value: 6,
  dataset: ship-start
}"
36503,Category,"{
  label_de: Etwa einmal in der Woche,
  id: cat-ship-s2_s2_ernaehr_02-3,
  label_en: about once a week,
  value: 3,
  dataset: ship-start
}"
36504,Category,"{
  label_de: Etwa einmal im Monat oder seltener,
  id: cat-ship-s2_s2_ernaehr_02-5,
  label_en: about once a month or fewer,
  value: 5,
  dataset: ship-start
}"
36505,Category,"{
  label_de: Antwortverweigerung,
  id: cat-ship-s2_s2_ernaehr_15-999,
  label_en: non-response,
  value: 999,
  dataset: ship-start
}"
36506,Category,"{
  label_de: Mehrmals in der Woche,
  id: cat-ship-s2_s2_ernaehr_15-2,
  label_en: several times a week,
  value: 2,
  dataset: ship-start
}"
36507,Category,"{
  label_de: Mehrmals im Monat,
  id: cat-ship-s2_s2_ernaehr_15-4,
  label_en: several times a month,
  value: 4,
  dataset: ship-start
}"
36508,Category,"{
  label_de: Täglich oder fast täglich,
  id: cat-ship-s2_s2_ernaehr_15-1,
  label_en: every day or almost every day,
  value: 1,
  dataset: ship-start
}"
36509,Category,"{
  label_de: Weiß nicht,
  id: cat-ship-s2_s2_ernaehr_15-998,
  label_en: I don't know,
  value: 998,
  dataset: ship-start
}"
36510,Category,"{
  label_de: Nie oder fast nie,
  id: cat-ship-s2_s2_ernaehr_15-6,
  label_en: never or almost never,
  value: 6,
  dataset: ship-start
}"
36511,Category,"{
  label_de: Etwa einmal in der Woche,
  id: cat-ship-s2_s2_ernaehr_15-3,
  label_en: about once a week,
  value: 3,
  dataset: ship-start
}"
36512,Category,"{
  label_de: Etwa einmal im Monat oder seltener,
  id: cat-ship-s2_s2_ernaehr_15-5,
  label_en: about once a month or fewer,
  value: 5,
  dataset: ship-start
}"
36513,Category,"{
  label_de: Mäßig,
  id: cat-ship-s2_ges_bl_14-3,
  label_en: moderate,
  value: 3,
  dataset: ship-start
}"
36514,Category,"{
  label_de: Stark,
  id: cat-ship-s2_ges_bl_14-4,
  label_en: highly,
  value: 4,
  dataset: ship-start
}"
36515,Category,"{
  label_de: Kaum,
  id: cat-ship-s2_ges_bl_14-2,
  label_en: little,
  value: 2,
  dataset: ship-start
}"
36516,Category,"{
  label_de: Gar nicht,
  id: cat-ship-s2_ges_bl_14-1,
  label_en: none,
  value: 1,
  dataset: ship-start
}"
36517,Category,"{
  label_de: (2) wenig,
  id: cat-ship-sl_l34spam-2,
  label_en: (2) little,
  value: 2,
  dataset: ship-start
}"
36518,Category,"{
  label_de: (J) erlaubter Sprung,
  id: cat-ship-sl_l34spam-99983,
  label_en: (J) allowed jump,
  value: 99983,
  dataset: ship-start
}"
36519,Category,"{
  label_de: (999) Unbekannt,
  id: cat-ship-sl_l34spam-999,
  label_en: (999) Unknown,
  value: 999,
  dataset: ship-start
}"
36520,Category,"{
  label_de: (888) Trifft nicht zu,
  id: cat-ship-sl_l34spam-888,
  label_en: (888) Does not apply,
  value: 888,
  dataset: ship-start
}"
36521,Category,"{
  label_de: (4) viel,
  id: cat-ship-sl_l34spam-4,
  label_en: (4) much,
  value: 4,
  dataset: ship-start
}"
36522,Category,"{
  label_de: (0) nicht erwünscht,
  id: cat-ship-sl_l34spam-0,
  label_en: (0) not desired,
  value: 0,
  dataset: ship-start
}"
36523,Category,"{
  label_de: (777) Weiß nicht,
  id: cat-ship-sl_l34spam-777,
  label_en: (777) Don't know,
  value: 777,
  dataset: ship-start
}"
36524,Category,"{
  label_de: (3) mäßig,
  id: cat-ship-sl_l34spam-3,
  label_en: (3) moderate,
  value: 3,
  dataset: ship-start
}"
36525,Category,"{
  label_de: (1) keine,
  id: cat-ship-sl_l34spam-1,
  label_en: (1) none,
  value: 1,
  dataset: ship-start
}"
36526,Category,"{
  label_de: (3) neutral,
  id: cat-ship-sl_b12bh1nd-3,
  label_en: (3) neutral,
  value: 3,
  dataset: ship-start
}"
36527,Category,"{
  label_de: (2) positiv,
  id: cat-ship-sl_b12bh1nd-2,
  label_en: (2) positive,
  value: 2,
  dataset: ship-start
}"
36528,Category,"{
  label_de: (5) sehr negativ,
  id: cat-ship-sl_b12bh1nd-5,
  label_en: (5) very negative,
  value: 5,
  dataset: ship-start
}"
36529,Category,"{
  label_de: (J) erlaubter Sprung,
  id: cat-ship-sl_b12bh1nd-99983,
  label_en: (J) allowed jump,
  value: 99983,
  dataset: ship-start
}"
36530,Category,"{
  label_de: (999) Unbekannt,
  id: cat-ship-sl_b12bh1nd-999,
  label_en: (999) Unknown,
  value: 999,
  dataset: ship-start
}"
36531,Category,"{
  label_de: (4) negativ,
  id: cat-ship-sl_b12bh1nd-4,
  label_en: (4) negative,
  value: 4,
  dataset: ship-start
}"
36532,Category,"{
  label_de: (1) sehr positiv,
  id: cat-ship-sl_b12bh1nd-1,
  label_en: (1) very positive,
  value: 1,
  dataset: ship-start
}"
36533,Category,"{
  label_de: (888) Trifft nicht zu,
  id: cat-ship-sl_b12bh1nd-888,
  label_en: (888) Does not apply,
  value: 888,
  dataset: ship-start
}"
36534,Category,"{
  label_de: (777) Weiß nicht,
  id: cat-ship-sl_b12bh1nd-777,
  label_en: (777) Don't know,
  value: 777,
  dataset: ship-start
}"
36535,Category,"{
  label_de: ja,
  id: cat-ship-s1_inv_f09b-1,
  label_en: yes,
  value: 1,
  dataset: ship-start
}"
36536,Category,"{
  label_de: nein,
  id: cat-ship-s1_inv_f09b-2,
  label_en: no,
  value: 2,
  dataset: ship-start
}"
36537,Category,"{
  label_de: keine Angabe,
  id: cat-ship-s1_inv_f09b-997,
  label_en: no information,
  value: 997,
  dataset: ship-start
}"
36538,Category,"{
  label_de: nicht erinnerlich,
  id: cat-ship-s1_inv_f09b-998,
  label_en: not remembered,
  value: 998,
  dataset: ship-start
}"
36539,Category,"{
  label_de: Antwort verweigert,
  id: cat-ship-s1_ptsdd_7-999,
  label_en: Refused to answer,
  value: 999,
  dataset: ship-start
}"
36540,Category,"{
  label_de: Ja,
  id: cat-ship-s1_ptsdd_7-1,
  label_en: Yes,
  value: 1,
  dataset: ship-start
}"
36541,Category,"{
  label_de: Weiß nicht,
  id: cat-ship-s1_ptsdd_7-998,
  label_en: Does not know,
  value: 998,
  dataset: ship-start
}"
36542,Category,"{
  label_de: Trifft nicht zu,
  id: cat-ship-s1_ptsdd_7-997,
  label_en: Does not apply,
  value: 997,
  dataset: ship-start
}"
36543,Category,"{
  label_de: Nein,
  id: cat-ship-s1_ptsdd_7-2,
  label_en: No,
  value: 2,
  dataset: ship-start
}"
36544,Category,"{
  label_de: Weiß nicht,
  id: cat-ship-s2_s2_inan_04i-998,
  label_en: do not know,
  value: 998,
  dataset: ship-start
}"
36545,Category,"{
  label_de: Antwortverweigerung,
  id: cat-ship-s2_s2_inan_04i-999,
  label_en: refused to answer,
  value: 999,
  dataset: ship-start
}"