sourceId,targetId,relationship,props
0,613,IMPLEMENTS,{}
1,0,CO_FOUNDED,{}
1,14,SHARES_DATA_WITH,{}
1,607,USES,{}
1,613,CONNECTS_TO,{}
2,0,CO_FOUNDED,{}
3,0,MEMBER_OF,{}
3,26,HAS_DOMAIN,{}
4,0,MEMBER_OF,{}
5,0,MEMBER_OF,{}
6,0,MEMBER_OF,{}
7,0,MEMBER_OF,{}
8,0,MEMBER_OF,{}
9,0,MEMBER_OF,{}
9,34,MEMBER_OF,{}
10,0,MEMBER_OF,{}
10,14,GOVERNS,{}
10,624,COORDINATES,{}
11,0,MEMBER_OF,{}
12,0,MEMBER_OF,{}
12,34,MEMBER_OF,{}
13,0,MEMBER_OF,{}
14,0,MEMBER_OF,{}
15,0,MEMBER_OF,{}
16,0,GUEST_OF,{}
17,0,GUEST_OF,{}
18,0,GUEST_OF,{}
19,0,GUEST_OF,{}
20,0,GUEST_OF,{}
21,0,GUEST_OF,{}
22,0,GUEST_OF,{}
23,0,GUEST_OF,{}
24,0,GUEST_OF,{}
24,605,OPERATES,{}
25,0,GUEST_OF,{}
26,27,HAS_SUBDOMAIN,{}
26,28,HAS_SUBDOMAIN,{}
27,29,INCLUDES,{}
27,30,INCLUDES,{}
27,31,INCLUDES,{}
28,32,INCLUDES,{}
28,33,INCLUDES,{}
28,34,INCLUDES,{}
28,35,INCLUDES,{}
28,36,INCLUDES,{}
34,8471,HOSTS,{}
34,27972,HOSTS,{}
34,549,STUDIES_GENE,{}
34,550,STUDIES_GENE,{}
34,551,STUDIES_GENE,{}
34,613,CONNECTS_TO,{}
34,614,CONNECTS_TO,{}
34,615,CONNECTS_TO,{}
34,616,CONNECTS_TO,{}
34,617,CONNECTS_TO,{}
34,621,COVERS_DATA_TYPE,{}
34,622,COVERS_DATA_TYPE,{}
34,623,COVERS_DATA_TYPE,{}
34,656,REFERENCES,{}
549,552,HAS_VARIANT,{}
549,553,HAS_VARIANT,{}
549,554,HAS_VARIANT,{}
549,561,INVOLVED_IN,{}
549,562,INVOLVED_IN,{}
550,555,HAS_VARIANT,{}
551,556,HAS_VARIANT,{}
551,562,INVOLVED_IN,{}
552,560,RECORDED_IN,{}
552,557,ASSOCIATED_WITH,{}
553,558,ASSOCIATED_WITH,{}
553,559,ASSOCIATED_WITH,{}
554,557,ASSOCIATED_WITH,"{
  therapy: Sotorasib approved
}"
555,557,ASSOCIATED_WITH,{}
556,557,ASSOCIATED_WITH,"{
  therapy: Osimertinib
}"
563,34,MEMBER_OF,{}
564,34,MEMBER_OF,{}
565,34,MEMBER_OF,{}
566,34,MEMBER_OF,{}
567,34,MEMBER_OF,{}
569,34,MEMBER_OF,{}
570,15,PART_OF,{}
571,15,PART_OF,{}
572,605,REGULATES,{}
573,10,LEADS_SUBPROJECT,{}
574,646,LEADS_SUBPROJECT,{}
575,646,LEADS_SUBPROJECT,{}
576,567,LEADS_SUBPROJECT,{}
577,567,LEADS_SUBPROJECT,{}
578,567,LEADS_SUBPROJECT,{}
579,9,LEADS_SUBPROJECT,{}
580,9,LEADS_SUBPROJECT,{}
581,14,LEADS_SUBPROJECT,{}
582,14,LEADS_SUBPROJECT,{}
583,568,LEADS_SUBPROJECT,{}
584,568,LEADS_SUBPROJECT,{}
585,568,LEADS_SUBPROJECT,{}
586,9,LEADS_SUBPROJECT,{}
587,2,LEADS_SUBPROJECT,{}
588,569,LEADS_SUBPROJECT,{}
589,32,LEADS_SUBPROJECT,{}
590,7,LEADS_SUBPROJECT,{}
591,10,LEADS_SUBPROJECT,{}
592,10,LEADS_SUBPROJECT,{}
593,10,LEADS_SUBPROJECT,{}
594,10,LEADS_SUBPROJECT,{}
595,24,LEADS_SUBPROJECT,{}
596,570,LEADS_SUBPROJECT,{}
597,571,LEADS_SUBPROJECT,{}
598,34,LEADS_SUBPROJECT,{}
599,34,LEADS_SUBPROJECT,{}
600,34,LEADS_SUBPROJECT,{}
601,34,LEADS_SUBPROJECT,{}
602,34,LEADS_SUBPROJECT,{}
603,34,LEADS_SUBPROJECT,{}
604,34,LEADS_SUBPROJECT,{}
604,648,LEADS_SUBPROJECT,{}
605,606,HOSTS,{}
606,607,USES,{}
608,606,WRITES_TO,{}
608,605,AUTHENTICATES_VIA,{}
608,1,PROVIDES_DATA_TO,{}
609,1,PARTICIPATES_IN,{}
610,14,REQUESTS_ACCESS,{}
611,606,OWNS,{}
612,605,REGULATES,{}
619,15,PART_OF,{}
620,2,PART_OF,{}
624,613,IMPLEMENTS,{}
625,624,PART_OF_PROJECT,{}
625,10,LED_BY,{}
626,624,PART_OF_PROJECT,{}
626,646,LED_BY,{}
627,624,PART_OF_PROJECT,{}
627,567,LED_BY,{}
628,624,PART_OF_PROJECT,{}
628,9,LED_BY,{}
629,624,PART_OF_PROJECT,{}
629,14,LED_BY,{}
630,624,PART_OF_PROJECT,{}
630,568,LED_BY,{}
631,624,PART_OF_PROJECT,{}
631,9,LED_BY,{}
632,624,PART_OF_PROJECT,{}
632,2,LED_BY,{}
633,624,PART_OF_PROJECT,{}
633,569,LED_BY,{}
634,624,PART_OF_PROJECT,{}
634,32,LED_BY,{}
635,624,PART_OF_PROJECT,{}
635,7,LED_BY,{}
636,624,PART_OF_PROJECT,{}
636,10,LED_BY,{}
637,624,PART_OF_PROJECT,{}
637,10,LED_BY,{}
638,624,PART_OF_PROJECT,{}
638,24,LED_BY,{}
639,624,PART_OF_PROJECT,{}
639,570,LED_BY,{}
640,624,PART_OF_PROJECT,{}
640,571,LED_BY,{}
641,624,PART_OF_PROJECT,{}
641,34,LED_BY,{}
642,624,PART_OF_PROJECT,{}
642,34,LED_BY,{}
643,624,PART_OF_PROJECT,{}
643,34,LED_BY,{}
644,624,PART_OF_PROJECT,{}
644,34,LED_BY,{}
645,624,PART_OF_PROJECT,{}
645,34,LED_BY,{}
646,0,MEMBER_OF,{}
646,34,MEMBER_OF,{}
646,1,COORDINATES,{}
647,34,MEMBER_OF,{}
648,34,MEMBER_OF,{}
649,34,MEMBER_OF,{}
650,34,MEMBER_OF,{}
651,34,MEMBER_OF,{}
8471,8472,DESCRIBES,{}
8471,8476,HAS_KEYWORD,{}
8471,8477,HAS_KEYWORD,{}
8471,8478,HAS_KEYWORD,{}
8471,8479,HAS_KEYWORD,{}
8471,8480,HAS_KEYWORD,{}
8471,8481,HAS_KEYWORD,{}
8472,8483,HAS_AREA,{}
8472,8485,HAS_AREA,{}
8472,8489,HAS_AREA,{}
8472,8496,HAS_AREA,{}
8472,8534,HAS_AREA,{}
8472,8541,HAS_AREA,{}
8472,8542,HAS_AREA,{}
8472,8543,HAS_AREA,{}
8472,8547,HAS_AREA,{}
8472,8548,HAS_AREA,{}
8472,8482,HAS_VARIABLE,{}
8472,8484,HAS_VARIABLE,{}
8472,8486,HAS_VARIABLE,{}
8472,8487,HAS_VARIABLE,{}
8472,8488,HAS_VARIABLE,{}
8472,8490,HAS_VARIABLE,{}
8472,8491,HAS_VARIABLE,{}
8472,8492,HAS_VARIABLE,{}
8472,8493,HAS_VARIABLE,{}
8472,8494,HAS_VARIABLE,{}
8472,8495,HAS_VARIABLE,{}
8472,8497,HAS_VARIABLE,{}
8472,8498,HAS_VARIABLE,{}
8472,8499,HAS_VARIABLE,{}
8472,8500,HAS_VARIABLE,{}
8472,8501,HAS_VARIABLE,{}
8472,8502,HAS_VARIABLE,{}
8472,8503,HAS_VARIABLE,{}
8472,8504,HAS_VARIABLE,{}
8472,8505,HAS_VARIABLE,{}
8472,8506,HAS_VARIABLE,{}
8472,8507,HAS_VARIABLE,{}
8472,8508,HAS_VARIABLE,{}
8472,8509,HAS_VARIABLE,{}
8472,8510,HAS_VARIABLE,{}
8472,8511,HAS_VARIABLE,{}
8472,8512,HAS_VARIABLE,{}
8472,8513,HAS_VARIABLE,{}
8472,8514,HAS_VARIABLE,{}
8472,8515,HAS_VARIABLE,{}
8472,8516,HAS_VARIABLE,{}
8472,8517,HAS_VARIABLE,{}
8472,8518,HAS_VARIABLE,{}
8472,8519,HAS_VARIABLE,{}
8472,8520,HAS_VARIABLE,{}
8472,8521,HAS_VARIABLE,{}
8472,8522,HAS_VARIABLE,{}
8472,8523,HAS_VARIABLE,{}
8472,8524,HAS_VARIABLE,{}
8472,8525,HAS_VARIABLE,{}
8472,8526,HAS_VARIABLE,{}
8472,8527,HAS_VARIABLE,{}
8472,8528,HAS_VARIABLE,{}
8472,8529,HAS_VARIABLE,{}
8472,8530,HAS_VARIABLE,{}
8472,8531,HAS_VARIABLE,{}
8472,8532,HAS_VARIABLE,{}
8472,8533,HAS_VARIABLE,{}
8472,8535,HAS_VARIABLE,{}
8472,8536,HAS_VARIABLE,{}
8472,8537,HAS_VARIABLE,{}
8472,8538,HAS_VARIABLE,{}
8472,8539,HAS_VARIABLE,{}
8472,8540,HAS_VARIABLE,{}
8472,8544,HAS_VARIABLE,{}
8472,8545,HAS_VARIABLE,{}
8472,8546,HAS_VARIABLE,{}
8472,8549,HAS_VARIABLE,{}
8472,8550,HAS_VARIABLE,{}
8472,8551,HAS_VARIABLE,{}
8472,8552,HAS_VARIABLE,{}
8472,8553,HAS_VARIABLE,{}
8473,8471,CONTRIBUTED_TO,{}
8473,8475,AFFILIATED_WITH,{}
8474,8471,CONTRIBUTED_TO,{}
8474,8475,AFFILIATED_WITH,{}
8475,34,MEMBER_OF,{}
8475,656,PROVIDES,{}
8483,8482,HAS_VARIABLE,{}
8483,8487,HAS_VARIABLE,{}
8483,8490,HAS_VARIABLE,{}
8483,8493,HAS_VARIABLE,{}
8483,8494,HAS_VARIABLE,{}
8483,8495,HAS_VARIABLE,{}
8483,8499,HAS_VARIABLE,{}
8483,8500,HAS_VARIABLE,{}
8483,8529,HAS_VARIABLE,{}
8483,8530,HAS_VARIABLE,{}
8483,8531,HAS_VARIABLE,{}
8483,8532,HAS_VARIABLE,{}
8483,8533,HAS_VARIABLE,{}
8483,8535,HAS_VARIABLE,{}
8483,8536,HAS_VARIABLE,{}
8483,8537,HAS_VARIABLE,{}
8483,8538,HAS_VARIABLE,{}
8483,8539,HAS_VARIABLE,{}
8485,8484,HAS_VARIABLE,{}
8485,8486,HAS_VARIABLE,{}
8485,8498,HAS_VARIABLE,{}
8485,8529,HAS_VARIABLE,{}
8485,8530,HAS_VARIABLE,{}
8485,8531,HAS_VARIABLE,{}
8486,24663,HAS_CATEGORY,{}
8486,24664,HAS_CATEGORY,{}
8486,24665,HAS_CATEGORY,{}
8486,24666,HAS_CATEGORY,{}
8486,24667,HAS_CATEGORY,{}
8486,24668,HAS_CATEGORY,{}
8489,8488,HAS_VARIABLE,{}
8489,8491,HAS_VARIABLE,{}
8489,8492,HAS_VARIABLE,{}
8489,8497,HAS_VARIABLE,{}
8489,8501,HAS_VARIABLE,{}
8489,8502,HAS_VARIABLE,{}
8489,8503,HAS_VARIABLE,{}
8489,8504,HAS_VARIABLE,{}
8489,8505,HAS_VARIABLE,{}
8489,8506,HAS_VARIABLE,{}
8489,8507,HAS_VARIABLE,{}
8489,8508,HAS_VARIABLE,{}
8489,8509,HAS_VARIABLE,{}
8489,8510,HAS_VARIABLE,{}
8489,8511,HAS_VARIABLE,{}
8489,8512,HAS_VARIABLE,{}
8489,8513,HAS_VARIABLE,{}
8489,8514,HAS_VARIABLE,{}
8489,8515,HAS_VARIABLE,{}
8489,8516,HAS_VARIABLE,{}
8489,8517,HAS_VARIABLE,{}
8489,8518,HAS_VARIABLE,{}
8489,8519,HAS_VARIABLE,{}
8489,8520,HAS_VARIABLE,{}
8489,8521,HAS_VARIABLE,{}
8489,8522,HAS_VARIABLE,{}
8489,8523,HAS_VARIABLE,{}
8489,8524,HAS_VARIABLE,{}
8489,8525,HAS_VARIABLE,{}
8489,8526,HAS_VARIABLE,{}
8489,8527,HAS_VARIABLE,{}
8489,8528,HAS_VARIABLE,{}
8489,8533,HAS_VARIABLE,{}
8489,8536,HAS_VARIABLE,{}
8489,8537,HAS_VARIABLE,{}
8489,8539,HAS_VARIABLE,{}
8493,24661,HAS_CATEGORY,{}
8493,24662,HAS_CATEGORY,{}
8494,24650,HAS_CATEGORY,{}
8494,24651,HAS_CATEGORY,{}
8495,24653,HAS_CATEGORY,{}
8495,24654,HAS_CATEGORY,{}
8496,8495,HAS_VARIABLE,{}
8496,8532,HAS_VARIABLE,{}
8498,24632,HAS_CATEGORY,{}
8498,24633,HAS_CATEGORY,{}
8498,24634,HAS_CATEGORY,{}
8498,24635,HAS_CATEGORY,{}
8498,24636,HAS_CATEGORY,{}
8498,24637,HAS_CATEGORY,{}
8498,24638,HAS_CATEGORY,{}
8498,24639,HAS_CATEGORY,{}
8498,24640,HAS_CATEGORY,{}
8498,24641,HAS_CATEGORY,{}
8498,24642,HAS_CATEGORY,{}
8498,24643,HAS_CATEGORY,{}
8498,24644,HAS_CATEGORY,{}
8498,24645,HAS_CATEGORY,{}
8498,24646,HAS_CATEGORY,{}
8498,24647,HAS_CATEGORY,{}
8498,24648,HAS_CATEGORY,{}
8498,24649,HAS_CATEGORY,{}
8500,24629,HAS_CATEGORY,{}
8500,24630,HAS_CATEGORY,{}
8500,24631,HAS_CATEGORY,{}
8501,24600,HAS_CATEGORY,{}
8501,24601,HAS_CATEGORY,{}
8501,24602,HAS_CATEGORY,{}
8501,24603,HAS_CATEGORY,{}
8501,24604,HAS_CATEGORY,{}
8501,24605,HAS_CATEGORY,{}
8501,24606,HAS_CATEGORY,{}
8510,24593,HAS_CATEGORY,{}
8510,24594,HAS_CATEGORY,{}
8510,24595,HAS_CATEGORY,{}
8510,24596,HAS_CATEGORY,{}
8510,24597,HAS_CATEGORY,{}
8510,24598,HAS_CATEGORY,{}
8510,24599,HAS_CATEGORY,{}
8513,24577,HAS_CATEGORY,{}
8513,24578,HAS_CATEGORY,{}
8513,24579,HAS_CATEGORY,{}
8513,24580,HAS_CATEGORY,{}
8516,24607,HAS_CATEGORY,{}
8516,24608,HAS_CATEGORY,{}
8516,24609,HAS_CATEGORY,{}
8516,24610,HAS_CATEGORY,{}
8516,24611,HAS_CATEGORY,{}
8516,24612,HAS_CATEGORY,{}
8516,24613,HAS_CATEGORY,{}
8520,24586,HAS_CATEGORY,{}
8520,24587,HAS_CATEGORY,{}
8520,24588,HAS_CATEGORY,{}
8520,24589,HAS_CATEGORY,{}
8520,24590,HAS_CATEGORY,{}
8520,24591,HAS_CATEGORY,{}
8520,24592,HAS_CATEGORY,{}
8524,24614,HAS_CATEGORY,{}
8524,24615,HAS_CATEGORY,{}
8524,24616,HAS_CATEGORY,{}
8524,24617,HAS_CATEGORY,{}
8524,24618,HAS_CATEGORY,{}
8524,24619,HAS_CATEGORY,{}
8527,24655,HAS_CATEGORY,{}
8527,24656,HAS_CATEGORY,{}
8527,24657,HAS_CATEGORY,{}
8527,24658,HAS_CATEGORY,{}
8528,24669,HAS_CATEGORY,{}
8528,24670,HAS_CATEGORY,{}
8528,24671,HAS_CATEGORY,{}
8528,24672,HAS_CATEGORY,{}
8528,24673,HAS_CATEGORY,{}
8528,24674,HAS_CATEGORY,{}
8528,24675,HAS_CATEGORY,{}
8529,8566,HAS_CATEGORY,{}
8529,8567,HAS_CATEGORY,{}
8529,8568,HAS_CATEGORY,{}
8529,8569,HAS_CATEGORY,{}
8529,8570,HAS_CATEGORY,{}
8529,8571,HAS_CATEGORY,{}
8529,8572,HAS_CATEGORY,{}
8529,8573,HAS_CATEGORY,{}
8529,8574,HAS_CATEGORY,{}
8529,8575,HAS_CATEGORY,{}
8529,24576,HAS_CATEGORY,{}
8530,8559,HAS_CATEGORY,{}
8530,8560,HAS_CATEGORY,{}
8530,8561,HAS_CATEGORY,{}
8530,8562,HAS_CATEGORY,{}
8530,8563,HAS_CATEGORY,{}
8530,8564,HAS_CATEGORY,{}
8530,8565,HAS_CATEGORY,{}
8531,8554,HAS_CATEGORY,{}
8531,8555,HAS_CATEGORY,{}
8531,8556,HAS_CATEGORY,{}
8531,8557,HAS_CATEGORY,{}
8531,8558,HAS_CATEGORY,{}
8533,24623,HAS_CATEGORY,{}
8533,24624,HAS_CATEGORY,{}
8533,24625,HAS_CATEGORY,{}
8534,8533,HAS_VARIABLE,{}
8534,8535,HAS_VARIABLE,{}
8534,8537,HAS_VARIABLE,{}
8534,8538,HAS_VARIABLE,{}
8535,24620,HAS_CATEGORY,{}
8535,24621,HAS_CATEGORY,{}
8535,24622,HAS_CATEGORY,{}
8536,24626,HAS_CATEGORY,{}
8536,24627,HAS_CATEGORY,{}
8536,24628,HAS_CATEGORY,{}
8540,24581,HAS_CATEGORY,{}
8541,8540,HAS_VARIABLE,{}
8541,8544,HAS_VARIABLE,{}
8541,8545,HAS_VARIABLE,{}
8541,8549,HAS_VARIABLE,{}
8541,8550,HAS_VARIABLE,{}
8541,8551,HAS_VARIABLE,{}
8541,8552,HAS_VARIABLE,{}
8541,8553,HAS_VARIABLE,{}
8542,8540,HAS_VARIABLE,{}
8542,8545,HAS_VARIABLE,{}
8542,8549,HAS_VARIABLE,{}
8542,8550,HAS_VARIABLE,{}
8542,8551,HAS_VARIABLE,{}
8542,8552,HAS_VARIABLE,{}
8542,8553,HAS_VARIABLE,{}
8543,8540,HAS_VARIABLE,{}
8543,8544,HAS_VARIABLE,{}
8543,8545,HAS_VARIABLE,{}
8543,8549,HAS_VARIABLE,{}
8543,8550,HAS_VARIABLE,{}
8543,8551,HAS_VARIABLE,{}
8543,8552,HAS_VARIABLE,{}
8543,8553,HAS_VARIABLE,{}
8544,24582,HAS_CATEGORY,{}
8545,24652,HAS_CATEGORY,{}
8547,8546,HAS_VARIABLE,{}
8548,8546,HAS_VARIABLE,{}
8549,24660,HAS_CATEGORY,{}
8550,24659,HAS_CATEGORY,{}
8551,24584,HAS_CATEGORY,{}
8552,24585,HAS_CATEGORY,{}
8553,24583,HAS_CATEGORY,{}
27972,27973,DESCRIBES,{}
27973,27976,HAS_AREA,{}
27973,27977,HAS_AREA,{}
27973,27978,HAS_AREA,{}
27973,27979,HAS_AREA,{}
27973,27980,HAS_AREA,{}
27973,27981,HAS_AREA,{}
27973,27982,HAS_AREA,{}
27973,27983,HAS_AREA,{}
27973,27984,HAS_AREA,{}
27973,27985,HAS_AREA,{}
27973,27986,HAS_AREA,{}
27973,27987,HAS_AREA,{}
27973,27988,HAS_AREA,{}
27973,27989,HAS_AREA,{}
27973,27990,HAS_AREA,{}
27973,27991,HAS_AREA,{}
27973,27992,HAS_AREA,{}
27973,27993,HAS_AREA,{}
27973,27994,HAS_AREA,{}
27974,27972,CONTRIBUTED_TO,{}
27974,27975,AFFILIATED_WITH,{}
27976,27995,HAS_VARIABLE,{}
27976,27996,HAS_VARIABLE,{}
27976,27997,HAS_VARIABLE,{}
27976,27998,HAS_VARIABLE,{}
27976,27999,HAS_VARIABLE,{}
27976,28000,HAS_VARIABLE,{}
27976,28001,HAS_VARIABLE,{}
27976,28002,HAS_VARIABLE,{}
27976,28003,HAS_VARIABLE,{}
27976,28004,HAS_VARIABLE,{}
27976,28005,HAS_VARIABLE,{}
27976,28006,HAS_VARIABLE,{}
27976,28007,HAS_VARIABLE,{}
27976,28008,HAS_VARIABLE,{}
27976,28009,HAS_VARIABLE,{}
27976,28010,HAS_VARIABLE,{}
27976,28011,HAS_VARIABLE,{}
27976,28012,HAS_VARIABLE,{}
27976,28013,HAS_VARIABLE,{}
27976,28014,HAS_VARIABLE,{}
27976,28015,HAS_VARIABLE,{}
27976,28016,HAS_VARIABLE,{}
27976,28017,HAS_VARIABLE,{}
27976,28018,HAS_VARIABLE,{}
27976,28019,HAS_VARIABLE,{}
27976,28020,HAS_VARIABLE,{}
27976,28021,HAS_VARIABLE,{}
27976,28022,HAS_VARIABLE,{}
27976,28023,HAS_VARIABLE,{}
27976,28024,HAS_VARIABLE,{}
27976,28025,HAS_VARIABLE,{}
27976,28026,HAS_VARIABLE,{}
27976,28027,HAS_VARIABLE,{}
27976,28028,HAS_VARIABLE,{}
27976,28029,HAS_VARIABLE,{}
27976,28030,HAS_VARIABLE,{}
27976,28031,HAS_VARIABLE,{}
27976,28032,HAS_VARIABLE,{}
27976,28033,HAS_VARIABLE,{}
27976,28034,HAS_VARIABLE,{}
27976,28035,HAS_VARIABLE,{}
27976,28036,HAS_VARIABLE,{}
27976,28037,HAS_VARIABLE,{}
27976,28038,HAS_VARIABLE,{}
27976,28039,HAS_VARIABLE,{}
27976,28040,HAS_VARIABLE,{}
27976,28041,HAS_VARIABLE,{}
27976,28042,HAS_VARIABLE,{}
27976,28043,HAS_VARIABLE,{}
27976,28044,HAS_VARIABLE,{}
27977,28045,HAS_VARIABLE,{}
27977,28046,HAS_VARIABLE,{}
27977,28047,HAS_VARIABLE,{}
27977,28048,HAS_VARIABLE,{}
27977,28049,HAS_VARIABLE,{}
27977,28050,HAS_VARIABLE,{}
27977,28051,HAS_VARIABLE,{}
27977,28052,HAS_VARIABLE,{}
27977,28053,HAS_VARIABLE,{}
27977,28054,HAS_VARIABLE,{}
27977,28055,HAS_VARIABLE,{}
27977,28056,HAS_VARIABLE,{}
27977,28057,HAS_VARIABLE,{}
27977,28058,HAS_VARIABLE,{}
27977,28059,HAS_VARIABLE,{}
27977,28060,HAS_VARIABLE,{}
27977,28061,HAS_VARIABLE,{}
27977,28062,HAS_VARIABLE,{}
27977,28063,HAS_VARIABLE,{}
27977,28064,HAS_VARIABLE,{}
27977,28065,HAS_VARIABLE,{}
27977,28066,HAS_VARIABLE,{}
27977,28067,HAS_VARIABLE,{}
27977,28068,HAS_VARIABLE,{}
27977,28069,HAS_VARIABLE,{}
27977,28070,HAS_VARIABLE,{}
27977,28071,HAS_VARIABLE,{}
27977,28072,HAS_VARIABLE,{}
27977,28073,HAS_VARIABLE,{}
27977,28074,HAS_VARIABLE,{}
27977,28075,HAS_VARIABLE,{}
27977,28076,HAS_VARIABLE,{}
27977,28077,HAS_VARIABLE,{}
27977,28078,HAS_VARIABLE,{}
27977,28079,HAS_VARIABLE,{}
27977,28080,HAS_VARIABLE,{}
27977,28081,HAS_VARIABLE,{}
27977,28082,HAS_VARIABLE,{}
27977,28083,HAS_VARIABLE,{}
27977,28084,HAS_VARIABLE,{}
27977,28085,HAS_VARIABLE,{}
27977,28086,HAS_VARIABLE,{}
27977,28087,HAS_VARIABLE,{}
27977,28088,HAS_VARIABLE,{}
27977,28089,HAS_VARIABLE,{}
27977,28090,HAS_VARIABLE,{}
27977,28091,HAS_VARIABLE,{}
27977,28092,HAS_VARIABLE,{}
27977,28093,HAS_VARIABLE,{}
27977,28094,HAS_VARIABLE,{}
27978,28095,HAS_VARIABLE,{}
27978,28096,HAS_VARIABLE,{}
27978,28097,HAS_VARIABLE,{}
27978,28098,HAS_VARIABLE,{}
27978,28099,HAS_VARIABLE,{}
27978,28100,HAS_VARIABLE,{}
27978,28101,HAS_VARIABLE,{}
27978,28102,HAS_VARIABLE,{}
27978,28103,HAS_VARIABLE,{}
27978,28104,HAS_VARIABLE,{}
27978,28105,HAS_VARIABLE,{}
27978,28106,HAS_VARIABLE,{}
27978,28107,HAS_VARIABLE,{}
27978,28108,HAS_VARIABLE,{}
27978,28109,HAS_VARIABLE,{}
27978,28110,HAS_VARIABLE,{}
27978,28111,HAS_VARIABLE,{}
27978,28112,HAS_VARIABLE,{}
27978,28113,HAS_VARIABLE,{}
27978,28114,HAS_VARIABLE,{}
27978,28115,HAS_VARIABLE,{}
27978,28116,HAS_VARIABLE,{}
27978,28117,HAS_VARIABLE,{}
27978,28118,HAS_VARIABLE,{}
27978,28119,HAS_VARIABLE,{}
27978,28120,HAS_VARIABLE,{}
27978,28121,HAS_VARIABLE,{}
27978,28122,HAS_VARIABLE,{}
27978,28123,HAS_VARIABLE,{}
27978,28124,HAS_VARIABLE,{}
27978,28125,HAS_VARIABLE,{}
27978,28126,HAS_VARIABLE,{}
27978,28127,HAS_VARIABLE,{}
27978,28128,HAS_VARIABLE,{}
27978,28129,HAS_VARIABLE,{}
27978,28130,HAS_VARIABLE,{}
27978,28131,HAS_VARIABLE,{}
27978,28132,HAS_VARIABLE,{}
27978,28133,HAS_VARIABLE,{}
27978,28134,HAS_VARIABLE,{}
27978,28135,HAS_VARIABLE,{}
27978,28136,HAS_VARIABLE,{}
27978,28137,HAS_VARIABLE,{}
27978,28138,HAS_VARIABLE,{}
27978,28139,HAS_VARIABLE,{}
27978,28140,HAS_VARIABLE,{}
27978,28141,HAS_VARIABLE,{}
27978,28142,HAS_VARIABLE,{}
27978,28143,HAS_VARIABLE,{}
27978,28144,HAS_VARIABLE,{}
27979,28145,HAS_VARIABLE,{}
27979,28146,HAS_VARIABLE,{}
27979,28147,HAS_VARIABLE,{}
27979,28148,HAS_VARIABLE,{}
27979,28149,HAS_VARIABLE,{}
27979,28150,HAS_VARIABLE,{}
27979,28151,HAS_VARIABLE,{}
27979,28152,HAS_VARIABLE,{}
27979,28153,HAS_VARIABLE,{}
27979,28154,HAS_VARIABLE,{}
27979,28155,HAS_VARIABLE,{}
27979,28156,HAS_VARIABLE,{}
27979,28157,HAS_VARIABLE,{}
27979,28158,HAS_VARIABLE,{}
27979,28159,HAS_VARIABLE,{}
27979,28160,HAS_VARIABLE,{}
27979,28161,HAS_VARIABLE,{}
27979,28162,HAS_VARIABLE,{}
27979,28163,HAS_VARIABLE,{}
27979,28164,HAS_VARIABLE,{}
27979,28165,HAS_VARIABLE,{}
27979,28166,HAS_VARIABLE,{}
27979,28167,HAS_VARIABLE,{}
27979,28168,HAS_VARIABLE,{}
27979,28169,HAS_VARIABLE,{}
27979,28170,HAS_VARIABLE,{}
27979,28171,HAS_VARIABLE,{}
27979,28172,HAS_VARIABLE,{}
27979,28173,HAS_VARIABLE,{}
27979,28174,HAS_VARIABLE,{}
27979,28175,HAS_VARIABLE,{}
27979,28176,HAS_VARIABLE,{}
27979,28177,HAS_VARIABLE,{}
27979,28178,HAS_VARIABLE,{}
27979,28179,HAS_VARIABLE,{}
27979,28180,HAS_VARIABLE,{}
27979,28181,HAS_VARIABLE,{}
27979,28182,HAS_VARIABLE,{}
27979,28183,HAS_VARIABLE,{}
27979,28184,HAS_VARIABLE,{}
27979,28185,HAS_VARIABLE,{}
27979,28186,HAS_VARIABLE,{}
27979,28187,HAS_VARIABLE,{}
27979,28188,HAS_VARIABLE,{}
27979,28189,HAS_VARIABLE,{}
27979,28190,HAS_VARIABLE,{}
27979,28191,HAS_VARIABLE,{}
27979,28192,HAS_VARIABLE,{}
27979,28193,HAS_VARIABLE,{}
27979,28194,HAS_VARIABLE,{}
27979,557,COVERS_DISEASE,{}
27979,558,COVERS_DISEASE,{}
27980,28195,HAS_VARIABLE,{}
27980,28196,HAS_VARIABLE,{}
27980,28197,HAS_VARIABLE,{}
27980,28198,HAS_VARIABLE,{}
27980,28199,HAS_VARIABLE,{}
27980,28200,HAS_VARIABLE,{}
27980,28201,HAS_VARIABLE,{}
27980,28202,HAS_VARIABLE,{}
27980,28203,HAS_VARIABLE,{}
27980,28204,HAS_VARIABLE,{}
27980,28205,HAS_VARIABLE,{}
27980,28206,HAS_VARIABLE,{}
27980,28207,HAS_VARIABLE,{}
27980,28208,HAS_VARIABLE,{}
27980,28209,HAS_VARIABLE,{}
27980,28210,HAS_VARIABLE,{}
27980,28211,HAS_VARIABLE,{}
27980,28212,HAS_VARIABLE,{}
27980,28213,HAS_VARIABLE,{}
27980,28214,HAS_VARIABLE,{}
27980,28215,HAS_VARIABLE,{}
27980,28216,HAS_VARIABLE,{}
27980,28217,HAS_VARIABLE,{}
27980,28218,HAS_VARIABLE,{}
27980,28219,HAS_VARIABLE,{}
27980,28220,HAS_VARIABLE,{}
27980,28221,HAS_VARIABLE,{}
27980,28222,HAS_VARIABLE,{}
27980,28223,HAS_VARIABLE,{}
27980,28224,HAS_VARIABLE,{}
27980,28225,HAS_VARIABLE,{}
27980,28226,HAS_VARIABLE,{}
27980,28227,HAS_VARIABLE,{}
27980,28228,HAS_VARIABLE,{}
27980,28229,HAS_VARIABLE,{}
27980,28230,HAS_VARIABLE,{}
27980,28231,HAS_VARIABLE,{}
27980,28232,HAS_VARIABLE,{}
27980,28233,HAS_VARIABLE,{}
27980,28234,HAS_VARIABLE,{}
27980,28235,HAS_VARIABLE,{}
27980,28236,HAS_VARIABLE,{}
27980,28237,HAS_VARIABLE,{}
27980,28238,HAS_VARIABLE,{}
27980,28239,HAS_VARIABLE,{}
27980,28240,HAS_VARIABLE,{}
27980,28241,HAS_VARIABLE,{}
27980,28242,HAS_VARIABLE,{}
27980,28243,HAS_VARIABLE,{}
27980,28244,HAS_VARIABLE,{}
27981,28245,HAS_VARIABLE,{}
27981,28246,HAS_VARIABLE,{}
27981,28247,HAS_VARIABLE,{}
27981,28248,HAS_VARIABLE,{}
27981,28249,HAS_VARIABLE,{}
27981,28250,HAS_VARIABLE,{}
27981,28251,HAS_VARIABLE,{}
27981,28252,HAS_VARIABLE,{}
27981,28253,HAS_VARIABLE,{}
27981,28254,HAS_VARIABLE,{}
27981,28255,HAS_VARIABLE,{}
27981,28256,HAS_VARIABLE,{}
27981,28257,HAS_VARIABLE,{}
27981,28258,HAS_VARIABLE,{}
27981,28259,HAS_VARIABLE,{}
27981,28260,HAS_VARIABLE,{}
27981,28261,HAS_VARIABLE,{}
27981,28262,HAS_VARIABLE,{}
27981,28263,HAS_VARIABLE,{}
27981,28264,HAS_VARIABLE,{}
27981,28265,HAS_VARIABLE,{}
27981,28266,HAS_VARIABLE,{}
27981,28267,HAS_VARIABLE,{}
27981,28268,HAS_VARIABLE,{}
27981,28269,HAS_VARIABLE,{}
27981,28270,HAS_VARIABLE,{}
27981,28271,HAS_VARIABLE,{}
27981,28272,HAS_VARIABLE,{}
27981,28273,HAS_VARIABLE,{}
27981,28274,HAS_VARIABLE,{}
27981,28275,HAS_VARIABLE,{}
27981,28276,HAS_VARIABLE,{}
27981,28277,HAS_VARIABLE,{}
27981,28278,HAS_VARIABLE,{}
27981,28279,HAS_VARIABLE,{}
27981,28280,HAS_VARIABLE,{}
27981,28281,HAS_VARIABLE,{}
27981,28282,HAS_VARIABLE,{}
27981,28283,HAS_VARIABLE,{}
27981,28284,HAS_VARIABLE,{}
27981,28285,HAS_VARIABLE,{}
27981,28286,HAS_VARIABLE,{}
27981,28287,HAS_VARIABLE,{}
27981,28288,HAS_VARIABLE,{}
27981,28289,HAS_VARIABLE,{}
27981,28290,HAS_VARIABLE,{}
27981,28291,HAS_VARIABLE,{}
27981,28292,HAS_VARIABLE,{}
27981,28293,HAS_VARIABLE,{}
27981,28294,HAS_VARIABLE,{}
27982,28295,HAS_VARIABLE,{}
27982,28296,HAS_VARIABLE,{}
27982,28297,HAS_VARIABLE,{}
27982,28298,HAS_VARIABLE,{}
27982,28299,HAS_VARIABLE,{}
27982,28300,HAS_VARIABLE,{}
27982,28301,HAS_VARIABLE,{}
27982,28302,HAS_VARIABLE,{}
27982,28303,HAS_VARIABLE,{}
27982,28304,HAS_VARIABLE,{}
27982,28305,HAS_VARIABLE,{}
27982,28306,HAS_VARIABLE,{}
27982,28307,HAS_VARIABLE,{}
27982,28308,HAS_VARIABLE,{}
27982,28309,HAS_VARIABLE,{}
27982,28310,HAS_VARIABLE,{}
27982,28311,HAS_VARIABLE,{}
27982,28312,HAS_VARIABLE,{}
27982,28313,HAS_VARIABLE,{}
27982,28314,HAS_VARIABLE,{}
27982,28315,HAS_VARIABLE,{}
27982,28316,HAS_VARIABLE,{}
27982,28317,HAS_VARIABLE,{}
27982,28318,HAS_VARIABLE,{}
27982,28319,HAS_VARIABLE,{}
27982,28320,HAS_VARIABLE,{}
27982,28321,HAS_VARIABLE,{}
27982,28322,HAS_VARIABLE,{}
27982,28323,HAS_VARIABLE,{}
27982,28324,HAS_VARIABLE,{}
27982,28325,HAS_VARIABLE,{}
27982,28326,HAS_VARIABLE,{}
27982,28327,HAS_VARIABLE,{}
27982,28328,HAS_VARIABLE,{}
27982,28329,HAS_VARIABLE,{}
27982,28330,HAS_VARIABLE,{}
27982,28331,HAS_VARIABLE,{}
27982,28332,HAS_VARIABLE,{}
27982,28333,HAS_VARIABLE,{}
27982,28334,HAS_VARIABLE,{}
27982,28335,HAS_VARIABLE,{}
27982,28336,HAS_VARIABLE,{}
27982,28337,HAS_VARIABLE,{}
27982,28338,HAS_VARIABLE,{}
27982,28339,HAS_VARIABLE,{}
27982,28340,HAS_VARIABLE,{}
27982,28341,HAS_VARIABLE,{}
27982,28342,HAS_VARIABLE,{}
27982,28343,HAS_VARIABLE,{}
27982,28344,HAS_VARIABLE,{}
27983,28345,HAS_VARIABLE,{}
27983,28346,HAS_VARIABLE,{}
27983,28347,HAS_VARIABLE,{}
27983,28348,HAS_VARIABLE,{}
27983,28349,HAS_VARIABLE,{}
27983,28350,HAS_VARIABLE,{}
27983,28351,HAS_VARIABLE,{}
27983,28352,HAS_VARIABLE,{}
27983,28353,HAS_VARIABLE,{}
27983,28354,HAS_VARIABLE,{}
27983,28355,HAS_VARIABLE,{}
27983,28356,HAS_VARIABLE,{}
27983,28357,HAS_VARIABLE,{}
27983,28358,HAS_VARIABLE,{}
27983,28359,HAS_VARIABLE,{}
27983,28360,HAS_VARIABLE,{}
27983,28361,HAS_VARIABLE,{}
27983,28362,HAS_VARIABLE,{}
27983,28363,HAS_VARIABLE,{}
27983,28364,HAS_VARIABLE,{}
27983,28365,HAS_VARIABLE,{}
27983,28366,HAS_VARIABLE,{}
27983,28367,HAS_VARIABLE,{}
27983,28368,HAS_VARIABLE,{}
27983,28369,HAS_VARIABLE,{}
27983,28370,HAS_VARIABLE,{}
27983,28371,HAS_VARIABLE,{}
27983,28372,HAS_VARIABLE,{}
27983,28373,HAS_VARIABLE,{}
27983,28374,HAS_VARIABLE,{}
27983,28375,HAS_VARIABLE,{}
27983,28376,HAS_VARIABLE,{}
27983,28377,HAS_VARIABLE,{}
27983,28378,HAS_VARIABLE,{}
27983,28379,HAS_VARIABLE,{}
27983,28380,HAS_VARIABLE,{}
27983,28381,HAS_VARIABLE,{}
27983,28382,HAS_VARIABLE,{}
27983,28383,HAS_VARIABLE,{}
27983,28384,HAS_VARIABLE,{}
27983,28385,HAS_VARIABLE,{}
27983,28386,HAS_VARIABLE,{}
27983,28387,HAS_VARIABLE,{}
27983,28388,HAS_VARIABLE,{}
27983,28389,HAS_VARIABLE,{}
27983,28390,HAS_VARIABLE,{}
27983,28391,HAS_VARIABLE,{}
27983,28392,HAS_VARIABLE,{}
27983,28393,HAS_VARIABLE,{}
27983,28394,HAS_VARIABLE,{}
27984,28395,HAS_VARIABLE,{}
27984,28396,HAS_VARIABLE,{}
27984,28397,HAS_VARIABLE,{}
27984,28398,HAS_VARIABLE,{}
27984,28399,HAS_VARIABLE,{}
27984,28400,HAS_VARIABLE,{}
27984,28401,HAS_VARIABLE,{}
27984,28402,HAS_VARIABLE,{}
27984,28403,HAS_VARIABLE,{}
27984,28404,HAS_VARIABLE,{}
27984,28405,HAS_VARIABLE,{}
27984,28406,HAS_VARIABLE,{}
27984,28407,HAS_VARIABLE,{}
27984,28408,HAS_VARIABLE,{}
27984,28409,HAS_VARIABLE,{}
27984,28410,HAS_VARIABLE,{}
27984,28411,HAS_VARIABLE,{}
27984,28412,HAS_VARIABLE,{}
27984,28413,HAS_VARIABLE,{}
27984,28414,HAS_VARIABLE,{}
27984,28415,HAS_VARIABLE,{}
27984,28416,HAS_VARIABLE,{}
27984,28417,HAS_VARIABLE,{}
27984,28418,HAS_VARIABLE,{}
27984,28419,HAS_VARIABLE,{}
27984,28420,HAS_VARIABLE,{}
27984,28421,HAS_VARIABLE,{}
27984,28422,HAS_VARIABLE,{}
27984,28423,HAS_VARIABLE,{}
27984,28424,HAS_VARIABLE,{}
27984,28425,HAS_VARIABLE,{}
27984,28426,HAS_VARIABLE,{}
27984,28427,HAS_VARIABLE,{}
27984,28428,HAS_VARIABLE,{}
27984,28429,HAS_VARIABLE,{}
27984,28430,HAS_VARIABLE,{}
27984,28431,HAS_VARIABLE,{}
27984,28432,HAS_VARIABLE,{}
27984,28433,HAS_VARIABLE,{}
27984,28434,HAS_VARIABLE,{}
27984,28435,HAS_VARIABLE,{}
27984,28436,HAS_VARIABLE,{}
27984,28437,HAS_VARIABLE,{}
27984,28438,HAS_VARIABLE,{}
27984,28439,HAS_VARIABLE,{}
27984,28440,HAS_VARIABLE,{}
27984,28441,HAS_VARIABLE,{}
27984,28442,HAS_VARIABLE,{}
27984,28443,HAS_VARIABLE,{}
27984,28444,HAS_VARIABLE,{}
27985,28445,HAS_VARIABLE,{}
27985,28446,HAS_VARIABLE,{}
27985,28447,HAS_VARIABLE,{}
27985,28448,HAS_VARIABLE,{}
27985,28449,HAS_VARIABLE,{}
27985,28450,HAS_VARIABLE,{}
27985,28451,HAS_VARIABLE,{}
27985,28452,HAS_VARIABLE,{}
27985,28453,HAS_VARIABLE,{}
27985,28454,HAS_VARIABLE,{}
27985,28455,HAS_VARIABLE,{}
27985,28456,HAS_VARIABLE,{}
27985,28457,HAS_VARIABLE,{}
27985,28458,HAS_VARIABLE,{}
27985,28459,HAS_VARIABLE,{}
27985,28460,HAS_VARIABLE,{}
27985,28461,HAS_VARIABLE,{}
27985,28462,HAS_VARIABLE,{}
27985,28463,HAS_VARIABLE,{}
27985,28464,HAS_VARIABLE,{}
27985,28465,HAS_VARIABLE,{}
27985,28466,HAS_VARIABLE,{}
27985,28467,HAS_VARIABLE,{}
27985,28468,HAS_VARIABLE,{}
27985,28469,HAS_VARIABLE,{}
27985,28470,HAS_VARIABLE,{}
27985,28471,HAS_VARIABLE,{}
27985,28472,HAS_VARIABLE,{}
27985,28473,HAS_VARIABLE,{}
27985,28474,HAS_VARIABLE,{}
27985,28475,HAS_VARIABLE,{}
27985,28476,HAS_VARIABLE,{}
27985,28477,HAS_VARIABLE,{}
27985,28478,HAS_VARIABLE,{}
27985,28479,HAS_VARIABLE,{}
27985,28480,HAS_VARIABLE,{}
27985,28481,HAS_VARIABLE,{}
27985,28482,HAS_VARIABLE,{}
27985,28483,HAS_VARIABLE,{}
27985,28484,HAS_VARIABLE,{}
27985,28485,HAS_VARIABLE,{}
27985,28486,HAS_VARIABLE,{}
27985,28487,HAS_VARIABLE,{}
27985,28488,HAS_VARIABLE,{}
27985,28489,HAS_VARIABLE,{}
27985,28490,HAS_VARIABLE,{}
27985,28491,HAS_VARIABLE,{}
27985,28492,HAS_VARIABLE,{}
27985,28493,HAS_VARIABLE,{}
27985,28494,HAS_VARIABLE,{}
27986,28495,HAS_VARIABLE,{}
27986,28496,HAS_VARIABLE,{}
27986,28497,HAS_VARIABLE,{}
27986,28498,HAS_VARIABLE,{}
27986,28499,HAS_VARIABLE,{}
27986,28500,HAS_VARIABLE,{}
27986,28501,HAS_VARIABLE,{}
27986,28502,HAS_VARIABLE,{}
27986,28503,HAS_VARIABLE,{}
27986,28504,HAS_VARIABLE,{}
27986,28505,HAS_VARIABLE,{}
27986,28506,HAS_VARIABLE,{}
27986,28507,HAS_VARIABLE,{}
27986,28508,HAS_VARIABLE,{}
27986,28509,HAS_VARIABLE,{}
27986,28510,HAS_VARIABLE,{}
27986,28511,HAS_VARIABLE,{}
27986,28512,HAS_VARIABLE,{}
27986,28513,HAS_VARIABLE,{}
27986,28514,HAS_VARIABLE,{}
27986,28515,HAS_VARIABLE,{}
27986,28516,HAS_VARIABLE,{}
27986,28517,HAS_VARIABLE,{}
27986,28518,HAS_VARIABLE,{}
27986,28519,HAS_VARIABLE,{}
27986,28520,HAS_VARIABLE,{}
27986,28521,HAS_VARIABLE,{}
27986,28522,HAS_VARIABLE,{}
27986,28523,HAS_VARIABLE,{}
27986,28524,HAS_VARIABLE,{}
27986,28525,HAS_VARIABLE,{}
27986,28526,HAS_VARIABLE,{}
27986,28527,HAS_VARIABLE,{}
27986,28528,HAS_VARIABLE,{}
27986,28529,HAS_VARIABLE,{}
27986,28530,HAS_VARIABLE,{}
27986,28531,HAS_VARIABLE,{}
27986,28532,HAS_VARIABLE,{}
27986,28533,HAS_VARIABLE,{}
27986,28534,HAS_VARIABLE,{}
27986,28535,HAS_VARIABLE,{}
27986,28536,HAS_VARIABLE,{}
27986,28537,HAS_VARIABLE,{}
27986,28538,HAS_VARIABLE,{}
27986,28539,HAS_VARIABLE,{}
27986,28540,HAS_VARIABLE,{}
27986,28541,HAS_VARIABLE,{}
27986,28542,HAS_VARIABLE,{}
27986,28543,HAS_VARIABLE,{}
27986,28544,HAS_VARIABLE,{}
27987,28545,HAS_VARIABLE,{}
27987,28546,HAS_VARIABLE,{}
27987,28547,HAS_VARIABLE,{}
27987,28548,HAS_VARIABLE,{}
27987,28549,HAS_VARIABLE,{}
27987,28550,HAS_VARIABLE,{}
27987,28551,HAS_VARIABLE,{}
27987,28552,HAS_VARIABLE,{}
27987,28553,HAS_VARIABLE,{}
27987,28554,HAS_VARIABLE,{}
27987,28555,HAS_VARIABLE,{}
27987,28556,HAS_VARIABLE,{}
27987,28557,HAS_VARIABLE,{}
27987,28558,HAS_VARIABLE,{}
27987,28559,HAS_VARIABLE,{}
27987,28560,HAS_VARIABLE,{}
27987,28561,HAS_VARIABLE,{}
27987,28562,HAS_VARIABLE,{}
27987,28563,HAS_VARIABLE,{}
27987,28564,HAS_VARIABLE,{}
27987,28565,HAS_VARIABLE,{}
27987,28566,HAS_VARIABLE,{}
27987,28567,HAS_VARIABLE,{}
27987,28568,HAS_VARIABLE,{}
27987,28569,HAS_VARIABLE,{}
27987,28570,HAS_VARIABLE,{}
27987,28571,HAS_VARIABLE,{}
27987,28572,HAS_VARIABLE,{}
27987,28573,HAS_VARIABLE,{}
27987,28574,HAS_VARIABLE,{}
27987,28575,HAS_VARIABLE,{}
27987,28576,HAS_VARIABLE,{}
27987,28577,HAS_VARIABLE,{}
27987,28578,HAS_VARIABLE,{}
27987,28579,HAS_VARIABLE,{}
27987,28580,HAS_VARIABLE,{}
27987,28581,HAS_VARIABLE,{}
27987,28582,HAS_VARIABLE,{}
27987,28583,HAS_VARIABLE,{}
27987,28584,HAS_VARIABLE,{}
27987,28585,HAS_VARIABLE,{}
27987,28586,HAS_VARIABLE,{}
27987,28587,HAS_VARIABLE,{}
27987,28588,HAS_VARIABLE,{}
27987,28589,HAS_VARIABLE,{}
27987,28590,HAS_VARIABLE,{}
27987,28591,HAS_VARIABLE,{}
27987,28592,HAS_VARIABLE,{}
27987,28593,HAS_VARIABLE,{}
27987,28594,HAS_VARIABLE,{}
27988,28595,HAS_VARIABLE,{}
27988,28596,HAS_VARIABLE,{}
27988,28597,HAS_VARIABLE,{}
27988,28598,HAS_VARIABLE,{}
27988,28599,HAS_VARIABLE,{}
27988,28600,HAS_VARIABLE,{}
27988,28601,HAS_VARIABLE,{}
27988,28602,HAS_VARIABLE,{}
27988,28603,HAS_VARIABLE,{}
27988,28604,HAS_VARIABLE,{}
27988,28605,HAS_VARIABLE,{}
27988,28606,HAS_VARIABLE,{}
27988,28607,HAS_VARIABLE,{}
27988,28608,HAS_VARIABLE,{}
27988,28609,HAS_VARIABLE,{}
27988,28610,HAS_VARIABLE,{}
27988,28611,HAS_VARIABLE,{}
27988,28612,HAS_VARIABLE,{}
27988,28613,HAS_VARIABLE,{}
27988,28614,HAS_VARIABLE,{}
27988,28615,HAS_VARIABLE,{}
27988,28616,HAS_VARIABLE,{}
27988,28617,HAS_VARIABLE,{}
27988,28618,HAS_VARIABLE,{}
27988,28619,HAS_VARIABLE,{}
27988,28620,HAS_VARIABLE,{}
27988,28621,HAS_VARIABLE,{}
27988,28622,HAS_VARIABLE,{}
27988,28623,HAS_VARIABLE,{}
27988,28624,HAS_VARIABLE,{}
27988,28625,HAS_VARIABLE,{}
27988,28626,HAS_VARIABLE,{}
27988,28627,HAS_VARIABLE,{}
27988,28628,HAS_VARIABLE,{}
27988,28629,HAS_VARIABLE,{}
27988,28630,HAS_VARIABLE,{}
27988,28631,HAS_VARIABLE,{}
27988,28632,HAS_VARIABLE,{}
27988,28633,HAS_VARIABLE,{}
27988,28634,HAS_VARIABLE,{}
27988,28635,HAS_VARIABLE,{}
27988,28636,HAS_VARIABLE,{}
27988,28637,HAS_VARIABLE,{}
27988,28638,HAS_VARIABLE,{}
27988,28639,HAS_VARIABLE,{}
27988,28640,HAS_VARIABLE,{}
27988,28641,HAS_VARIABLE,{}
27988,28642,HAS_VARIABLE,{}
27988,28643,HAS_VARIABLE,{}
27988,28644,HAS_VARIABLE,{}
27989,28645,HAS_VARIABLE,{}
27989,28646,HAS_VARIABLE,{}
27989,28647,HAS_VARIABLE,{}
27989,28648,HAS_VARIABLE,{}
27989,28649,HAS_VARIABLE,{}
27989,28650,HAS_VARIABLE,{}
27989,28651,HAS_VARIABLE,{}
27989,28652,HAS_VARIABLE,{}
27989,28653,HAS_VARIABLE,{}
27989,28654,HAS_VARIABLE,{}
27989,28655,HAS_VARIABLE,{}
27989,28656,HAS_VARIABLE,{}
27989,28657,HAS_VARIABLE,{}
27989,28658,HAS_VARIABLE,{}
27989,28659,HAS_VARIABLE,{}
27989,28660,HAS_VARIABLE,{}
27989,28661,HAS_VARIABLE,{}
27989,28662,HAS_VARIABLE,{}
27989,28663,HAS_VARIABLE,{}
27989,28664,HAS_VARIABLE,{}
27989,28665,HAS_VARIABLE,{}
27989,28666,HAS_VARIABLE,{}
27989,28667,HAS_VARIABLE,{}
27989,28668,HAS_VARIABLE,{}
27989,28669,HAS_VARIABLE,{}
27989,28670,HAS_VARIABLE,{}
27989,28671,HAS_VARIABLE,{}
27989,28672,HAS_VARIABLE,{}
27989,28673,HAS_VARIABLE,{}
27989,28674,HAS_VARIABLE,{}
27989,28675,HAS_VARIABLE,{}
27989,28676,HAS_VARIABLE,{}
27989,28677,HAS_VARIABLE,{}
27989,28678,HAS_VARIABLE,{}
27989,28679,HAS_VARIABLE,{}
27989,28680,HAS_VARIABLE,{}
27989,28681,HAS_VARIABLE,{}
27989,28682,HAS_VARIABLE,{}
27989,28683,HAS_VARIABLE,{}
27989,28684,HAS_VARIABLE,{}
27989,28685,HAS_VARIABLE,{}
27989,28686,HAS_VARIABLE,{}
27989,28687,HAS_VARIABLE,{}
27989,28688,HAS_VARIABLE,{}
27989,28689,HAS_VARIABLE,{}
27989,28690,HAS_VARIABLE,{}
27989,28691,HAS_VARIABLE,{}
27989,28692,HAS_VARIABLE,{}
27989,28693,HAS_VARIABLE,{}
27989,28694,HAS_VARIABLE,{}
27990,28695,HAS_VARIABLE,{}
27990,28696,HAS_VARIABLE,{}
27990,28697,HAS_VARIABLE,{}
27990,28698,HAS_VARIABLE,{}
27990,28699,HAS_VARIABLE,{}
27990,28700,HAS_VARIABLE,{}
27990,28701,HAS_VARIABLE,{}
27990,28702,HAS_VARIABLE,{}
27990,28703,HAS_VARIABLE,{}
27990,28704,HAS_VARIABLE,{}
27990,28705,HAS_VARIABLE,{}
27990,28706,HAS_VARIABLE,{}
27990,28707,HAS_VARIABLE,{}
27990,28708,HAS_VARIABLE,{}
27991,28709,HAS_VARIABLE,{}
27991,28710,HAS_VARIABLE,{}
27991,28711,HAS_VARIABLE,{}
27991,28712,HAS_VARIABLE,{}
27991,28713,HAS_VARIABLE,{}
27991,28714,HAS_VARIABLE,{}
27991,28715,HAS_VARIABLE,{}
27991,28716,HAS_VARIABLE,{}
27991,28717,HAS_VARIABLE,{}
27991,28718,HAS_VARIABLE,{}
27991,28719,HAS_VARIABLE,{}
27991,28720,HAS_VARIABLE,{}
27991,28721,HAS_VARIABLE,{}
27991,28722,HAS_VARIABLE,{}
27991,28723,HAS_VARIABLE,{}
27991,28724,HAS_VARIABLE,{}
27991,28725,HAS_VARIABLE,{}
27991,28726,HAS_VARIABLE,{}
27991,28727,HAS_VARIABLE,{}
27991,28728,HAS_VARIABLE,{}
27991,28729,HAS_VARIABLE,{}
27991,28730,HAS_VARIABLE,{}
27991,28731,HAS_VARIABLE,{}
27991,28732,HAS_VARIABLE,{}
27991,28733,HAS_VARIABLE,{}
27991,28734,HAS_VARIABLE,{}
27991,28735,HAS_VARIABLE,{}
27991,28736,HAS_VARIABLE,{}
27991,28737,HAS_VARIABLE,{}
27991,28738,HAS_VARIABLE,{}
27991,28739,HAS_VARIABLE,{}
27991,28740,HAS_VARIABLE,{}
27991,28741,HAS_VARIABLE,{}
27991,28742,HAS_VARIABLE,{}
27991,28743,HAS_VARIABLE,{}
27991,28744,HAS_VARIABLE,{}
27991,28745,HAS_VARIABLE,{}
27991,28746,HAS_VARIABLE,{}
27991,28747,HAS_VARIABLE,{}
27991,28748,HAS_VARIABLE,{}
27991,28749,HAS_VARIABLE,{}
27991,28750,HAS_VARIABLE,{}
27991,28751,HAS_VARIABLE,{}
27991,28752,HAS_VARIABLE,{}
27991,28753,HAS_VARIABLE,{}
27991,28754,HAS_VARIABLE,{}
27991,28755,HAS_VARIABLE,{}
27991,28756,HAS_VARIABLE,{}
27991,28757,HAS_VARIABLE,{}
27991,28758,HAS_VARIABLE,{}
27992,28759,HAS_VARIABLE,{}
27992,28760,HAS_VARIABLE,{}
27992,28761,HAS_VARIABLE,{}
27992,28762,HAS_VARIABLE,{}
27992,28763,HAS_VARIABLE,{}
27992,28764,HAS_VARIABLE,{}
27992,28765,HAS_VARIABLE,{}
27992,28766,HAS_VARIABLE,{}
27992,28767,HAS_VARIABLE,{}
27992,28768,HAS_VARIABLE,{}
27992,28769,HAS_VARIABLE,{}
27992,28770,HAS_VARIABLE,{}
27992,28771,HAS_VARIABLE,{}
27992,28772,HAS_VARIABLE,{}
27992,28773,HAS_VARIABLE,{}
27992,28774,HAS_VARIABLE,{}
27992,28775,HAS_VARIABLE,{}
27992,28776,HAS_VARIABLE,{}
27992,28777,HAS_VARIABLE,{}
27992,28778,HAS_VARIABLE,{}
27992,28779,HAS_VARIABLE,{}
27992,28780,HAS_VARIABLE,{}
27992,28781,HAS_VARIABLE,{}
27992,28782,HAS_VARIABLE,{}
27992,28783,HAS_VARIABLE,{}
27992,28784,HAS_VARIABLE,{}
27992,28785,HAS_VARIABLE,{}
27992,28786,HAS_VARIABLE,{}
27992,28787,HAS_VARIABLE,{}
27992,28788,HAS_VARIABLE,{}
27992,28789,HAS_VARIABLE,{}
27992,28790,HAS_VARIABLE,{}
27992,28791,HAS_VARIABLE,{}
27992,28792,HAS_VARIABLE,{}
27992,28793,HAS_VARIABLE,{}
27992,28794,HAS_VARIABLE,{}
27992,28795,HAS_VARIABLE,{}
27992,28796,HAS_VARIABLE,{}
27992,28797,HAS_VARIABLE,{}
27992,28798,HAS_VARIABLE,{}
27992,28799,HAS_VARIABLE,{}
27992,28800,HAS_VARIABLE,{}
27992,28801,HAS_VARIABLE,{}
27992,28802,HAS_VARIABLE,{}
27992,28803,HAS_VARIABLE,{}
27992,28804,HAS_VARIABLE,{}
27992,28805,HAS_VARIABLE,{}
27992,28806,HAS_VARIABLE,{}
27992,28807,HAS_VARIABLE,{}
27992,28808,HAS_VARIABLE,{}
27993,28809,HAS_VARIABLE,{}
27993,28810,HAS_VARIABLE,{}
27993,28811,HAS_VARIABLE,{}
27993,28812,HAS_VARIABLE,{}
27993,28813,HAS_VARIABLE,{}
27993,28814,HAS_VARIABLE,{}
27993,28815,HAS_VARIABLE,{}
27993,28816,HAS_VARIABLE,{}
27993,28817,HAS_VARIABLE,{}
27993,28818,HAS_VARIABLE,{}
27993,28819,HAS_VARIABLE,{}
27993,28820,HAS_VARIABLE,{}
27993,28821,HAS_VARIABLE,{}
27993,28822,HAS_VARIABLE,{}
27993,28823,HAS_VARIABLE,{}
27993,28824,HAS_VARIABLE,{}
27993,28825,HAS_VARIABLE,{}
27993,28826,HAS_VARIABLE,{}
27993,28827,HAS_VARIABLE,{}
27993,28828,HAS_VARIABLE,{}
27993,28829,HAS_VARIABLE,{}
27993,28830,HAS_VARIABLE,{}
27993,28831,HAS_VARIABLE,{}
27993,28832,HAS_VARIABLE,{}
27993,28833,HAS_VARIABLE,{}
27993,28834,HAS_VARIABLE,{}
27993,28835,HAS_VARIABLE,{}
27993,28836,HAS_VARIABLE,{}
27993,28837,HAS_VARIABLE,{}
27993,28838,HAS_VARIABLE,{}
27993,28839,HAS_VARIABLE,{}
27993,28840,HAS_VARIABLE,{}
27993,28841,HAS_VARIABLE,{}
27993,28842,HAS_VARIABLE,{}
27993,28843,HAS_VARIABLE,{}
27993,28844,HAS_VARIABLE,{}
27993,28845,HAS_VARIABLE,{}
27993,28846,HAS_VARIABLE,{}
27993,28847,HAS_VARIABLE,{}
27993,28848,HAS_VARIABLE,{}
27993,28849,HAS_VARIABLE,{}
27993,28850,HAS_VARIABLE,{}
27993,28851,HAS_VARIABLE,{}
27993,28852,HAS_VARIABLE,{}
27993,28853,HAS_VARIABLE,{}
27993,28854,HAS_VARIABLE,{}
27993,28855,HAS_VARIABLE,{}
27993,28856,HAS_VARIABLE,{}
27993,28857,HAS_VARIABLE,{}
27993,28858,HAS_VARIABLE,{}
27994,28859,HAS_VARIABLE,{}
27994,28860,HAS_VARIABLE,{}
27995,36464,HAS_CATEGORY,{}
27995,36465,HAS_CATEGORY,{}
27995,36466,HAS_CATEGORY,{}
27995,36467,HAS_CATEGORY,{}
27995,36468,HAS_CATEGORY,{}
27995,36469,HAS_CATEGORY,{}
27996,24575,HAS_CATEGORY,{}
27996,36418,HAS_CATEGORY,{}
27996,36419,HAS_CATEGORY,{}
27996,36420,HAS_CATEGORY,{}
27996,36421,HAS_CATEGORY,{}
27996,36422,HAS_CATEGORY,{}
27997,24546,HAS_CATEGORY,{}
27997,24547,HAS_CATEGORY,{}
27997,24548,HAS_CATEGORY,{}
27997,24549,HAS_CATEGORY,{}
27997,24550,HAS_CATEGORY,{}
27997,24551,HAS_CATEGORY,{}
27998,165,HAS_CATEGORY,{}
27998,166,HAS_CATEGORY,{}
27998,36286,HAS_CATEGORY,{}
27998,36287,HAS_CATEGORY,{}
27998,36288,HAS_CATEGORY,{}
27998,36289,HAS_CATEGORY,{}
27999,8261,HAS_CATEGORY,{}
27999,8262,HAS_CATEGORY,{}
27999,8263,HAS_CATEGORY,{}
27999,8264,HAS_CATEGORY,{}
27999,8265,HAS_CATEGORY,{}
27999,8266,HAS_CATEGORY,{}
28000,156,HAS_CATEGORY,{}
28000,157,HAS_CATEGORY,{}
28000,158,HAS_CATEGORY,{}
28000,159,HAS_CATEGORY,{}
28000,160,HAS_CATEGORY,{}
28000,161,HAS_CATEGORY,{}
28001,34771,HAS_CATEGORY,{}
28001,34772,HAS_CATEGORY,{}
28001,34773,HAS_CATEGORY,{}
28001,34774,HAS_CATEGORY,{}
28001,34775,HAS_CATEGORY,{}
28001,34776,HAS_CATEGORY,{}
28002,35790,HAS_CATEGORY,{}
28002,35791,HAS_CATEGORY,{}
28002,35792,HAS_CATEGORY,{}
28002,35793,HAS_CATEGORY,{}
28002,35794,HAS_CATEGORY,{}
28002,35795,HAS_CATEGORY,{}
28003,35365,HAS_CATEGORY,{}
28003,35366,HAS_CATEGORY,{}
28003,35367,HAS_CATEGORY,{}
28003,35368,HAS_CATEGORY,{}
28003,35369,HAS_CATEGORY,{}
28003,35370,HAS_CATEGORY,{}
28004,24222,HAS_CATEGORY,{}
28004,24223,HAS_CATEGORY,{}
28004,24224,HAS_CATEGORY,{}
28004,24225,HAS_CATEGORY,{}
28004,24226,HAS_CATEGORY,{}
28004,24227,HAS_CATEGORY,{}
28005,34424,HAS_CATEGORY,{}
28005,34425,HAS_CATEGORY,{}
28005,34426,HAS_CATEGORY,{}
28005,34427,HAS_CATEGORY,{}
28005,34428,HAS_CATEGORY,{}
28005,34429,HAS_CATEGORY,{}
28006,35371,HAS_CATEGORY,{}
28006,35372,HAS_CATEGORY,{}
28006,35373,HAS_CATEGORY,{}
28006,35374,HAS_CATEGORY,{}
28006,35375,HAS_CATEGORY,{}
28006,35376,HAS_CATEGORY,{}
28007,24440,HAS_CATEGORY,{}
28007,24441,HAS_CATEGORY,{}
28007,24442,HAS_CATEGORY,{}
28007,24443,HAS_CATEGORY,{}
28007,24444,HAS_CATEGORY,{}
28007,24445,HAS_CATEGORY,{}
28008,34503,HAS_CATEGORY,{}
28008,34504,HAS_CATEGORY,{}
28008,34505,HAS_CATEGORY,{}
28008,34506,HAS_CATEGORY,{}
28008,34507,HAS_CATEGORY,{}
28008,34508,HAS_CATEGORY,{}
28009,24407,HAS_CATEGORY,{}
28009,24408,HAS_CATEGORY,{}
28009,24409,HAS_CATEGORY,{}
28009,24410,HAS_CATEGORY,{}
28009,24411,HAS_CATEGORY,{}
28009,24412,HAS_CATEGORY,{}
28010,35196,HAS_CATEGORY,{}
28010,35197,HAS_CATEGORY,{}
28010,35198,HAS_CATEGORY,{}
28010,35199,HAS_CATEGORY,{}
28010,35200,HAS_CATEGORY,{}
28010,35201,HAS_CATEGORY,{}
28011,35870,HAS_CATEGORY,{}
28011,35871,HAS_CATEGORY,{}
28011,35872,HAS_CATEGORY,{}
28011,35873,HAS_CATEGORY,{}
28011,35874,HAS_CATEGORY,{}
28011,35875,HAS_CATEGORY,{}
28011,35876,HAS_CATEGORY,{}
28012,35890,HAS_CATEGORY,{}
28012,35891,HAS_CATEGORY,{}
28012,35892,HAS_CATEGORY,{}
28012,35893,HAS_CATEGORY,{}
28012,35894,HAS_CATEGORY,{}
28012,35895,HAS_CATEGORY,{}
28012,35896,HAS_CATEGORY,{}
28012,35897,HAS_CATEGORY,{}
28012,35898,HAS_CATEGORY,{}
28013,35684,HAS_CATEGORY,{}
28013,35685,HAS_CATEGORY,{}
28013,35686,HAS_CATEGORY,{}
28013,35687,HAS_CATEGORY,{}
28013,35688,HAS_CATEGORY,{}
28013,35689,HAS_CATEGORY,{}
28013,35690,HAS_CATEGORY,{}
28013,35691,HAS_CATEGORY,{}
28013,35692,HAS_CATEGORY,{}
28014,34809,HAS_CATEGORY,{}
28014,34810,HAS_CATEGORY,{}
28014,34811,HAS_CATEGORY,{}
28014,34812,HAS_CATEGORY,{}
28014,34813,HAS_CATEGORY,{}
28014,34814,HAS_CATEGORY,{}
28015,173,HAS_CATEGORY,{}
28015,174,HAS_CATEGORY,{}
28015,175,HAS_CATEGORY,{}
28015,176,HAS_CATEGORY,{}
28016,34488,HAS_CATEGORY,{}
28016,34489,HAS_CATEGORY,{}
28016,34490,HAS_CATEGORY,{}
28016,34491,HAS_CATEGORY,{}
28016,34492,HAS_CATEGORY,{}
28016,34493,HAS_CATEGORY,{}
28017,24213,HAS_CATEGORY,{}
28017,24214,HAS_CATEGORY,{}
28017,24215,HAS_CATEGORY,{}
28017,24216,HAS_CATEGORY,{}
28017,24217,HAS_CATEGORY,{}
28017,24218,HAS_CATEGORY,{}
28017,24219,HAS_CATEGORY,{}
28017,24220,HAS_CATEGORY,{}
28017,24221,HAS_CATEGORY,{}
28018,24520,HAS_CATEGORY,{}
28018,24521,HAS_CATEGORY,{}
28018,24522,HAS_CATEGORY,{}
28018,24523,HAS_CATEGORY,{}
28018,24524,HAS_CATEGORY,{}
28018,24525,HAS_CATEGORY,{}
28018,24526,HAS_CATEGORY,{}
28018,24527,HAS_CATEGORY,{}
28018,24528,HAS_CATEGORY,{}
28019,85,HAS_CATEGORY,{}
28019,86,HAS_CATEGORY,{}
28019,87,HAS_CATEGORY,{}
28019,88,HAS_CATEGORY,{}
28020,8209,HAS_CATEGORY,{}
28020,8210,HAS_CATEGORY,{}
28020,8211,HAS_CATEGORY,{}
28020,8212,HAS_CATEGORY,{}
28020,8213,HAS_CATEGORY,{}
28021,35074,HAS_CATEGORY,{}
28021,35075,HAS_CATEGORY,{}
28021,35076,HAS_CATEGORY,{}
28021,35077,HAS_CATEGORY,{}
28021,35078,HAS_CATEGORY,{}
28022,24373,HAS_CATEGORY,{}
28022,24374,HAS_CATEGORY,{}
28022,24375,HAS_CATEGORY,{}
28022,24376,HAS_CATEGORY,{}
28022,24377,HAS_CATEGORY,{}
28023,35781,HAS_CATEGORY,{}
28023,35782,HAS_CATEGORY,{}
28023,35783,HAS_CATEGORY,{}
28023,35784,HAS_CATEGORY,{}
28023,35785,HAS_CATEGORY,{}
28024,384,HAS_CATEGORY,{}
28024,385,HAS_CATEGORY,{}
28024,386,HAS_CATEGORY,{}
28024,387,HAS_CATEGORY,{}
28024,388,HAS_CATEGORY,{}
28025,35460,HAS_CATEGORY,{}
28025,35461,HAS_CATEGORY,{}
28025,35462,HAS_CATEGORY,{}
28025,35463,HAS_CATEGORY,{}
28025,35464,HAS_CATEGORY,{}
28026,36095,HAS_CATEGORY,{}
28026,36096,HAS_CATEGORY,{}
28026,36097,HAS_CATEGORY,{}
28026,36098,HAS_CATEGORY,{}
28026,36099,HAS_CATEGORY,{}
28027,34509,HAS_CATEGORY,{}
28027,34510,HAS_CATEGORY,{}
28027,34511,HAS_CATEGORY,{}
28027,34512,HAS_CATEGORY,{}
28027,34513,HAS_CATEGORY,{}
28027,34514,HAS_CATEGORY,{}
28027,34515,HAS_CATEGORY,{}
28027,34516,HAS_CATEGORY,{}
28027,34517,HAS_CATEGORY,{}
28028,35610,HAS_CATEGORY,{}
28028,35611,HAS_CATEGORY,{}
28028,35612,HAS_CATEGORY,{}
28028,35613,HAS_CATEGORY,{}
28029,34796,HAS_CATEGORY,{}
28029,34797,HAS_CATEGORY,{}
28029,34798,HAS_CATEGORY,{}
28029,34799,HAS_CATEGORY,{}
28030,36363,HAS_CATEGORY,{}
28030,36364,HAS_CATEGORY,{}
28030,36365,HAS_CATEGORY,{}
28030,36366,HAS_CATEGORY,{}
28031,36470,HAS_CATEGORY,{}
28031,36471,HAS_CATEGORY,{}
28031,36472,HAS_CATEGORY,{}
28031,36473,HAS_CATEGORY,{}
28031,36474,HAS_CATEGORY,{}
28031,36475,HAS_CATEGORY,{}
28031,36476,HAS_CATEGORY,{}
28031,36477,HAS_CATEGORY,{}
28031,36478,HAS_CATEGORY,{}
28032,35044,HAS_CATEGORY,{}
28032,35045,HAS_CATEGORY,{}
28032,35046,HAS_CATEGORY,{}
28032,35047,HAS_CATEGORY,{}
28032,35048,HAS_CATEGORY,{}
28032,35049,HAS_CATEGORY,{}
28032,35050,HAS_CATEGORY,{}
28032,35051,HAS_CATEGORY,{}
28032,35052,HAS_CATEGORY,{}
28033,36045,HAS_CATEGORY,{}
28033,36046,HAS_CATEGORY,{}
28033,36047,HAS_CATEGORY,{}
28033,36048,HAS_CATEGORY,{}
28033,36049,HAS_CATEGORY,{}
28033,36050,HAS_CATEGORY,{}
28034,34406,HAS_CATEGORY,{}
28034,34407,HAS_CATEGORY,{}
28034,34408,HAS_CATEGORY,{}
28034,34409,HAS_CATEGORY,{}
28034,34410,HAS_CATEGORY,{}
28034,34411,HAS_CATEGORY,{}
28034,34412,HAS_CATEGORY,{}
28034,34413,HAS_CATEGORY,{}
28034,34414,HAS_CATEGORY,{}
28035,34573,HAS_CATEGORY,{}
28035,34574,HAS_CATEGORY,{}
28035,34575,HAS_CATEGORY,{}
28035,34576,HAS_CATEGORY,{}
28035,34577,HAS_CATEGORY,{}
28035,34578,HAS_CATEGORY,{}
28036,36183,HAS_CATEGORY,{}
28036,36184,HAS_CATEGORY,{}
28036,36185,HAS_CATEGORY,{}
28036,36186,HAS_CATEGORY,{}
28036,36187,HAS_CATEGORY,{}
28036,36188,HAS_CATEGORY,{}
28036,36189,HAS_CATEGORY,{}
28036,36190,HAS_CATEGORY,{}
28036,36191,HAS_CATEGORY,{}
28037,38,HAS_CATEGORY,{}
28037,39,HAS_CATEGORY,{}
28037,40,HAS_CATEGORY,{}
28037,41,HAS_CATEGORY,{}
28037,42,HAS_CATEGORY,{}
28037,43,HAS_CATEGORY,{}
28037,44,HAS_CATEGORY,{}
28037,45,HAS_CATEGORY,{}
28037,46,HAS_CATEGORY,{}
28038,35748,HAS_CATEGORY,{}
28038,35749,HAS_CATEGORY,{}
28038,35750,HAS_CATEGORY,{}
28039,36244,HAS_CATEGORY,{}
28039,36245,HAS_CATEGORY,{}
28039,36246,HAS_CATEGORY,{}
28040,36379,HAS_CATEGORY,{}
28040,36380,HAS_CATEGORY,{}
28040,36381,HAS_CATEGORY,{}
28040,36382,HAS_CATEGORY,{}
28040,36383,HAS_CATEGORY,{}
28041,24561,HAS_CATEGORY,{}
28041,24562,HAS_CATEGORY,{}
28041,24563,HAS_CATEGORY,{}
28041,24564,HAS_CATEGORY,{}
28041,24565,HAS_CATEGORY,{}
28042,36092,HAS_CATEGORY,{}
28042,36093,HAS_CATEGORY,{}
28042,36094,HAS_CATEGORY,{}
28043,36539,HAS_CATEGORY,{}
28043,36540,HAS_CATEGORY,{}
28043,36541,HAS_CATEGORY,{}
28043,36542,HAS_CATEGORY,{}
28043,36543,HAS_CATEGORY,{}
28044,183,HAS_CATEGORY,{}
28044,184,HAS_CATEGORY,{}
28044,185,HAS_CATEGORY,{}
28044,186,HAS_CATEGORY,{}
28044,187,HAS_CATEGORY,{}
28047,291,HAS_CATEGORY,{}
28047,292,HAS_CATEGORY,{}
28048,8161,HAS_CATEGORY,{}
28048,8162,HAS_CATEGORY,{}
28049,35939,HAS_CATEGORY,{}
28050,36011,HAS_CATEGORY,{}
28050,36012,HAS_CATEGORY,{}
28053,35526,HAS_CATEGORY,{}
28053,35527,HAS_CATEGORY,{}
28056,34761,HAS_CATEGORY,{}
28056,34762,HAS_CATEGORY,{}
28056,34763,HAS_CATEGORY,{}
28057,546,HAS_CATEGORY,{}
28057,547,HAS_CATEGORY,{}
28059,34854,HAS_CATEGORY,{}
28059,34855,HAS_CATEGORY,{}
28062,35573,HAS_CATEGORY,{}
28062,35574,HAS_CATEGORY,{}
28066,35753,HAS_CATEGORY,{}
28066,35754,HAS_CATEGORY,{}
28069,34868,HAS_CATEGORY,{}
28069,34869,HAS_CATEGORY,{}
28071,34483,HAS_CATEGORY,{}
28071,34484,HAS_CATEGORY,{}
28072,34860,HAS_CATEGORY,{}
28072,34861,HAS_CATEGORY,{}
28073,440,HAS_CATEGORY,{}
28073,441,HAS_CATEGORY,{}
28074,24303,HAS_CATEGORY,{}
28074,24304,HAS_CATEGORY,{}
28074,24305,HAS_CATEGORY,{}
28074,24306,HAS_CATEGORY,{}
28074,24307,HAS_CATEGORY,{}
28074,24308,HAS_CATEGORY,{}
28077,35575,HAS_CATEGORY,{}
28077,35576,HAS_CATEGORY,{}
28083,24196,HAS_CATEGORY,{}
28083,24197,HAS_CATEGORY,{}
28083,24198,HAS_CATEGORY,{}
28084,35671,HAS_CATEGORY,{}
28084,35672,HAS_CATEGORY,{}
28084,35673,HAS_CATEGORY,{}
28084,35674,HAS_CATEGORY,{}
28087,36252,HAS_CATEGORY,{}
28087,36253,HAS_CATEGORY,{}
28088,24296,HAS_CATEGORY,{}
28088,24297,HAS_CATEGORY,{}
28088,24298,HAS_CATEGORY,{}
28090,423,HAS_CATEGORY,{}
28090,424,HAS_CATEGORY,{}
28092,389,HAS_CATEGORY,{}
28092,390,HAS_CATEGORY,{}
28094,36390,HAS_CATEGORY,{}
28094,36391,HAS_CATEGORY,{}
28095,24270,HAS_CATEGORY,{}
28095,24271,HAS_CATEGORY,{}
28096,34966,HAS_CATEGORY,{}
28096,34967,HAS_CATEGORY,{}
28097,34454,HAS_CATEGORY,{}
28097,34455,HAS_CATEGORY,{}
28098,35528,HAS_CATEGORY,{}
28098,35529,HAS_CATEGORY,{}
28099,35788,HAS_CATEGORY,{}
28099,35789,HAS_CATEGORY,{}
28100,35580,HAS_CATEGORY,{}
28100,35581,HAS_CATEGORY,{}
28101,36134,HAS_CATEGORY,{}
28101,36135,HAS_CATEGORY,{}
28101,36136,HAS_CATEGORY,{}
28101,36137,HAS_CATEGORY,{}
28103,36138,HAS_CATEGORY,{}
28103,36139,HAS_CATEGORY,{}
28105,34959,HAS_CATEGORY,{}
28105,34960,HAS_CATEGORY,{}
28105,34961,HAS_CATEGORY,{}
28105,34962,HAS_CATEGORY,{}
28105,34963,HAS_CATEGORY,{}
28105,34964,HAS_CATEGORY,{}
28105,34965,HAS_CATEGORY,{}
28113,148,HAS_CATEGORY,{}
28113,149,HAS_CATEGORY,{}
28113,150,HAS_CATEGORY,{}
28113,151,HAS_CATEGORY,{}
28119,35377,HAS_CATEGORY,{}
28119,35378,HAS_CATEGORY,{}
28121,35724,HAS_CATEGORY,{}
28121,35725,HAS_CATEGORY,{}
28130,35858,HAS_CATEGORY,{}
28130,35859,HAS_CATEGORY,{}
28130,35860,HAS_CATEGORY,{}
28130,35861,HAS_CATEGORY,{}
28142,8439,HAS_CATEGORY,{}
28142,8440,HAS_CATEGORY,{}
28142,8441,HAS_CATEGORY,{}
28142,8442,HAS_CATEGORY,{}
28146,514,HAS_CATEGORY,{}
28146,515,HAS_CATEGORY,{}
28146,516,HAS_CATEGORY,{}
28146,517,HAS_CATEGORY,{}
28147,34946,HAS_CATEGORY,{}
28147,34947,HAS_CATEGORY,{}
28147,34948,HAS_CATEGORY,{}
28148,232,HAS_CATEGORY,{}
28148,233,HAS_CATEGORY,{}
28148,234,HAS_CATEGORY,{}
28148,235,HAS_CATEGORY,{}
28148,236,HAS_CATEGORY,{}
28148,237,HAS_CATEGORY,{}
28148,238,HAS_CATEGORY,{}
28148,239,HAS_CATEGORY,{}
28148,240,HAS_CATEGORY,{}
28148,241,HAS_CATEGORY,{}
28148,242,HAS_CATEGORY,{}
28148,243,HAS_CATEGORY,{}
28148,244,HAS_CATEGORY,{}
28148,245,HAS_CATEGORY,{}
28148,246,HAS_CATEGORY,{}
28148,247,HAS_CATEGORY,{}
28148,248,HAS_CATEGORY,{}
28148,249,HAS_CATEGORY,{}
28148,250,HAS_CATEGORY,{}
28148,251,HAS_CATEGORY,{}
28149,24486,HAS_CATEGORY,{}
28149,24487,HAS_CATEGORY,{}
28149,24488,HAS_CATEGORY,{}
28149,24489,HAS_CATEGORY,{}
28149,24490,HAS_CATEGORY,{}
28149,24491,HAS_CATEGORY,{}
28149,24492,HAS_CATEGORY,{}
28149,24493,HAS_CATEGORY,{}
28149,24494,HAS_CATEGORY,{}
28150,34815,HAS_CATEGORY,{}
28150,34816,HAS_CATEGORY,{}
28150,34817,HAS_CATEGORY,{}
28150,34818,HAS_CATEGORY,{}
28150,34819,HAS_CATEGORY,{}
28150,34820,HAS_CATEGORY,{}
28150,34821,HAS_CATEGORY,{}
28150,34822,HAS_CATEGORY,{}
28150,34823,HAS_CATEGORY,{}
28150,34824,HAS_CATEGORY,{}
28150,34825,HAS_CATEGORY,{}
28150,34826,HAS_CATEGORY,{}
28150,34827,HAS_CATEGORY,{}
28150,34828,HAS_CATEGORY,{}
28150,34829,HAS_CATEGORY,{}
28150,34830,HAS_CATEGORY,{}
28150,34831,HAS_CATEGORY,{}
28150,34832,HAS_CATEGORY,{}
28150,34833,HAS_CATEGORY,{}
28150,34834,HAS_CATEGORY,{}
28151,34674,HAS_CATEGORY,{}
28151,34675,HAS_CATEGORY,{}
28151,34676,HAS_CATEGORY,{}
28151,34677,HAS_CATEGORY,{}
28151,34678,HAS_CATEGORY,{}
28151,34679,HAS_CATEGORY,{}
28151,34680,HAS_CATEGORY,{}
28151,34681,HAS_CATEGORY,{}
28151,34682,HAS_CATEGORY,{}
28151,34683,HAS_CATEGORY,{}
28151,34684,HAS_CATEGORY,{}
28151,34685,HAS_CATEGORY,{}
28151,34686,HAS_CATEGORY,{}
28151,34687,HAS_CATEGORY,{}
28151,34688,HAS_CATEGORY,{}
28151,34689,HAS_CATEGORY,{}
28151,34690,HAS_CATEGORY,{}
28151,34691,HAS_CATEGORY,{}
28151,34692,HAS_CATEGORY,{}
28151,34693,HAS_CATEGORY,{}
28152,188,HAS_CATEGORY,{}
28152,189,HAS_CATEGORY,{}
28152,190,HAS_CATEGORY,{}
28152,191,HAS_CATEGORY,{}
28153,35383,HAS_CATEGORY,{}
28153,35384,HAS_CATEGORY,{}
28153,35385,HAS_CATEGORY,{}
28153,35386,HAS_CATEGORY,{}
28154,35356,HAS_CATEGORY,{}
28154,35357,HAS_CATEGORY,{}
28154,35358,HAS_CATEGORY,{}
28155,24424,HAS_CATEGORY,{}
28155,24425,HAS_CATEGORY,{}
28155,24426,HAS_CATEGORY,{}
28155,24427,HAS_CATEGORY,{}
28156,8163,HAS_CATEGORY,{}
28156,8164,HAS_CATEGORY,{}
28156,8165,HAS_CATEGORY,{}
28156,8166,HAS_CATEGORY,{}
28156,8167,HAS_CATEGORY,{}
28156,8168,HAS_CATEGORY,{}
28156,8169,HAS_CATEGORY,{}
28156,8170,HAS_CATEGORY,{}
28156,8171,HAS_CATEGORY,{}
28157,35379,HAS_CATEGORY,{}
28157,35380,HAS_CATEGORY,{}
28157,35381,HAS_CATEGORY,{}
28157,35382,HAS_CATEGORY,{}
28158,274,HAS_CATEGORY,{}
28158,275,HAS_CATEGORY,{}
28158,276,HAS_CATEGORY,{}
28158,277,HAS_CATEGORY,{}
28159,34710,HAS_CATEGORY,{}
28159,34711,HAS_CATEGORY,{}
28159,34712,HAS_CATEGORY,{}
28159,34713,HAS_CATEGORY,{}
28160,34694,HAS_CATEGORY,{}
28160,34695,HAS_CATEGORY,{}
28160,34696,HAS_CATEGORY,{}
28160,34697,HAS_CATEGORY,{}
28160,34698,HAS_CATEGORY,{}
28160,34699,HAS_CATEGORY,{}
28160,34700,HAS_CATEGORY,{}
28161,341,HAS_CATEGORY,{}
28162,342,HAS_CATEGORY,{}
28163,417,HAS_CATEGORY,{}
28164,8083,HAS_CATEGORY,{}
28166,8416,HAS_CATEGORY,{}
28166,8417,HAS_CATEGORY,{}
28167,8267,HAS_CATEGORY,{}
28167,8268,HAS_CATEGORY,{}
28167,8269,HAS_CATEGORY,{}
28167,8270,HAS_CATEGORY,{}
28168,356,HAS_CATEGORY,{}
28168,357,HAS_CATEGORY,{}
28168,358,HAS_CATEGORY,{}
28168,359,HAS_CATEGORY,{}
28170,35657,HAS_CATEGORY,{}
28170,35658,HAS_CATEGORY,{}
28170,35659,HAS_CATEGORY,{}
28170,35660,HAS_CATEGORY,{}
28170,35661,HAS_CATEGORY,{}
28171,35339,HAS_CATEGORY,{}
28171,35340,HAS_CATEGORY,{}
28171,35341,HAS_CATEGORY,{}
28171,35342,HAS_CATEGORY,{}
28171,35343,HAS_CATEGORY,{}
28172,35161,HAS_CATEGORY,{}
28172,35162,HAS_CATEGORY,{}
28172,35163,HAS_CATEGORY,{}
28172,35164,HAS_CATEGORY,{}
28173,35415,HAS_CATEGORY,{}
28173,35416,HAS_CATEGORY,{}
28173,35417,HAS_CATEGORY,{}
28173,35418,HAS_CATEGORY,{}
28174,34929,HAS_CATEGORY,{}
28174,34930,HAS_CATEGORY,{}
28174,34931,HAS_CATEGORY,{}
28174,34932,HAS_CATEGORY,{}
28175,35518,HAS_CATEGORY,{}
28175,35519,HAS_CATEGORY,{}
28175,35520,HAS_CATEGORY,{}
28175,35521,HAS_CATEGORY,{}
28176,35289,HAS_CATEGORY,{}
28176,35290,HAS_CATEGORY,{}
28176,35291,HAS_CATEGORY,{}
28176,35292,HAS_CATEGORY,{}
28177,8308,HAS_CATEGORY,{}
28177,8309,HAS_CATEGORY,{}
28177,8310,HAS_CATEGORY,{}
28177,8311,HAS_CATEGORY,{}
28178,35554,HAS_CATEGORY,{}
28178,35555,HAS_CATEGORY,{}
28178,35556,HAS_CATEGORY,{}
28178,35557,HAS_CATEGORY,{}
28179,34835,HAS_CATEGORY,{}
28179,34836,HAS_CATEGORY,{}
28179,34837,HAS_CATEGORY,{}
28179,34838,HAS_CATEGORY,{}
28180,35502,HAS_CATEGORY,{}
28180,35503,HAS_CATEGORY,{}
28180,35504,HAS_CATEGORY,{}
28180,35505,HAS_CATEGORY,{}
28182,34469,HAS_CATEGORY,{}
28182,34470,HAS_CATEGORY,{}
28182,34471,HAS_CATEGORY,{}
28182,34472,HAS_CATEGORY,{}
28182,34473,HAS_CATEGORY,{}
28183,35387,HAS_CATEGORY,{}
28183,35388,HAS_CATEGORY,{}
28183,35389,HAS_CATEGORY,{}
28183,35390,HAS_CATEGORY,{}
28183,35391,HAS_CATEGORY,{}
28184,35915,HAS_CATEGORY,{}
28184,35916,HAS_CATEGORY,{}
28184,35917,HAS_CATEGORY,{}
28184,35918,HAS_CATEGORY,{}
28184,35919,HAS_CATEGORY,{}
28185,541,HAS_CATEGORY,{}
28185,542,HAS_CATEGORY,{}
28185,543,HAS_CATEGORY,{}
28185,544,HAS_CATEGORY,{}
28185,545,HAS_CATEGORY,{}
28186,36292,HAS_CATEGORY,{}
28186,36293,HAS_CATEGORY,{}
28186,36294,HAS_CATEGORY,{}
28186,36295,HAS_CATEGORY,{}
28186,36296,HAS_CATEGORY,{}
28187,24471,HAS_CATEGORY,{}
28187,24472,HAS_CATEGORY,{}
28187,24473,HAS_CATEGORY,{}
28187,24474,HAS_CATEGORY,{}
28187,24475,HAS_CATEGORY,{}
28188,410,HAS_CATEGORY,{}
28188,411,HAS_CATEGORY,{}
28188,412,HAS_CATEGORY,{}
28188,413,HAS_CATEGORY,{}
28188,414,HAS_CATEGORY,{}
28188,415,HAS_CATEGORY,{}
28188,416,HAS_CATEGORY,{}
28189,8353,HAS_CATEGORY,{}
28189,8354,HAS_CATEGORY,{}
28189,8355,HAS_CATEGORY,{}
28189,8356,HAS_CATEGORY,{}
28189,8357,HAS_CATEGORY,{}
28189,8358,HAS_CATEGORY,{}
28190,35167,HAS_CATEGORY,{}
28190,35168,HAS_CATEGORY,{}
28191,36081,HAS_CATEGORY,{}
28191,36082,HAS_CATEGORY,{}
28192,34458,HAS_CATEGORY,{}
28192,34459,HAS_CATEGORY,{}
28193,501,HAS_CATEGORY,{}
28193,502,HAS_CATEGORY,{}
28194,24422,HAS_CATEGORY,{}
28194,24423,HAS_CATEGORY,{}
28195,8297,HAS_CATEGORY,{}
28195,8298,HAS_CATEGORY,{}
28195,8299,HAS_CATEGORY,{}
28195,8300,HAS_CATEGORY,{}
28195,8301,HAS_CATEGORY,{}
28195,8302,HAS_CATEGORY,{}
28196,35202,HAS_CATEGORY,{}
28196,35203,HAS_CATEGORY,{}
28196,35204,HAS_CATEGORY,{}
28196,35205,HAS_CATEGORY,{}
28196,35206,HAS_CATEGORY,{}
28196,35207,HAS_CATEGORY,{}
28197,34531,HAS_CATEGORY,{}
28197,34532,HAS_CATEGORY,{}
28197,34533,HAS_CATEGORY,{}
28197,34534,HAS_CATEGORY,{}
28197,34535,HAS_CATEGORY,{}
28197,34536,HAS_CATEGORY,{}
28197,34537,HAS_CATEGORY,{}
28197,34538,HAS_CATEGORY,{}
28197,34539,HAS_CATEGORY,{}
28198,24573,HAS_CATEGORY,{}
28198,24574,HAS_CATEGORY,{}
28199,36104,HAS_CATEGORY,{}
28199,36105,HAS_CATEGORY,{}
28200,24387,HAS_CATEGORY,{}
28200,24388,HAS_CATEGORY,{}
28200,24389,HAS_CATEGORY,{}
28200,24390,HAS_CATEGORY,{}
28200,24391,HAS_CATEGORY,{}
28200,24392,HAS_CATEGORY,{}
28200,24393,HAS_CATEGORY,{}
28200,24394,HAS_CATEGORY,{}
28200,24395,HAS_CATEGORY,{}
28201,36297,HAS_CATEGORY,{}
28201,36298,HAS_CATEGORY,{}
28201,36299,HAS_CATEGORY,{}
28201,36300,HAS_CATEGORY,{}
28201,36301,HAS_CATEGORY,{}
28201,36302,HAS_CATEGORY,{}
28201,36303,HAS_CATEGORY,{}
28201,36304,HAS_CATEGORY,{}
28201,36305,HAS_CATEGORY,{}
28202,35577,HAS_CATEGORY,{}
28202,35578,HAS_CATEGORY,{}
28202,35579,HAS_CATEGORY,{}
28203,293,HAS_CATEGORY,{}
28203,294,HAS_CATEGORY,{}
28203,295,HAS_CATEGORY,{}
28203,296,HAS_CATEGORY,{}
28203,297,HAS_CATEGORY,{}
28203,298,HAS_CATEGORY,{}
28204,24228,HAS_CATEGORY,{}
28204,24229,HAS_CATEGORY,{}
28204,24230,HAS_CATEGORY,{}
28204,24231,HAS_CATEGORY,{}
28204,24232,HAS_CATEGORY,{}
28204,24233,HAS_CATEGORY,{}
28205,203,HAS_CATEGORY,{}
28205,204,HAS_CATEGORY,{}
28206,35111,HAS_CATEGORY,{}
28206,35112,HAS_CATEGORY,{}
28206,35113,HAS_CATEGORY,{}
28206,35114,HAS_CATEGORY,{}
28206,35115,HAS_CATEGORY,{}
28206,35116,HAS_CATEGORY,{}
28206,35117,HAS_CATEGORY,{}
28206,35118,HAS_CATEGORY,{}
28206,35119,HAS_CATEGORY,{}
28207,34890,HAS_CATEGORY,{}
28207,34891,HAS_CATEGORY,{}
28207,34892,HAS_CATEGORY,{}
28207,34893,HAS_CATEGORY,{}
28207,34894,HAS_CATEGORY,{}
28207,34895,HAS_CATEGORY,{}
28208,34968,HAS_CATEGORY,{}
28208,34969,HAS_CATEGORY,{}
28208,34970,HAS_CATEGORY,{}
28208,34971,HAS_CATEGORY,{}
28209,34896,HAS_CATEGORY,{}
28209,34897,HAS_CATEGORY,{}
28209,34898,HAS_CATEGORY,{}
28209,34899,HAS_CATEGORY,{}
28209,34900,HAS_CATEGORY,{}
28209,34901,HAS_CATEGORY,{}
28209,34902,HAS_CATEGORY,{}
28209,34903,HAS_CATEGORY,{}
28209,34904,HAS_CATEGORY,{}
28210,34866,HAS_CATEGORY,{}
28210,34867,HAS_CATEGORY,{}
28211,518,HAS_CATEGORY,{}
28211,519,HAS_CATEGORY,{}
28211,520,HAS_CATEGORY,{}
28211,521,HAS_CATEGORY,{}
28211,522,HAS_CATEGORY,{}
28211,523,HAS_CATEGORY,{}
28212,167,HAS_CATEGORY,{}
28212,168,HAS_CATEGORY,{}
28212,169,HAS_CATEGORY,{}
28212,170,HAS_CATEGORY,{}
28212,171,HAS_CATEGORY,{}
28212,172,HAS_CATEGORY,{}
28213,391,HAS_CATEGORY,{}
28213,392,HAS_CATEGORY,{}
28213,393,HAS_CATEGORY,{}
28213,394,HAS_CATEGORY,{}
28214,34995,HAS_CATEGORY,{}
28214,34996,HAS_CATEGORY,{}
28214,34997,HAS_CATEGORY,{}
28214,34998,HAS_CATEGORY,{}
28214,34999,HAS_CATEGORY,{}
28214,35000,HAS_CATEGORY,{}
28214,35001,HAS_CATEGORY,{}
28214,35002,HAS_CATEGORY,{}
28214,35003,HAS_CATEGORY,{}
28215,24416,HAS_CATEGORY,{}
28215,24417,HAS_CATEGORY,{}
28215,24418,HAS_CATEGORY,{}
28215,24419,HAS_CATEGORY,{}
28216,35796,HAS_CATEGORY,{}
28216,35797,HAS_CATEGORY,{}
28216,35798,HAS_CATEGORY,{}
28216,35799,HAS_CATEGORY,{}
28216,35800,HAS_CATEGORY,{}
28216,35801,HAS_CATEGORY,{}
28217,8255,HAS_CATEGORY,{}
28217,8256,HAS_CATEGORY,{}
28217,8257,HAS_CATEGORY,{}
28217,8258,HAS_CATEGORY,{}
28217,8259,HAS_CATEGORY,{}
28217,8260,HAS_CATEGORY,{}
28218,34790,HAS_CATEGORY,{}
28218,34791,HAS_CATEGORY,{}
28218,34792,HAS_CATEGORY,{}
28218,34793,HAS_CATEGORY,{}
28218,34794,HAS_CATEGORY,{}
28218,34795,HAS_CATEGORY,{}
28219,24309,HAS_CATEGORY,{}
28219,24310,HAS_CATEGORY,{}
28219,24311,HAS_CATEGORY,{}
28219,24312,HAS_CATEGORY,{}
28220,8338,HAS_CATEGORY,{}
28220,8339,HAS_CATEGORY,{}
28220,8340,HAS_CATEGORY,{}
28220,8341,HAS_CATEGORY,{}
28220,8342,HAS_CATEGORY,{}
28220,8343,HAS_CATEGORY,{}
28220,8344,HAS_CATEGORY,{}
28220,8345,HAS_CATEGORY,{}
28220,8346,HAS_CATEGORY,{}
28221,34527,HAS_CATEGORY,{}
28221,34528,HAS_CATEGORY,{}
28221,34529,HAS_CATEGORY,{}
28221,34530,HAS_CATEGORY,{}
28222,36036,HAS_CATEGORY,{}
28222,36037,HAS_CATEGORY,{}
28222,36038,HAS_CATEGORY,{}
28222,36039,HAS_CATEGORY,{}
28222,36040,HAS_CATEGORY,{}
28222,36041,HAS_CATEGORY,{}
28222,36042,HAS_CATEGORY,{}
28222,36043,HAS_CATEGORY,{}
28222,36044,HAS_CATEGORY,{}
28223,35120,HAS_CATEGORY,{}
28223,35121,HAS_CATEGORY,{}
28223,35122,HAS_CATEGORY,{}
28223,35123,HAS_CATEGORY,{}
28224,35302,HAS_CATEGORY,{}
28224,35303,HAS_CATEGORY,{}
28224,35304,HAS_CATEGORY,{}
28225,36354,HAS_CATEGORY,{}
28225,36355,HAS_CATEGORY,{}
28225,36356,HAS_CATEGORY,{}
28225,36357,HAS_CATEGORY,{}
28225,36358,HAS_CATEGORY,{}
28225,36359,HAS_CATEGORY,{}
28225,36360,HAS_CATEGORY,{}
28225,36361,HAS_CATEGORY,{}
28225,36362,HAS_CATEGORY,{}
28226,311,HAS_CATEGORY,{}
28226,312,HAS_CATEGORY,{}
28226,313,HAS_CATEGORY,{}
28226,314,HAS_CATEGORY,{}
28226,315,HAS_CATEGORY,{}
28226,316,HAS_CATEGORY,{}
28226,317,HAS_CATEGORY,{}
28226,318,HAS_CATEGORY,{}
28226,319,HAS_CATEGORY,{}
28227,36008,HAS_CATEGORY,{}
28227,36009,HAS_CATEGORY,{}
28227,36010,HAS_CATEGORY,{}
28228,140,HAS_CATEGORY,{}
28228,141,HAS_CATEGORY,{}
28228,142,HAS_CATEGORY,{}
28228,143,HAS_CATEGORY,{}
28229,36432,HAS_CATEGORY,{}
28229,36433,HAS_CATEGORY,{}
28229,36434,HAS_CATEGORY,{}
28229,36435,HAS_CATEGORY,{}
28231,8070,HAS_CATEGORY,{}
28231,8071,HAS_CATEGORY,{}
28231,8072,HAS_CATEGORY,{}
28231,8073,HAS_CATEGORY,{}
28232,77,HAS_CATEGORY,{}
28232,78,HAS_CATEGORY,{}
28233,35751,HAS_CATEGORY,{}
28233,35752,HAS_CATEGORY,{}
28234,36223,HAS_CATEGORY,{}
28234,36224,HAS_CATEGORY,{}
28234,36225,HAS_CATEGORY,{}
28234,36226,HAS_CATEGORY,{}
28234,36227,HAS_CATEGORY,{}
28234,36228,HAS_CATEGORY,{}
28234,36229,HAS_CATEGORY,{}
28235,35940,HAS_CATEGORY,{}
28235,35941,HAS_CATEGORY,{}
28235,35942,HAS_CATEGORY,{}
28236,36392,HAS_CATEGORY,{}
28236,36393,HAS_CATEGORY,{}
28236,36394,HAS_CATEGORY,{}
28236,36395,HAS_CATEGORY,{}
28236,36396,HAS_CATEGORY,{}
28236,36397,HAS_CATEGORY,{}
28237,8312,HAS_CATEGORY,{}
28237,8313,HAS_CATEGORY,{}
28237,8314,HAS_CATEGORY,{}
28237,8315,HAS_CATEGORY,{}
28237,8316,HAS_CATEGORY,{}
28237,8317,HAS_CATEGORY,{}
28238,34485,HAS_CATEGORY,{}
28238,34486,HAS_CATEGORY,{}
28238,34487,HAS_CATEGORY,{}
28239,34915,HAS_CATEGORY,{}
28239,34916,HAS_CATEGORY,{}
28239,34917,HAS_CATEGORY,{}
28239,34918,HAS_CATEGORY,{}
28239,34919,HAS_CATEGORY,{}
28239,34920,HAS_CATEGORY,{}
28239,34921,HAS_CATEGORY,{}
28239,34922,HAS_CATEGORY,{}
28239,34923,HAS_CATEGORY,{}
28239,34924,HAS_CATEGORY,{}
28240,35266,HAS_CATEGORY,{}
28240,35267,HAS_CATEGORY,{}
28240,35268,HAS_CATEGORY,{}
28240,35269,HAS_CATEGORY,{}
28240,35270,HAS_CATEGORY,{}
28240,35271,HAS_CATEGORY,{}
28240,35272,HAS_CATEGORY,{}
28240,35273,HAS_CATEGORY,{}
28240,35274,HAS_CATEGORY,{}
28240,35275,HAS_CATEGORY,{}
28241,34701,HAS_CATEGORY,{}
28241,34702,HAS_CATEGORY,{}
28241,34703,HAS_CATEGORY,{}
28241,34704,HAS_CATEGORY,{}
28241,34705,HAS_CATEGORY,{}
28241,34706,HAS_CATEGORY,{}
28241,34707,HAS_CATEGORY,{}
28241,34708,HAS_CATEGORY,{}
28241,34709,HAS_CATEGORY,{}
28242,529,HAS_CATEGORY,{}
28242,530,HAS_CATEGORY,{}
28242,531,HAS_CATEGORY,{}
28243,35474,HAS_CATEGORY,{}
28243,35475,HAS_CATEGORY,{}
28243,35476,HAS_CATEGORY,{}
28243,35477,HAS_CATEGORY,{}
28243,35478,HAS_CATEGORY,{}
28243,35479,HAS_CATEGORY,{}
28243,35480,HAS_CATEGORY,{}
28244,35582,HAS_CATEGORY,{}
28244,35583,HAS_CATEGORY,{}
28244,35584,HAS_CATEGORY,{}
28244,35585,HAS_CATEGORY,{}
28244,35586,HAS_CATEGORY,{}
28244,35587,HAS_CATEGORY,{}
28244,35588,HAS_CATEGORY,{}
28245,36341,HAS_CATEGORY,{}
28245,36342,HAS_CATEGORY,{}
28245,36343,HAS_CATEGORY,{}
28245,36344,HAS_CATEGORY,{}
28245,36345,HAS_CATEGORY,{}
28247,34938,HAS_CATEGORY,{}
28247,34939,HAS_CATEGORY,{}
28247,34940,HAS_CATEGORY,{}
28247,34941,HAS_CATEGORY,{}
28247,34942,HAS_CATEGORY,{}
28248,34754,HAS_CATEGORY,{}
28248,34755,HAS_CATEGORY,{}
28248,34756,HAS_CATEGORY,{}
28248,34757,HAS_CATEGORY,{}
28248,34758,HAS_CATEGORY,{}
28250,35653,HAS_CATEGORY,{}
28250,35654,HAS_CATEGORY,{}
28250,35655,HAS_CATEGORY,{}
28250,35656,HAS_CATEGORY,{}
28251,36449,HAS_CATEGORY,{}
28251,36450,HAS_CATEGORY,{}
28251,36451,HAS_CATEGORY,{}
28251,36452,HAS_CATEGORY,{}
28251,36453,HAS_CATEGORY,{}
28252,8303,HAS_CATEGORY,{}
28252,8304,HAS_CATEGORY,{}
28252,8305,HAS_CATEGORY,{}
28252,8306,HAS_CATEGORY,{}
28252,8307,HAS_CATEGORY,{}
28253,35430,HAS_CATEGORY,{}
28253,35431,HAS_CATEGORY,{}
28253,35432,HAS_CATEGORY,{}
28253,35433,HAS_CATEGORY,{}
28253,35434,HAS_CATEGORY,{}
28254,35776,HAS_CATEGORY,{}
28254,35777,HAS_CATEGORY,{}
28254,35778,HAS_CATEGORY,{}
28254,35779,HAS_CATEGORY,{}
28254,35780,HAS_CATEGORY,{}
28255,36535,HAS_CATEGORY,{}
28255,36536,HAS_CATEGORY,{}
28255,36537,HAS_CATEGORY,{}
28255,36538,HAS_CATEGORY,{}
28256,36315,HAS_CATEGORY,{}
28256,36316,HAS_CATEGORY,{}
28256,36317,HAS_CATEGORY,{}
28256,36318,HAS_CATEGORY,{}
28257,35062,HAS_CATEGORY,{}
28257,35063,HAS_CATEGORY,{}
28257,35064,HAS_CATEGORY,{}
28257,35065,HAS_CATEGORY,{}
28257,35066,HAS_CATEGORY,{}
28258,34615,HAS_CATEGORY,{}
28258,34616,HAS_CATEGORY,{}
28258,34617,HAS_CATEGORY,{}
28258,34618,HAS_CATEGORY,{}
28258,34619,HAS_CATEGORY,{}
28259,35455,HAS_CATEGORY,{}
28259,35456,HAS_CATEGORY,{}
28259,35457,HAS_CATEGORY,{}
28259,35458,HAS_CATEGORY,{}
28259,35459,HAS_CATEGORY,{}
28260,24413,HAS_CATEGORY,{}
28260,24414,HAS_CATEGORY,{}
28260,24415,HAS_CATEGORY,{}
28261,8144,HAS_CATEGORY,{}
28261,8145,HAS_CATEGORY,{}
28261,8146,HAS_CATEGORY,{}
28261,8147,HAS_CATEGORY,{}
28262,35850,HAS_CATEGORY,{}
28262,35851,HAS_CATEGORY,{}
28263,34759,HAS_CATEGORY,{}
28263,34760,HAS_CATEGORY,{}
28264,36152,HAS_CATEGORY,{}
28264,36153,HAS_CATEGORY,{}
28266,8156,HAS_CATEGORY,{}
28266,8157,HAS_CATEGORY,{}
28266,8158,HAS_CATEGORY,{}
28266,8159,HAS_CATEGORY,{}
28266,8160,HAS_CATEGORY,{}
28272,36211,HAS_CATEGORY,{}
28272,36212,HAS_CATEGORY,{}
28272,36213,HAS_CATEGORY,{}
28272,36214,HAS_CATEGORY,{}
28273,35072,HAS_CATEGORY,{}
28273,35073,HAS_CATEGORY,{}
28276,404,HAS_CATEGORY,{}
28276,405,HAS_CATEGORY,{}
28276,406,HAS_CATEGORY,{}
28276,407,HAS_CATEGORY,{}
28277,35530,HAS_CATEGORY,{}
28277,35531,HAS_CATEGORY,{}
28277,35532,HAS_CATEGORY,{}
28277,35533,HAS_CATEGORY,{}
28278,34361,HAS_CATEGORY,{}
28278,34362,HAS_CATEGORY,{}
28278,34363,HAS_CATEGORY,{}
28278,34364,HAS_CATEGORY,{}
28279,35726,HAS_CATEGORY,{}
28279,35727,HAS_CATEGORY,{}
28279,35728,HAS_CATEGORY,{}
28279,35729,HAS_CATEGORY,{}
28279,35730,HAS_CATEGORY,{}
28280,63,HAS_CATEGORY,{}
28280,64,HAS_CATEGORY,{}
28280,65,HAS_CATEGORY,{}
28280,66,HAS_CATEGORY,{}
28281,24345,HAS_CATEGORY,{}
28281,24346,HAS_CATEGORY,{}
28281,24347,HAS_CATEGORY,{}
28281,24348,HAS_CATEGORY,{}
28282,34344,HAS_CATEGORY,{}
28282,34345,HAS_CATEGORY,{}
28282,34346,HAS_CATEGORY,{}
28282,34347,HAS_CATEGORY,{}
28283,34348,HAS_CATEGORY,{}
28283,34349,HAS_CATEGORY,{}
28283,34350,HAS_CATEGORY,{}
28283,34351,HAS_CATEGORY,{}
28284,24313,HAS_CATEGORY,{}
28284,24314,HAS_CATEGORY,{}
28284,24315,HAS_CATEGORY,{}
28284,24316,HAS_CATEGORY,{}
28285,36492,HAS_CATEGORY,{}
28285,36493,HAS_CATEGORY,{}
28285,36494,HAS_CATEGORY,{}
28285,36495,HAS_CATEGORY,{}
28285,36496,HAS_CATEGORY,{}
28286,8407,HAS_CATEGORY,{}
28286,8408,HAS_CATEGORY,{}
28286,8409,HAS_CATEGORY,{}
28286,8410,HAS_CATEGORY,{}
28286,8411,HAS_CATEGORY,{}
28287,24299,HAS_CATEGORY,{}
28287,24300,HAS_CATEGORY,{}
28287,24301,HAS_CATEGORY,{}
28287,24302,HAS_CATEGORY,{}
28288,36083,HAS_CATEGORY,{}
28288,36084,HAS_CATEGORY,{}
28288,36085,HAS_CATEGORY,{}
28288,36086,HAS_CATEGORY,{}
28290,35282,HAS_CATEGORY,{}
28290,35283,HAS_CATEGORY,{}
28290,35284,HAS_CATEGORY,{}
28290,35285,HAS_CATEGORY,{}
28290,35286,HAS_CATEGORY,{}
28291,8172,HAS_CATEGORY,{}
28291,8173,HAS_CATEGORY,{}
28291,8174,HAS_CATEGORY,{}
28291,8175,HAS_CATEGORY,{}
28291,8176,HAS_CATEGORY,{}
28292,8205,HAS_CATEGORY,{}
28292,8206,HAS_CATEGORY,{}
28292,8207,HAS_CATEGORY,{}
28292,8208,HAS_CATEGORY,{}
28293,36124,HAS_CATEGORY,{}
28293,36125,HAS_CATEGORY,{}
28293,36126,HAS_CATEGORY,{}
28293,36127,HAS_CATEGORY,{}
28293,36128,HAS_CATEGORY,{}
28294,36129,HAS_CATEGORY,{}
28294,36130,HAS_CATEGORY,{}
28294,36131,HAS_CATEGORY,{}
28294,36132,HAS_CATEGORY,{}
28294,36133,HAS_CATEGORY,{}
28295,24552,HAS_CATEGORY,{}
28295,24553,HAS_CATEGORY,{}
28295,24554,HAS_CATEGORY,{}
28295,24555,HAS_CATEGORY,{}
28295,24556,HAS_CATEGORY,{}
28295,24557,HAS_CATEGORY,{}
28295,24558,HAS_CATEGORY,{}
28295,24559,HAS_CATEGORY,{}
28295,24560,HAS_CATEGORY,{}
28296,35975,HAS_CATEGORY,{}
28296,35976,HAS_CATEGORY,{}
28296,35977,HAS_CATEGORY,{}
28296,35978,HAS_CATEGORY,{}
28296,35979,HAS_CATEGORY,{}
28296,35980,HAS_CATEGORY,{}
28296,35981,HAS_CATEGORY,{}
28296,35982,HAS_CATEGORY,{}
28296,35983,HAS_CATEGORY,{}
28297,8111,HAS_CATEGORY,{}
28297,8112,HAS_CATEGORY,{}
28297,8113,HAS_CATEGORY,{}
28297,8114,HAS_CATEGORY,{}
28297,8115,HAS_CATEGORY,{}
28297,8116,HAS_CATEGORY,{}
28297,8117,HAS_CATEGORY,{}
28297,8118,HAS_CATEGORY,{}
28297,8119,HAS_CATEGORY,{}
28298,89,HAS_CATEGORY,{}
28298,90,HAS_CATEGORY,{}
28298,91,HAS_CATEGORY,{}
28298,92,HAS_CATEGORY,{}
28298,93,HAS_CATEGORY,{}
28298,94,HAS_CATEGORY,{}
28298,95,HAS_CATEGORY,{}
28298,96,HAS_CATEGORY,{}
28298,97,HAS_CATEGORY,{}
28300,35808,HAS_CATEGORY,{}
28300,35809,HAS_CATEGORY,{}
28300,35810,HAS_CATEGORY,{}
28300,35811,HAS_CATEGORY,{}
28300,35812,HAS_CATEGORY,{}
28300,35813,HAS_CATEGORY,{}
28301,35802,HAS_CATEGORY,{}
28301,35803,HAS_CATEGORY,{}
28301,35804,HAS_CATEGORY,{}
28301,35805,HAS_CATEGORY,{}
28301,35806,HAS_CATEGORY,{}
28301,35807,HAS_CATEGORY,{}
28302,261,HAS_CATEGORY,{}
28302,262,HAS_CATEGORY,{}
28302,263,HAS_CATEGORY,{}
28302,264,HAS_CATEGORY,{}
28302,265,HAS_CATEGORY,{}
28302,266,HAS_CATEGORY,{}
28302,267,HAS_CATEGORY,{}
28302,268,HAS_CATEGORY,{}
28302,269,HAS_CATEGORY,{}
28303,36247,HAS_CATEGORY,{}
28303,36248,HAS_CATEGORY,{}
28303,36249,HAS_CATEGORY,{}
28303,36250,HAS_CATEGORY,{}
28303,36251,HAS_CATEGORY,{}
28304,278,HAS_CATEGORY,{}
28304,279,HAS_CATEGORY,{}
28304,280,HAS_CATEGORY,{}
28305,418,HAS_CATEGORY,{}
28305,419,HAS_CATEGORY,{}
28305,420,HAS_CATEGORY,{}
28305,8320,HAS_CATEGORY,{}
28305,8321,HAS_CATEGORY,{}
28306,24566,HAS_CATEGORY,{}
28306,24567,HAS_CATEGORY,{}
28306,24568,HAS_CATEGORY,{}
28307,35035,HAS_CATEGORY,{}
28307,35036,HAS_CATEGORY,{}
28307,35037,HAS_CATEGORY,{}
28307,35038,HAS_CATEGORY,{}
28307,35039,HAS_CATEGORY,{}
28307,35040,HAS_CATEGORY,{}
28307,35041,HAS_CATEGORY,{}
28307,35042,HAS_CATEGORY,{}
28307,35043,HAS_CATEGORY,{}
28309,35589,HAS_CATEGORY,{}
28309,35590,HAS_CATEGORY,{}
28309,35591,HAS_CATEGORY,{}
28309,35592,HAS_CATEGORY,{}
28309,35593,HAS_CATEGORY,{}
28309,35594,HAS_CATEGORY,{}
28309,35595,HAS_CATEGORY,{}
28309,35596,HAS_CATEGORY,{}
28309,35597,HAS_CATEGORY,{}
28310,8105,HAS_CATEGORY,{}
28310,8106,HAS_CATEGORY,{}
28310,8107,HAS_CATEGORY,{}
28310,8108,HAS_CATEGORY,{}
28310,8109,HAS_CATEGORY,{}
28310,8110,HAS_CATEGORY,{}
28311,214,HAS_CATEGORY,{}
28311,215,HAS_CATEGORY,{}
28311,216,HAS_CATEGORY,{}
28311,217,HAS_CATEGORY,{}
28311,218,HAS_CATEGORY,{}
28311,219,HAS_CATEGORY,{}
28311,220,HAS_CATEGORY,{}
28311,221,HAS_CATEGORY,{}
28311,222,HAS_CATEGORY,{}
28312,24504,HAS_CATEGORY,{}
28312,24505,HAS_CATEGORY,{}
28312,24506,HAS_CATEGORY,{}
28312,24507,HAS_CATEGORY,{}
28312,24508,HAS_CATEGORY,{}
28312,24509,HAS_CATEGORY,{}
28312,24510,HAS_CATEGORY,{}
28312,24511,HAS_CATEGORY,{}
28312,24512,HAS_CATEGORY,{}
28313,34911,HAS_CATEGORY,{}
28313,34912,HAS_CATEGORY,{}
28313,34913,HAS_CATEGORY,{}
28313,34914,HAS_CATEGORY,{}
28314,8074,HAS_CATEGORY,{}
28314,8075,HAS_CATEGORY,{}
28314,8076,HAS_CATEGORY,{}
28314,8077,HAS_CATEGORY,{}
28314,8078,HAS_CATEGORY,{}
28314,8079,HAS_CATEGORY,{}
28314,8080,HAS_CATEGORY,{}
28314,8081,HAS_CATEGORY,{}
28314,8082,HAS_CATEGORY,{}
28315,24234,HAS_CATEGORY,{}
28315,24235,HAS_CATEGORY,{}
28315,24236,HAS_CATEGORY,{}
28315,24237,HAS_CATEGORY,{}
28315,24238,HAS_CATEGORY,{}
28315,24239,HAS_CATEGORY,{}
28315,24240,HAS_CATEGORY,{}
28315,24241,HAS_CATEGORY,{}
28315,24242,HAS_CATEGORY,{}
28316,34549,HAS_CATEGORY,{}
28316,34550,HAS_CATEGORY,{}
28316,34551,HAS_CATEGORY,{}
28316,34552,HAS_CATEGORY,{}
28316,34553,HAS_CATEGORY,{}
28316,34554,HAS_CATEGORY,{}
28316,34555,HAS_CATEGORY,{}
28316,34556,HAS_CATEGORY,{}
28316,34557,HAS_CATEGORY,{}
28317,36115,HAS_CATEGORY,{}
28317,36116,HAS_CATEGORY,{}
28317,36117,HAS_CATEGORY,{}
28317,36118,HAS_CATEGORY,{}
28317,36119,HAS_CATEGORY,{}
28317,36120,HAS_CATEGORY,{}
28317,36121,HAS_CATEGORY,{}
28317,36122,HAS_CATEGORY,{}
28317,36123,HAS_CATEGORY,{}
28318,8196,HAS_CATEGORY,{}
28318,8197,HAS_CATEGORY,{}
28318,8198,HAS_CATEGORY,{}
28318,8199,HAS_CATEGORY,{}
28318,8200,HAS_CATEGORY,{}
28318,8201,HAS_CATEGORY,{}
28318,8202,HAS_CATEGORY,{}
28318,8203,HAS_CATEGORY,{}
28318,8204,HAS_CATEGORY,{}
28319,34642,HAS_CATEGORY,{}
28319,34643,HAS_CATEGORY,{}
28319,34644,HAS_CATEGORY,{}
28319,34645,HAS_CATEGORY,{}
28322,36332,HAS_CATEGORY,{}
28322,36333,HAS_CATEGORY,{}
28322,36334,HAS_CATEGORY,{}
28322,36335,HAS_CATEGORY,{}
28322,36336,HAS_CATEGORY,{}
28322,36337,HAS_CATEGORY,{}
28322,36338,HAS_CATEGORY,{}
28322,36339,HAS_CATEGORY,{}
28322,36340,HAS_CATEGORY,{}
28323,35241,HAS_CATEGORY,{}
28323,35242,HAS_CATEGORY,{}
28323,35243,HAS_CATEGORY,{}
28323,35244,HAS_CATEGORY,{}
28323,35245,HAS_CATEGORY,{}
28323,35246,HAS_CATEGORY,{}
28323,35247,HAS_CATEGORY,{}
28323,35248,HAS_CATEGORY,{}
28323,35249,HAS_CATEGORY,{}
28324,34714,HAS_CATEGORY,{}
28324,34715,HAS_CATEGORY,{}
28324,34716,HAS_CATEGORY,{}
28324,34717,HAS_CATEGORY,{}
28324,34718,HAS_CATEGORY,{}
28325,34327,HAS_CATEGORY,{}
28325,34328,HAS_CATEGORY,{}
28325,34329,HAS_CATEGORY,{}
28325,34330,HAS_CATEGORY,{}
28326,35693,HAS_CATEGORY,{}
28326,35694,HAS_CATEGORY,{}
28326,35695,HAS_CATEGORY,{}
28326,35696,HAS_CATEGORY,{}
28326,35697,HAS_CATEGORY,{}
28326,35698,HAS_CATEGORY,{}
28327,35124,HAS_CATEGORY,{}
28327,35125,HAS_CATEGORY,{}
28327,35126,HAS_CATEGORY,{}
28327,35127,HAS_CATEGORY,{}
28327,35128,HAS_CATEGORY,{}
28327,35129,HAS_CATEGORY,{}
28328,492,HAS_CATEGORY,{}
28328,493,HAS_CATEGORY,{}
28328,494,HAS_CATEGORY,{}
28328,495,HAS_CATEGORY,{}
28328,496,HAS_CATEGORY,{}
28328,497,HAS_CATEGORY,{}
28328,498,HAS_CATEGORY,{}
28328,499,HAS_CATEGORY,{}
28328,500,HAS_CATEGORY,{}
28329,24452,HAS_CATEGORY,{}
28329,24453,HAS_CATEGORY,{}
28329,24454,HAS_CATEGORY,{}
28329,24455,HAS_CATEGORY,{}
28329,24456,HAS_CATEGORY,{}
28329,24457,HAS_CATEGORY,{}
28329,24458,HAS_CATEGORY,{}
28329,24459,HAS_CATEGORY,{}
28329,24460,HAS_CATEGORY,{}
28330,34540,HAS_CATEGORY,{}
28330,34541,HAS_CATEGORY,{}
28330,34542,HAS_CATEGORY,{}
28330,34543,HAS_CATEGORY,{}
28330,34544,HAS_CATEGORY,{}
28330,34545,HAS_CATEGORY,{}
28330,34546,HAS_CATEGORY,{}
28330,34547,HAS_CATEGORY,{}
28330,34548,HAS_CATEGORY,{}
28331,34764,HAS_CATEGORY,{}
28331,34765,HAS_CATEGORY,{}
28332,35569,HAS_CATEGORY,{}
28332,35570,HAS_CATEGORY,{}
28333,36398,HAS_CATEGORY,{}
28333,36399,HAS_CATEGORY,{}
28333,36400,HAS_CATEGORY,{}
28333,36401,HAS_CATEGORY,{}
28333,36402,HAS_CATEGORY,{}
28333,36403,HAS_CATEGORY,{}
28333,36404,HAS_CATEGORY,{}
28333,36405,HAS_CATEGORY,{}
28333,36406,HAS_CATEGORY,{}
28334,34430,HAS_CATEGORY,{}
28334,34431,HAS_CATEGORY,{}
28334,34432,HAS_CATEGORY,{}
28334,34433,HAS_CATEGORY,{}
28334,34434,HAS_CATEGORY,{}
28334,34435,HAS_CATEGORY,{}
28334,34436,HAS_CATEGORY,{}
28334,34437,HAS_CATEGORY,{}
28334,34438,HAS_CATEGORY,{}
28335,35786,HAS_CATEGORY,{}
28335,35787,HAS_CATEGORY,{}
28336,352,HAS_CATEGORY,{}
28336,353,HAS_CATEGORY,{}
28336,354,HAS_CATEGORY,{}
28336,355,HAS_CATEGORY,{}
28337,36254,HAS_CATEGORY,{}
28337,36255,HAS_CATEGORY,{}
28337,36256,HAS_CATEGORY,{}
28337,36257,HAS_CATEGORY,{}
28338,35566,HAS_CATEGORY,{}
28338,35567,HAS_CATEGORY,{}
28338,35568,HAS_CATEGORY,{}
28339,35770,HAS_CATEGORY,{}
28339,35771,HAS_CATEGORY,{}
28339,35772,HAS_CATEGORY,{}
28339,35773,HAS_CATEGORY,{}
28339,35774,HAS_CATEGORY,{}
28339,35775,HAS_CATEGORY,{}
28340,36177,HAS_CATEGORY,{}
28340,36178,HAS_CATEGORY,{}
28340,36179,HAS_CATEGORY,{}
28340,36180,HAS_CATEGORY,{}
28340,36181,HAS_CATEGORY,{}
28340,36182,HAS_CATEGORY,{}
28341,36075,HAS_CATEGORY,{}
28341,36076,HAS_CATEGORY,{}
28341,36077,HAS_CATEGORY,{}
28341,36078,HAS_CATEGORY,{}
28341,36079,HAS_CATEGORY,{}
28341,36080,HAS_CATEGORY,{}
28342,34905,HAS_CATEGORY,{}
28342,34906,HAS_CATEGORY,{}
28342,34907,HAS_CATEGORY,{}
28342,34908,HAS_CATEGORY,{}
28342,34909,HAS_CATEGORY,{}
28342,34910,HAS_CATEGORY,{}
28343,34448,HAS_CATEGORY,{}
28343,34449,HAS_CATEGORY,{}
28343,34450,HAS_CATEGORY,{}
28343,34451,HAS_CATEGORY,{}
28343,34452,HAS_CATEGORY,{}
28343,34453,HAS_CATEGORY,{}
28344,451,HAS_CATEGORY,{}
28344,452,HAS_CATEGORY,{}
28344,453,HAS_CATEGORY,{}
28344,454,HAS_CATEGORY,{}
28344,455,HAS_CATEGORY,{}
28344,456,HAS_CATEGORY,{}
28346,34620,HAS_CATEGORY,{}
28346,34621,HAS_CATEGORY,{}
28346,34622,HAS_CATEGORY,{}
28346,34623,HAS_CATEGORY,{}
28346,34624,HAS_CATEGORY,{}
28347,34464,HAS_CATEGORY,{}
28347,34465,HAS_CATEGORY,{}
28347,34466,HAS_CATEGORY,{}
28347,34467,HAS_CATEGORY,{}
28347,34468,HAS_CATEGORY,{}
28348,36239,HAS_CATEGORY,{}
28348,36240,HAS_CATEGORY,{}
28348,36241,HAS_CATEGORY,{}
28348,36242,HAS_CATEGORY,{}
28348,36243,HAS_CATEGORY,{}
28349,116,HAS_CATEGORY,{}
28349,117,HAS_CATEGORY,{}
28349,118,HAS_CATEGORY,{}
28349,119,HAS_CATEGORY,{}
28349,120,HAS_CATEGORY,{}
28350,35846,HAS_CATEGORY,{}
28350,35847,HAS_CATEGORY,{}
28350,35848,HAS_CATEGORY,{}
28350,35849,HAS_CATEGORY,{}
28353,36087,HAS_CATEGORY,{}
28353,36088,HAS_CATEGORY,{}
28353,36089,HAS_CATEGORY,{}
28353,36090,HAS_CATEGORY,{}
28353,36091,HAS_CATEGORY,{}
28354,35067,HAS_CATEGORY,{}
28354,35068,HAS_CATEGORY,{}
28354,35069,HAS_CATEGORY,{}
28354,35070,HAS_CATEGORY,{}
28354,35071,HAS_CATEGORY,{}
28356,24283,HAS_CATEGORY,{}
28356,24284,HAS_CATEGORY,{}
28357,35651,HAS_CATEGORY,{}
28357,35652,HAS_CATEGORY,{}
28358,36013,HAS_CATEGORY,{}
28358,36014,HAS_CATEGORY,{}
28359,36278,HAS_CATEGORY,{}
28359,36279,HAS_CATEGORY,{}
28360,36237,HAS_CATEGORY,{}
28360,36238,HAS_CATEGORY,{}
28362,252,HAS_CATEGORY,{}
28362,253,HAS_CATEGORY,{}
28362,254,HAS_CATEGORY,{}
28362,255,HAS_CATEGORY,{}
28362,256,HAS_CATEGORY,{}
28363,24513,HAS_CATEGORY,{}
28363,24514,HAS_CATEGORY,{}
28363,24515,HAS_CATEGORY,{}
28364,34638,HAS_CATEGORY,{}
28364,34639,HAS_CATEGORY,{}
28364,34640,HAS_CATEGORY,{}
28364,34641,HAS_CATEGORY,{}
28367,8431,HAS_CATEGORY,{}
28367,8432,HAS_CATEGORY,{}
28367,8433,HAS_CATEGORY,{}
28367,8434,HAS_CATEGORY,{}
28367,8435,HAS_CATEGORY,{}
28367,8436,HAS_CATEGORY,{}
28367,8437,HAS_CATEGORY,{}
28367,8438,HAS_CATEGORY,{}
28368,36140,HAS_CATEGORY,{}
28368,36141,HAS_CATEGORY,{}
28368,36142,HAS_CATEGORY,{}
28368,36143,HAS_CATEGORY,{}
28368,36144,HAS_CATEGORY,{}
28368,36145,HAS_CATEGORY,{}
28368,36146,HAS_CATEGORY,{}
28368,36147,HAS_CATEGORY,{}
28368,36148,HAS_CATEGORY,{}
28368,36149,HAS_CATEGORY,{}
28368,36150,HAS_CATEGORY,{}
28368,36151,HAS_CATEGORY,{}
28369,8336,HAS_CATEGORY,{}
28369,8337,HAS_CATEGORY,{}
28370,34752,HAS_CATEGORY,{}
28370,34753,HAS_CATEGORY,{}
28372,35337,HAS_CATEGORY,{}
28372,35338,HAS_CATEGORY,{}
28374,34356,HAS_CATEGORY,{}
28374,34357,HAS_CATEGORY,{}
28374,34358,HAS_CATEGORY,{}
28374,34359,HAS_CATEGORY,{}
28374,34360,HAS_CATEGORY,{}
28375,35998,HAS_CATEGORY,{}
28375,35999,HAS_CATEGORY,{}
28375,36000,HAS_CATEGORY,{}
28375,36001,HAS_CATEGORY,{}
28375,36002,HAS_CATEGORY,{}
28375,36003,HAS_CATEGORY,{}
28376,35996,HAS_CATEGORY,{}
28376,35997,HAS_CATEGORY,{}
28377,24199,HAS_CATEGORY,{}
28377,24200,HAS_CATEGORY,{}
28377,24201,HAS_CATEGORY,{}
28377,24202,HAS_CATEGORY,{}
28377,24203,HAS_CATEGORY,{}
28377,24204,HAS_CATEGORY,{}
28377,24205,HAS_CATEGORY,{}
28377,24206,HAS_CATEGORY,{}
28378,35395,HAS_CATEGORY,{}
28378,35396,HAS_CATEGORY,{}
28379,35506,HAS_CATEGORY,{}
28379,35507,HAS_CATEGORY,{}
28380,35350,HAS_CATEGORY,{}
28380,35351,HAS_CATEGORY,{}
28380,35352,HAS_CATEGORY,{}
28380,35353,HAS_CATEGORY,{}
28380,35354,HAS_CATEGORY,{}
28380,35355,HAS_CATEGORY,{}
28381,34613,HAS_CATEGORY,{}
28381,34614,HAS_CATEGORY,{}
28383,35571,HAS_CATEGORY,{}
28383,35572,HAS_CATEGORY,{}
28392,34750,HAS_CATEGORY,{}
28392,34751,HAS_CATEGORY,{}
28395,34371,HAS_CATEGORY,{}
28395,34372,HAS_CATEGORY,{}
28395,34373,HAS_CATEGORY,{}
28395,34374,HAS_CATEGORY,{}
28396,34365,HAS_CATEGORY,{}
28396,34366,HAS_CATEGORY,{}
28397,8094,HAS_CATEGORY,{}
28397,8095,HAS_CATEGORY,{}
28398,24285,HAS_CATEGORY,{}
28398,24286,HAS_CATEGORY,{}
28399,36015,HAS_CATEGORY,{}
28399,36016,HAS_CATEGORY,{}
28400,34800,HAS_CATEGORY,{}
28400,34801,HAS_CATEGORY,{}
28400,34802,HAS_CATEGORY,{}
28400,34803,HAS_CATEGORY,{}
28400,34804,HAS_CATEGORY,{}
28400,34805,HAS_CATEGORY,{}
28400,34806,HAS_CATEGORY,{}
28400,34807,HAS_CATEGORY,{}
28400,34808,HAS_CATEGORY,{}
28401,36375,HAS_CATEGORY,{}
28401,36376,HAS_CATEGORY,{}
28401,36377,HAS_CATEGORY,{}
28401,36378,HAS_CATEGORY,{}
28402,35487,HAS_CATEGORY,{}
28402,35488,HAS_CATEGORY,{}
28402,35489,HAS_CATEGORY,{}
28402,35490,HAS_CATEGORY,{}
28402,35491,HAS_CATEGORY,{}
28402,35492,HAS_CATEGORY,{}
28403,35740,HAS_CATEGORY,{}
28403,35741,HAS_CATEGORY,{}
28403,35742,HAS_CATEGORY,{}
28403,35743,HAS_CATEGORY,{}
28403,35744,HAS_CATEGORY,{}
28403,35745,HAS_CATEGORY,{}
28404,8129,HAS_CATEGORY,{}
28404,8130,HAS_CATEGORY,{}
28404,8131,HAS_CATEGORY,{}
28404,8132,HAS_CATEGORY,{}
28404,8133,HAS_CATEGORY,{}
28404,8134,HAS_CATEGORY,{}
28404,8135,HAS_CATEGORY,{}
28404,8136,HAS_CATEGORY,{}
28404,8137,HAS_CATEGORY,{}
28405,35085,HAS_CATEGORY,{}
28405,35086,HAS_CATEGORY,{}
28405,35087,HAS_CATEGORY,{}
28405,35088,HAS_CATEGORY,{}
28406,24531,HAS_CATEGORY,{}
28406,24532,HAS_CATEGORY,{}
28406,24533,HAS_CATEGORY,{}
28406,24534,HAS_CATEGORY,{}
28407,36192,HAS_CATEGORY,{}
28407,36193,HAS_CATEGORY,{}
28407,36194,HAS_CATEGORY,{}
28407,36195,HAS_CATEGORY,{}
28408,8427,HAS_CATEGORY,{}
28408,8428,HAS_CATEGORY,{}
28408,8429,HAS_CATEGORY,{}
28408,8430,HAS_CATEGORY,{}
28409,35935,HAS_CATEGORY,{}
28409,35936,HAS_CATEGORY,{}
28409,35937,HAS_CATEGORY,{}
28409,35938,HAS_CATEGORY,{}
28410,479,HAS_CATEGORY,{}
28410,480,HAS_CATEGORY,{}
28410,481,HAS_CATEGORY,{}
28410,482,HAS_CATEGORY,{}
28411,8332,HAS_CATEGORY,{}
28411,8333,HAS_CATEGORY,{}
28411,8334,HAS_CATEGORY,{}
28411,8335,HAS_CATEGORY,{}
28412,35820,HAS_CATEGORY,{}
28412,35821,HAS_CATEGORY,{}
28412,35822,HAS_CATEGORY,{}
28412,35823,HAS_CATEGORY,{}
28412,35824,HAS_CATEGORY,{}
28412,35825,HAS_CATEGORY,{}
28412,35826,HAS_CATEGORY,{}
28412,35827,HAS_CATEGORY,{}
28412,35828,HAS_CATEGORY,{}
28413,8237,HAS_CATEGORY,{}
28413,8238,HAS_CATEGORY,{}
28413,8239,HAS_CATEGORY,{}
28413,8240,HAS_CATEGORY,{}
28413,8241,HAS_CATEGORY,{}
28413,8242,HAS_CATEGORY,{}
28413,8243,HAS_CATEGORY,{}
28413,8244,HAS_CATEGORY,{}
28413,8245,HAS_CATEGORY,{}
28414,35542,HAS_CATEGORY,{}
28414,35543,HAS_CATEGORY,{}
28414,35544,HAS_CATEGORY,{}
28414,35545,HAS_CATEGORY,{}
28414,35546,HAS_CATEGORY,{}
28414,35547,HAS_CATEGORY,{}
28415,35604,HAS_CATEGORY,{}
28415,35605,HAS_CATEGORY,{}
28415,35606,HAS_CATEGORY,{}
28415,35607,HAS_CATEGORY,{}
28415,35608,HAS_CATEGORY,{}
28415,35609,HAS_CATEGORY,{}
28416,35598,HAS_CATEGORY,{}
28416,35599,HAS_CATEGORY,{}
28416,35600,HAS_CATEGORY,{}
28416,35601,HAS_CATEGORY,{}
28416,35602,HAS_CATEGORY,{}
28416,35603,HAS_CATEGORY,{}
28417,24287,HAS_CATEGORY,{}
28417,24288,HAS_CATEGORY,{}
28417,24289,HAS_CATEGORY,{}
28417,24290,HAS_CATEGORY,{}
28417,24291,HAS_CATEGORY,{}
28417,24292,HAS_CATEGORY,{}
28418,35143,HAS_CATEGORY,{}
28418,35144,HAS_CATEGORY,{}
28418,35145,HAS_CATEGORY,{}
28418,35146,HAS_CATEGORY,{}
28418,35147,HAS_CATEGORY,{}
28418,35148,HAS_CATEGORY,{}
28419,24207,HAS_CATEGORY,{}
28419,24208,HAS_CATEGORY,{}
28419,24209,HAS_CATEGORY,{}
28419,24210,HAS_CATEGORY,{}
28419,24211,HAS_CATEGORY,{}
28419,24212,HAS_CATEGORY,{}
28420,24461,HAS_CATEGORY,{}
28420,24462,HAS_CATEGORY,{}
28420,24463,HAS_CATEGORY,{}
28420,24464,HAS_CATEGORY,{}
28420,24465,HAS_CATEGORY,{}
28420,24466,HAS_CATEGORY,{}
28421,36196,HAS_CATEGORY,{}
28421,36197,HAS_CATEGORY,{}
28421,36198,HAS_CATEGORY,{}
28421,36199,HAS_CATEGORY,{}
28421,36200,HAS_CATEGORY,{}
28421,36201,HAS_CATEGORY,{}
28422,36017,HAS_CATEGORY,{}
28422,36018,HAS_CATEGORY,{}
28422,36019,HAS_CATEGORY,{}
28422,36020,HAS_CATEGORY,{}
28422,36021,HAS_CATEGORY,{}
28422,36022,HAS_CATEGORY,{}
28423,34870,HAS_CATEGORY,{}
28423,34871,HAS_CATEGORY,{}
28423,34872,HAS_CATEGORY,{}
28423,34873,HAS_CATEGORY,{}
28423,34874,HAS_CATEGORY,{}
28423,34875,HAS_CATEGORY,{}
28423,34876,HAS_CATEGORY,{}
28424,36023,HAS_CATEGORY,{}
28424,36024,HAS_CATEGORY,{}
28424,36025,HAS_CATEGORY,{}
28424,36026,HAS_CATEGORY,{}
28425,34977,HAS_CATEGORY,{}
28425,34978,HAS_CATEGORY,{}
28425,34979,HAS_CATEGORY,{}
28425,34980,HAS_CATEGORY,{}
28425,34981,HAS_CATEGORY,{}
28425,34982,HAS_CATEGORY,{}
28425,34983,HAS_CATEGORY,{}
28425,34984,HAS_CATEGORY,{}
28425,34985,HAS_CATEGORY,{}
28426,24243,HAS_CATEGORY,{}
28426,24244,HAS_CATEGORY,{}
28426,24245,HAS_CATEGORY,{}
28426,24246,HAS_CATEGORY,{}
28426,24247,HAS_CATEGORY,{}
28427,35943,HAS_CATEGORY,{}
28427,35944,HAS_CATEGORY,{}
28427,35945,HAS_CATEGORY,{}
28427,35946,HAS_CATEGORY,{}
28427,35947,HAS_CATEGORY,{}
28427,35948,HAS_CATEGORY,{}
28427,35949,HAS_CATEGORY,{}
28427,35950,HAS_CATEGORY,{}
28427,35951,HAS_CATEGORY,{}
28430,35287,HAS_CATEGORY,{}
28430,35288,HAS_CATEGORY,{}
28431,35852,HAS_CATEGORY,{}
28431,35853,HAS_CATEGORY,{}
28432,24281,HAS_CATEGORY,{}
28432,24282,HAS_CATEGORY,{}
28433,35746,HAS_CATEGORY,{}
28433,35747,HAS_CATEGORY,{}
28434,360,HAS_CATEGORY,{}
28434,361,HAS_CATEGORY,{}
28438,35400,HAS_CATEGORY,{}
28438,35401,HAS_CATEGORY,{}
28438,35402,HAS_CATEGORY,{}
28438,35403,HAS_CATEGORY,{}
28438,35404,HAS_CATEGORY,{}
28438,35405,HAS_CATEGORY,{}
28439,35629,HAS_CATEGORY,{}
28439,35630,HAS_CATEGORY,{}
28439,35631,HAS_CATEGORY,{}
28439,35632,HAS_CATEGORY,{}
28439,35633,HAS_CATEGORY,{}
28439,35634,HAS_CATEGORY,{}
28439,35635,HAS_CATEGORY,{}
28439,35636,HAS_CATEGORY,{}
28439,35637,HAS_CATEGORY,{}
28440,35493,HAS_CATEGORY,{}
28440,35494,HAS_CATEGORY,{}
28440,35495,HAS_CATEGORY,{}
28440,35496,HAS_CATEGORY,{}
28440,35497,HAS_CATEGORY,{}
28440,35498,HAS_CATEGORY,{}
28440,35499,HAS_CATEGORY,{}
28440,35500,HAS_CATEGORY,{}
28440,35501,HAS_CATEGORY,{}
28441,36202,HAS_CATEGORY,{}
28441,36203,HAS_CATEGORY,{}
28441,36204,HAS_CATEGORY,{}
28441,36205,HAS_CATEGORY,{}
28441,36206,HAS_CATEGORY,{}
28441,36207,HAS_CATEGORY,{}
28441,36208,HAS_CATEGORY,{}
28441,36209,HAS_CATEGORY,{}
28441,36210,HAS_CATEGORY,{}
28442,35053,HAS_CATEGORY,{}
28442,35054,HAS_CATEGORY,{}
28442,35055,HAS_CATEGORY,{}
28442,35056,HAS_CATEGORY,{}
28442,35057,HAS_CATEGORY,{}
28442,35058,HAS_CATEGORY,{}
28442,35059,HAS_CATEGORY,{}
28442,35060,HAS_CATEGORY,{}
28442,35061,HAS_CATEGORY,{}
28443,395,HAS_CATEGORY,{}
28443,396,HAS_CATEGORY,{}
28443,397,HAS_CATEGORY,{}
28443,398,HAS_CATEGORY,{}
28443,399,HAS_CATEGORY,{}
28443,400,HAS_CATEGORY,{}
28443,401,HAS_CATEGORY,{}
28443,402,HAS_CATEGORY,{}
28443,403,HAS_CATEGORY,{}
28444,35638,HAS_CATEGORY,{}
28444,35639,HAS_CATEGORY,{}
28444,35640,HAS_CATEGORY,{}
28444,35641,HAS_CATEGORY,{}
28444,35642,HAS_CATEGORY,{}
28444,35643,HAS_CATEGORY,{}
28444,35644,HAS_CATEGORY,{}
28444,35645,HAS_CATEGORY,{}
28444,35646,HAS_CATEGORY,{}
28445,35952,HAS_CATEGORY,{}
28445,35953,HAS_CATEGORY,{}
28445,35954,HAS_CATEGORY,{}
28445,35955,HAS_CATEGORY,{}
28445,35956,HAS_CATEGORY,{}
28445,35957,HAS_CATEGORY,{}
28445,35958,HAS_CATEGORY,{}
28445,35959,HAS_CATEGORY,{}
28445,35960,HAS_CATEGORY,{}
28446,34777,HAS_CATEGORY,{}
28446,34778,HAS_CATEGORY,{}
28446,34779,HAS_CATEGORY,{}
28446,34780,HAS_CATEGORY,{}
28446,34781,HAS_CATEGORY,{}
28446,34782,HAS_CATEGORY,{}
28446,34783,HAS_CATEGORY,{}
28446,34784,HAS_CATEGORY,{}
28446,34785,HAS_CATEGORY,{}
28447,34518,HAS_CATEGORY,{}
28447,34519,HAS_CATEGORY,{}
28447,34520,HAS_CATEGORY,{}
28447,34521,HAS_CATEGORY,{}
28447,34522,HAS_CATEGORY,{}
28447,34523,HAS_CATEGORY,{}
28447,34524,HAS_CATEGORY,{}
28447,34525,HAS_CATEGORY,{}
28447,34526,HAS_CATEGORY,{}
28448,532,HAS_CATEGORY,{}
28448,533,HAS_CATEGORY,{}
28448,534,HAS_CATEGORY,{}
28448,535,HAS_CATEGORY,{}
28448,536,HAS_CATEGORY,{}
28448,537,HAS_CATEGORY,{}
28448,538,HAS_CATEGORY,{}
28448,539,HAS_CATEGORY,{}
28448,540,HAS_CATEGORY,{}
28449,483,HAS_CATEGORY,{}
28449,484,HAS_CATEGORY,{}
28449,485,HAS_CATEGORY,{}
28449,486,HAS_CATEGORY,{}
28449,487,HAS_CATEGORY,{}
28449,488,HAS_CATEGORY,{}
28449,489,HAS_CATEGORY,{}
28449,490,HAS_CATEGORY,{}
28449,491,HAS_CATEGORY,{}
28450,8120,HAS_CATEGORY,{}
28450,8121,HAS_CATEGORY,{}
28450,8122,HAS_CATEGORY,{}
28450,8123,HAS_CATEGORY,{}
28450,8124,HAS_CATEGORY,{}
28450,8125,HAS_CATEGORY,{}
28450,8126,HAS_CATEGORY,{}
28450,8127,HAS_CATEGORY,{}
28450,8128,HAS_CATEGORY,{}
28451,34652,HAS_CATEGORY,{}
28451,34653,HAS_CATEGORY,{}
28451,34654,HAS_CATEGORY,{}
28451,34655,HAS_CATEGORY,{}
28451,34656,HAS_CATEGORY,{}
28451,34657,HAS_CATEGORY,{}
28451,34658,HAS_CATEGORY,{}
28451,34659,HAS_CATEGORY,{}
28451,34660,HAS_CATEGORY,{}
28452,35226,HAS_CATEGORY,{}
28452,35227,HAS_CATEGORY,{}
28452,35228,HAS_CATEGORY,{}
28452,35229,HAS_CATEGORY,{}
28452,35230,HAS_CATEGORY,{}
28452,35231,HAS_CATEGORY,{}
28452,35232,HAS_CATEGORY,{}
28452,35233,HAS_CATEGORY,{}
28452,35234,HAS_CATEGORY,{}
28453,34558,HAS_CATEGORY,{}
28453,34559,HAS_CATEGORY,{}
28453,34560,HAS_CATEGORY,{}
28453,34561,HAS_CATEGORY,{}
28453,34562,HAS_CATEGORY,{}
28453,34563,HAS_CATEGORY,{}
28453,34564,HAS_CATEGORY,{}
28453,34565,HAS_CATEGORY,{}
28453,34566,HAS_CATEGORY,{}
28454,425,HAS_CATEGORY,{}
28454,426,HAS_CATEGORY,{}
28454,427,HAS_CATEGORY,{}
28454,428,HAS_CATEGORY,{}
28454,429,HAS_CATEGORY,{}
28454,430,HAS_CATEGORY,{}
28454,431,HAS_CATEGORY,{}
28454,432,HAS_CATEGORY,{}
28454,433,HAS_CATEGORY,{}
28455,36483,HAS_CATEGORY,{}
28455,36484,HAS_CATEGORY,{}
28455,36485,HAS_CATEGORY,{}
28455,36486,HAS_CATEGORY,{}
28455,36487,HAS_CATEGORY,{}
28455,36488,HAS_CATEGORY,{}
28455,36489,HAS_CATEGORY,{}
28455,36490,HAS_CATEGORY,{}
28455,36491,HAS_CATEGORY,{}
28456,24364,HAS_CATEGORY,{}
28456,24365,HAS_CATEGORY,{}
28456,24366,HAS_CATEGORY,{}
28456,24367,HAS_CATEGORY,{}
28456,24368,HAS_CATEGORY,{}
28456,24369,HAS_CATEGORY,{}
28456,24370,HAS_CATEGORY,{}
28456,24371,HAS_CATEGORY,{}
28456,24372,HAS_CATEGORY,{}
28457,36526,HAS_CATEGORY,{}
28457,36527,HAS_CATEGORY,{}
28457,36528,HAS_CATEGORY,{}
28457,36529,HAS_CATEGORY,{}
28457,36530,HAS_CATEGORY,{}
28457,36531,HAS_CATEGORY,{}
28457,36532,HAS_CATEGORY,{}
28457,36533,HAS_CATEGORY,{}
28457,36534,HAS_CATEGORY,{}
28458,8096,HAS_CATEGORY,{}
28458,8097,HAS_CATEGORY,{}
28458,8098,HAS_CATEGORY,{}
28458,8099,HAS_CATEGORY,{}
28458,8100,HAS_CATEGORY,{}
28458,8101,HAS_CATEGORY,{}
28458,8102,HAS_CATEGORY,{}
28458,8103,HAS_CATEGORY,{}
28458,8104,HAS_CATEGORY,{}
28459,36267,HAS_CATEGORY,{}
28459,36268,HAS_CATEGORY,{}
28459,36269,HAS_CATEGORY,{}
28459,36270,HAS_CATEGORY,{}
28459,36271,HAS_CATEGORY,{}
28459,36272,HAS_CATEGORY,{}
28459,36273,HAS_CATEGORY,{}
28459,36274,HAS_CATEGORY,{}
28459,36275,HAS_CATEGORY,{}
28460,34881,HAS_CATEGORY,{}
28460,34882,HAS_CATEGORY,{}
28460,34883,HAS_CATEGORY,{}
28460,34884,HAS_CATEGORY,{}
28460,34885,HAS_CATEGORY,{}
28460,34886,HAS_CATEGORY,{}
28460,34887,HAS_CATEGORY,{}
28460,34888,HAS_CATEGORY,{}
28460,34889,HAS_CATEGORY,{}
28461,36027,HAS_CATEGORY,{}
28461,36028,HAS_CATEGORY,{}
28461,36029,HAS_CATEGORY,{}
28461,36030,HAS_CATEGORY,{}
28461,36031,HAS_CATEGORY,{}
28461,36032,HAS_CATEGORY,{}
28461,36033,HAS_CATEGORY,{}
28461,36034,HAS_CATEGORY,{}
28461,36035,HAS_CATEGORY,{}
28462,36423,HAS_CATEGORY,{}
28462,36424,HAS_CATEGORY,{}
28462,36425,HAS_CATEGORY,{}
28462,36426,HAS_CATEGORY,{}
28462,36427,HAS_CATEGORY,{}
28462,36428,HAS_CATEGORY,{}
28462,36429,HAS_CATEGORY,{}
28462,36430,HAS_CATEGORY,{}
28462,36431,HAS_CATEGORY,{}
28463,35899,HAS_CATEGORY,{}
28463,35900,HAS_CATEGORY,{}
28463,35901,HAS_CATEGORY,{}
28463,35902,HAS_CATEGORY,{}
28463,35903,HAS_CATEGORY,{}
28464,34415,HAS_CATEGORY,{}
28464,34416,HAS_CATEGORY,{}
28464,34417,HAS_CATEGORY,{}
28464,34418,HAS_CATEGORY,{}
28464,34419,HAS_CATEGORY,{}
28464,34420,HAS_CATEGORY,{}
28464,34421,HAS_CATEGORY,{}
28464,34422,HAS_CATEGORY,{}
28464,34423,HAS_CATEGORY,{}
28465,35675,HAS_CATEGORY,{}
28465,35676,HAS_CATEGORY,{}
28465,35677,HAS_CATEGORY,{}
28465,35678,HAS_CATEGORY,{}
28465,35679,HAS_CATEGORY,{}
28465,35680,HAS_CATEGORY,{}
28465,35681,HAS_CATEGORY,{}
28465,35682,HAS_CATEGORY,{}
28465,35683,HAS_CATEGORY,{}
28466,24336,HAS_CATEGORY,{}
28466,24337,HAS_CATEGORY,{}
28466,24338,HAS_CATEGORY,{}
28466,24339,HAS_CATEGORY,{}
28466,24340,HAS_CATEGORY,{}
28466,24341,HAS_CATEGORY,{}
28466,24342,HAS_CATEGORY,{}
28466,24343,HAS_CATEGORY,{}
28466,24344,HAS_CATEGORY,{}
28467,162,HAS_CATEGORY,{}
28467,163,HAS_CATEGORY,{}
28467,164,HAS_CATEGORY,{}
28467,8064,HAS_CATEGORY,{}
28467,8065,HAS_CATEGORY,{}
28467,8066,HAS_CATEGORY,{}
28467,8067,HAS_CATEGORY,{}
28467,8068,HAS_CATEGORY,{}
28467,8069,HAS_CATEGORY,{}
28468,34986,HAS_CATEGORY,{}
28468,34987,HAS_CATEGORY,{}
28468,34988,HAS_CATEGORY,{}
28468,34989,HAS_CATEGORY,{}
28468,34990,HAS_CATEGORY,{}
28468,34991,HAS_CATEGORY,{}
28468,34992,HAS_CATEGORY,{}
28468,34993,HAS_CATEGORY,{}
28468,34994,HAS_CATEGORY,{}
28469,378,HAS_CATEGORY,{}
28469,379,HAS_CATEGORY,{}
28469,380,HAS_CATEGORY,{}
28469,381,HAS_CATEGORY,{}
28469,382,HAS_CATEGORY,{}
28469,383,HAS_CATEGORY,{}
28470,34439,HAS_CATEGORY,{}
28470,34440,HAS_CATEGORY,{}
28470,34441,HAS_CATEGORY,{}
28470,34442,HAS_CATEGORY,{}
28470,34443,HAS_CATEGORY,{}
28470,34444,HAS_CATEGORY,{}
28470,34445,HAS_CATEGORY,{}
28470,34446,HAS_CATEGORY,{}
28470,34447,HAS_CATEGORY,{}
28471,24495,HAS_CATEGORY,{}
28471,24496,HAS_CATEGORY,{}
28471,24497,HAS_CATEGORY,{}
28471,24498,HAS_CATEGORY,{}
28471,24499,HAS_CATEGORY,{}
28471,24500,HAS_CATEGORY,{}
28471,24501,HAS_CATEGORY,{}
28471,24502,HAS_CATEGORY,{}
28471,24503,HAS_CATEGORY,{}
28472,36436,HAS_CATEGORY,{}
28472,36437,HAS_CATEGORY,{}
28472,36438,HAS_CATEGORY,{}
28472,36439,HAS_CATEGORY,{}
28472,36440,HAS_CATEGORY,{}
28472,36441,HAS_CATEGORY,{}
28472,36442,HAS_CATEGORY,{}
28472,36443,HAS_CATEGORY,{}
28472,36444,HAS_CATEGORY,{}
28473,36517,HAS_CATEGORY,{}
28473,36518,HAS_CATEGORY,{}
28473,36519,HAS_CATEGORY,{}
28473,36520,HAS_CATEGORY,{}
28473,36521,HAS_CATEGORY,{}
28473,36522,HAS_CATEGORY,{}
28473,36523,HAS_CATEGORY,{}
28473,36524,HAS_CATEGORY,{}
28473,36525,HAS_CATEGORY,{}
28474,24317,HAS_CATEGORY,{}
28474,24318,HAS_CATEGORY,{}
28474,24319,HAS_CATEGORY,{}
28474,36162,HAS_CATEGORY,{}
28474,36163,HAS_CATEGORY,{}
28474,36164,HAS_CATEGORY,{}
28474,36165,HAS_CATEGORY,{}
28474,36166,HAS_CATEGORY,{}
28474,36167,HAS_CATEGORY,{}
28475,36106,HAS_CATEGORY,{}
28475,36107,HAS_CATEGORY,{}
28475,36108,HAS_CATEGORY,{}
28475,36109,HAS_CATEGORY,{}
28475,36110,HAS_CATEGORY,{}
28475,36111,HAS_CATEGORY,{}
28475,36112,HAS_CATEGORY,{}
28475,36113,HAS_CATEGORY,{}
28475,36114,HAS_CATEGORY,{}
28476,8288,HAS_CATEGORY,{}
28476,8289,HAS_CATEGORY,{}
28476,8290,HAS_CATEGORY,{}
28476,8291,HAS_CATEGORY,{}
28476,8292,HAS_CATEGORY,{}
28476,8293,HAS_CATEGORY,{}
28476,8294,HAS_CATEGORY,{}
28476,8295,HAS_CATEGORY,{}
28476,8296,HAS_CATEGORY,{}
28477,35881,HAS_CATEGORY,{}
28477,35882,HAS_CATEGORY,{}
28477,35883,HAS_CATEGORY,{}
28477,35884,HAS_CATEGORY,{}
28477,35885,HAS_CATEGORY,{}
28477,35886,HAS_CATEGORY,{}
28477,35887,HAS_CATEGORY,{}
28477,35888,HAS_CATEGORY,{}
28477,35889,HAS_CATEGORY,{}
28478,8443,HAS_CATEGORY,{}
28478,8444,HAS_CATEGORY,{}
28478,8445,HAS_CATEGORY,{}
28478,8446,HAS_CATEGORY,{}
28478,8447,HAS_CATEGORY,{}
28478,24448,HAS_CATEGORY,{}
28478,24449,HAS_CATEGORY,{}
28478,24450,HAS_CATEGORY,{}
28478,24451,HAS_CATEGORY,{}
28479,24349,HAS_CATEGORY,{}
28479,24350,HAS_CATEGORY,{}
28479,24351,HAS_CATEGORY,{}
28479,24352,HAS_CATEGORY,{}
28479,24353,HAS_CATEGORY,{}
28479,24354,HAS_CATEGORY,{}
28479,24355,HAS_CATEGORY,{}
28479,24356,HAS_CATEGORY,{}
28479,24357,HAS_CATEGORY,{}
28480,35328,HAS_CATEGORY,{}
28480,35329,HAS_CATEGORY,{}
28480,35330,HAS_CATEGORY,{}
28480,35331,HAS_CATEGORY,{}
28480,35332,HAS_CATEGORY,{}
28480,35333,HAS_CATEGORY,{}
28480,35334,HAS_CATEGORY,{}
28480,35335,HAS_CATEGORY,{}
28480,35336,HAS_CATEGORY,{}
28481,36323,HAS_CATEGORY,{}
28481,36324,HAS_CATEGORY,{}
28481,36325,HAS_CATEGORY,{}
28481,36326,HAS_CATEGORY,{}
28481,36327,HAS_CATEGORY,{}
28481,36328,HAS_CATEGORY,{}
28481,36329,HAS_CATEGORY,{}
28481,36330,HAS_CATEGORY,{}
28481,36331,HAS_CATEGORY,{}
28482,8456,HAS_CATEGORY,{}
28482,8457,HAS_CATEGORY,{}
28482,8458,HAS_CATEGORY,{}
28482,8459,HAS_CATEGORY,{}
28482,8460,HAS_CATEGORY,{}
28482,8461,HAS_CATEGORY,{}
28482,8462,HAS_CATEGORY,{}
28482,8463,HAS_CATEGORY,{}
28482,8464,HAS_CATEGORY,{}
28483,35093,HAS_CATEGORY,{}
28483,35094,HAS_CATEGORY,{}
28483,35095,HAS_CATEGORY,{}
28483,35096,HAS_CATEGORY,{}
28483,35097,HAS_CATEGORY,{}
28483,35098,HAS_CATEGORY,{}
28483,35099,HAS_CATEGORY,{}
28483,35100,HAS_CATEGORY,{}
28483,35101,HAS_CATEGORY,{}
28484,35026,HAS_CATEGORY,{}
28484,35027,HAS_CATEGORY,{}
28484,35028,HAS_CATEGORY,{}
28484,35029,HAS_CATEGORY,{}
28484,35030,HAS_CATEGORY,{}
28484,35031,HAS_CATEGORY,{}
28484,35032,HAS_CATEGORY,{}
28484,35033,HAS_CATEGORY,{}
28484,35034,HAS_CATEGORY,{}
28485,8376,HAS_CATEGORY,{}
28485,8377,HAS_CATEGORY,{}
28485,8378,HAS_CATEGORY,{}
28485,8379,HAS_CATEGORY,{}
28485,8380,HAS_CATEGORY,{}
28485,8381,HAS_CATEGORY,{}
28486,8361,HAS_CATEGORY,{}
28486,8362,HAS_CATEGORY,{}
28486,8363,HAS_CATEGORY,{}
28486,8364,HAS_CATEGORY,{}
28486,8365,HAS_CATEGORY,{}
28486,8366,HAS_CATEGORY,{}
28486,8367,HAS_CATEGORY,{}
28486,8368,HAS_CATEGORY,{}
28486,8369,HAS_CATEGORY,{}
28487,8219,HAS_CATEGORY,{}
28487,8220,HAS_CATEGORY,{}
28487,8221,HAS_CATEGORY,{}
28487,8222,HAS_CATEGORY,{}
28487,8223,HAS_CATEGORY,{}
28487,8224,HAS_CATEGORY,{}
28487,8225,HAS_CATEGORY,{}
28487,8226,HAS_CATEGORY,{}
28487,8227,HAS_CATEGORY,{}
28488,8398,HAS_CATEGORY,{}
28488,8399,HAS_CATEGORY,{}
28488,8400,HAS_CATEGORY,{}
28488,8401,HAS_CATEGORY,{}
28488,8402,HAS_CATEGORY,{}
28488,8403,HAS_CATEGORY,{}
28488,8404,HAS_CATEGORY,{}
28488,8405,HAS_CATEGORY,{}
28488,8406,HAS_CATEGORY,{}
28489,36066,HAS_CATEGORY,{}
28489,36067,HAS_CATEGORY,{}
28489,36068,HAS_CATEGORY,{}
28489,36069,HAS_CATEGORY,{}
28489,36070,HAS_CATEGORY,{}
28489,36071,HAS_CATEGORY,{}
28489,36072,HAS_CATEGORY,{}
28489,36073,HAS_CATEGORY,{}
28489,36074,HAS_CATEGORY,{}
28490,434,HAS_CATEGORY,{}
28490,435,HAS_CATEGORY,{}
28490,436,HAS_CATEGORY,{}
28490,437,HAS_CATEGORY,{}
28490,438,HAS_CATEGORY,{}
28490,439,HAS_CATEGORY,{}
28491,35130,HAS_CATEGORY,{}
28491,35131,HAS_CATEGORY,{}
28491,35132,HAS_CATEGORY,{}
28491,35133,HAS_CATEGORY,{}
28491,35134,HAS_CATEGORY,{}
28491,35135,HAS_CATEGORY,{}
28491,35136,HAS_CATEGORY,{}
28491,35137,HAS_CATEGORY,{}
28491,35138,HAS_CATEGORY,{}
28492,8228,HAS_CATEGORY,{}
28492,8229,HAS_CATEGORY,{}
28492,8230,HAS_CATEGORY,{}
28492,8231,HAS_CATEGORY,{}
28492,8232,HAS_CATEGORY,{}
28492,8233,HAS_CATEGORY,{}
28492,8234,HAS_CATEGORY,{}
28492,8235,HAS_CATEGORY,{}
28492,8236,HAS_CATEGORY,{}
28493,35217,HAS_CATEGORY,{}
28493,35218,HAS_CATEGORY,{}
28493,35219,HAS_CATEGORY,{}
28493,35220,HAS_CATEGORY,{}
28493,35221,HAS_CATEGORY,{}
28493,35222,HAS_CATEGORY,{}
28493,35223,HAS_CATEGORY,{}
28493,35224,HAS_CATEGORY,{}
28493,35225,HAS_CATEGORY,{}
28494,35102,HAS_CATEGORY,{}
28494,35103,HAS_CATEGORY,{}
28494,35104,HAS_CATEGORY,{}
28494,35105,HAS_CATEGORY,{}
28494,35106,HAS_CATEGORY,{}
28494,35107,HAS_CATEGORY,{}
28494,35108,HAS_CATEGORY,{}
28494,35109,HAS_CATEGORY,{}
28494,35110,HAS_CATEGORY,{}
28495,34402,HAS_CATEGORY,{}
28495,34403,HAS_CATEGORY,{}
28495,34404,HAS_CATEGORY,{}
28495,34405,HAS_CATEGORY,{}
28496,152,HAS_CATEGORY,{}
28496,153,HAS_CATEGORY,{}
28496,154,HAS_CATEGORY,{}
28496,155,HAS_CATEGORY,{}
28497,35139,HAS_CATEGORY,{}
28497,35140,HAS_CATEGORY,{}
28497,35141,HAS_CATEGORY,{}
28497,35142,HAS_CATEGORY,{}
28498,35149,HAS_CATEGORY,{}
28498,35150,HAS_CATEGORY,{}
28498,35151,HAS_CATEGORY,{}
28498,35152,HAS_CATEGORY,{}
28498,35153,HAS_CATEGORY,{}
28498,35154,HAS_CATEGORY,{}
28499,36479,HAS_CATEGORY,{}
28499,36480,HAS_CATEGORY,{}
28499,36481,HAS_CATEGORY,{}
28499,36482,HAS_CATEGORY,{}
28500,35406,HAS_CATEGORY,{}
28500,35407,HAS_CATEGORY,{}
28500,35408,HAS_CATEGORY,{}
28500,35409,HAS_CATEGORY,{}
28500,35410,HAS_CATEGORY,{}
28500,35411,HAS_CATEGORY,{}
28500,35412,HAS_CATEGORY,{}
28500,35413,HAS_CATEGORY,{}
28500,35414,HAS_CATEGORY,{}
28501,35017,HAS_CATEGORY,{}
28501,35018,HAS_CATEGORY,{}
28501,35019,HAS_CATEGORY,{}
28501,35020,HAS_CATEGORY,{}
28501,35021,HAS_CATEGORY,{}
28501,35022,HAS_CATEGORY,{}
28501,35023,HAS_CATEGORY,{}
28501,35024,HAS_CATEGORY,{}
28501,35025,HAS_CATEGORY,{}
28502,223,HAS_CATEGORY,{}
28502,224,HAS_CATEGORY,{}
28502,225,HAS_CATEGORY,{}
28502,226,HAS_CATEGORY,{}
28502,227,HAS_CATEGORY,{}
28502,228,HAS_CATEGORY,{}
28502,229,HAS_CATEGORY,{}
28502,230,HAS_CATEGORY,{}
28502,231,HAS_CATEGORY,{}
28503,343,HAS_CATEGORY,{}
28503,344,HAS_CATEGORY,{}
28503,345,HAS_CATEGORY,{}
28503,346,HAS_CATEGORY,{}
28503,347,HAS_CATEGORY,{}
28503,348,HAS_CATEGORY,{}
28503,349,HAS_CATEGORY,{}
28503,350,HAS_CATEGORY,{}
28503,351,HAS_CATEGORY,{}
28504,35004,HAS_CATEGORY,{}
28504,35005,HAS_CATEGORY,{}
28504,35006,HAS_CATEGORY,{}
28504,35007,HAS_CATEGORY,{}
28504,35008,HAS_CATEGORY,{}
28504,35009,HAS_CATEGORY,{}
28504,35010,HAS_CATEGORY,{}
28504,35011,HAS_CATEGORY,{}
28504,35012,HAS_CATEGORY,{}
28505,8246,HAS_CATEGORY,{}
28505,8247,HAS_CATEGORY,{}
28505,8248,HAS_CATEGORY,{}
28505,8249,HAS_CATEGORY,{}
28505,8250,HAS_CATEGORY,{}
28505,8251,HAS_CATEGORY,{}
28505,8252,HAS_CATEGORY,{}
28505,8253,HAS_CATEGORY,{}
28505,8254,HAS_CATEGORY,{}
28506,24358,HAS_CATEGORY,{}
28506,24359,HAS_CATEGORY,{}
28506,24360,HAS_CATEGORY,{}
28506,24361,HAS_CATEGORY,{}
28506,24362,HAS_CATEGORY,{}
28506,24363,HAS_CATEGORY,{}
28507,24539,HAS_CATEGORY,{}
28507,24540,HAS_CATEGORY,{}
28507,24541,HAS_CATEGORY,{}
28507,24542,HAS_CATEGORY,{}
28507,24543,HAS_CATEGORY,{}
28507,24544,HAS_CATEGORY,{}
28507,24545,HAS_CATEGORY,{}
28508,34786,HAS_CATEGORY,{}
28508,34787,HAS_CATEGORY,{}
28508,34788,HAS_CATEGORY,{}
28508,34789,HAS_CATEGORY,{}
28509,35260,HAS_CATEGORY,{}
28509,35261,HAS_CATEGORY,{}
28509,35262,HAS_CATEGORY,{}
28509,35263,HAS_CATEGORY,{}
28509,35264,HAS_CATEGORY,{}
28509,35265,HAS_CATEGORY,{}
28510,8370,HAS_CATEGORY,{}
28510,8371,HAS_CATEGORY,{}
28510,8372,HAS_CATEGORY,{}
28510,8373,HAS_CATEGORY,{}
28510,8374,HAS_CATEGORY,{}
28510,8375,HAS_CATEGORY,{}
28511,329,HAS_CATEGORY,{}
28511,330,HAS_CATEGORY,{}
28511,331,HAS_CATEGORY,{}
28511,332,HAS_CATEGORY,{}
28511,333,HAS_CATEGORY,{}
28511,334,HAS_CATEGORY,{}
28512,35313,HAS_CATEGORY,{}
28512,35314,HAS_CATEGORY,{}
28512,35315,HAS_CATEGORY,{}
28512,35316,HAS_CATEGORY,{}
28512,35317,HAS_CATEGORY,{}
28512,35318,HAS_CATEGORY,{}
28513,35254,HAS_CATEGORY,{}
28513,35255,HAS_CATEGORY,{}
28513,35256,HAS_CATEGORY,{}
28513,35257,HAS_CATEGORY,{}
28513,35258,HAS_CATEGORY,{}
28513,35259,HAS_CATEGORY,{}
28514,366,HAS_CATEGORY,{}
28514,367,HAS_CATEGORY,{}
28514,368,HAS_CATEGORY,{}
28514,369,HAS_CATEGORY,{}
28514,370,HAS_CATEGORY,{}
28514,371,HAS_CATEGORY,{}
28515,35155,HAS_CATEGORY,{}
28515,35156,HAS_CATEGORY,{}
28515,35157,HAS_CATEGORY,{}
28515,35158,HAS_CATEGORY,{}
28515,35159,HAS_CATEGORY,{}
28515,35160,HAS_CATEGORY,{}
28516,8138,HAS_CATEGORY,{}
28516,8139,HAS_CATEGORY,{}
28516,8140,HAS_CATEGORY,{}
28516,8141,HAS_CATEGORY,{}
28516,8142,HAS_CATEGORY,{}
28516,8143,HAS_CATEGORY,{}
28517,35481,HAS_CATEGORY,{}
28517,35482,HAS_CATEGORY,{}
28517,35483,HAS_CATEGORY,{}
28517,35484,HAS_CATEGORY,{}
28517,35485,HAS_CATEGORY,{}
28517,35486,HAS_CATEGORY,{}
28518,24396,HAS_CATEGORY,{}
28518,24397,HAS_CATEGORY,{}
28518,24398,HAS_CATEGORY,{}
28518,24399,HAS_CATEGORY,{}
28519,34331,HAS_CATEGORY,{}
28519,34332,HAS_CATEGORY,{}
28519,34333,HAS_CATEGORY,{}
28519,34334,HAS_CATEGORY,{}
28519,34335,HAS_CATEGORY,{}
28519,34336,HAS_CATEGORY,{}
28520,335,HAS_CATEGORY,{}
28520,336,HAS_CATEGORY,{}
28520,337,HAS_CATEGORY,{}
28520,338,HAS_CATEGORY,{}
28521,35359,HAS_CATEGORY,{}
28521,35360,HAS_CATEGORY,{}
28521,35361,HAS_CATEGORY,{}
28521,35362,HAS_CATEGORY,{}
28521,35363,HAS_CATEGORY,{}
28521,35364,HAS_CATEGORY,{}
28522,34393,HAS_CATEGORY,{}
28522,34394,HAS_CATEGORY,{}
28522,34395,HAS_CATEGORY,{}
28522,34396,HAS_CATEGORY,{}
28522,34397,HAS_CATEGORY,{}
28522,34398,HAS_CATEGORY,{}
28522,34399,HAS_CATEGORY,{}
28522,34400,HAS_CATEGORY,{}
28522,34401,HAS_CATEGORY,{}
28523,24535,HAS_CATEGORY,{}
28523,24536,HAS_CATEGORY,{}
28523,24537,HAS_CATEGORY,{}
28523,24538,HAS_CATEGORY,{}
28524,35548,HAS_CATEGORY,{}
28524,35549,HAS_CATEGORY,{}
28524,35550,HAS_CATEGORY,{}
28524,35551,HAS_CATEGORY,{}
28524,35552,HAS_CATEGORY,{}
28524,35553,HAS_CATEGORY,{}
28525,8465,HAS_CATEGORY,{}
28525,8466,HAS_CATEGORY,{}
28525,8467,HAS_CATEGORY,{}
28525,8468,HAS_CATEGORY,{}
28525,8469,HAS_CATEGORY,{}
28525,8470,HAS_CATEGORY,{}
28526,307,HAS_CATEGORY,{}
28526,308,HAS_CATEGORY,{}
28526,309,HAS_CATEGORY,{}
28526,310,HAS_CATEGORY,{}
28527,35965,HAS_CATEGORY,{}
28527,35966,HAS_CATEGORY,{}
28527,35967,HAS_CATEGORY,{}
28527,35968,HAS_CATEGORY,{}
28528,35208,HAS_CATEGORY,{}
28528,35209,HAS_CATEGORY,{}
28528,35210,HAS_CATEGORY,{}
28528,35211,HAS_CATEGORY,{}
28528,35212,HAS_CATEGORY,{}
28528,35213,HAS_CATEGORY,{}
28528,35214,HAS_CATEGORY,{}
28528,35215,HAS_CATEGORY,{}
28528,35216,HAS_CATEGORY,{}
28529,24330,HAS_CATEGORY,{}
28529,24331,HAS_CATEGORY,{}
28529,24332,HAS_CATEGORY,{}
28529,24333,HAS_CATEGORY,{}
28529,24334,HAS_CATEGORY,{}
28529,24335,HAS_CATEGORY,{}
28530,79,HAS_CATEGORY,{}
28530,80,HAS_CATEGORY,{}
28530,81,HAS_CATEGORY,{}
28530,82,HAS_CATEGORY,{}
28530,83,HAS_CATEGORY,{}
28530,84,HAS_CATEGORY,{}
28531,35614,HAS_CATEGORY,{}
28531,35615,HAS_CATEGORY,{}
28531,35616,HAS_CATEGORY,{}
28531,35617,HAS_CATEGORY,{}
28531,35618,HAS_CATEGORY,{}
28531,35619,HAS_CATEGORY,{}
28532,36306,HAS_CATEGORY,{}
28532,36307,HAS_CATEGORY,{}
28532,36308,HAS_CATEGORY,{}
28532,36309,HAS_CATEGORY,{}
28533,8347,HAS_CATEGORY,{}
28533,8348,HAS_CATEGORY,{}
28533,8349,HAS_CATEGORY,{}
28533,8350,HAS_CATEGORY,{}
28534,205,HAS_CATEGORY,{}
28534,206,HAS_CATEGORY,{}
28534,207,HAS_CATEGORY,{}
28534,208,HAS_CATEGORY,{}
28534,209,HAS_CATEGORY,{}
28534,210,HAS_CATEGORY,{}
28534,211,HAS_CATEGORY,{}
28534,212,HAS_CATEGORY,{}
28534,213,HAS_CATEGORY,{}
28535,35319,HAS_CATEGORY,{}
28535,35320,HAS_CATEGORY,{}
28535,35321,HAS_CATEGORY,{}
28535,35322,HAS_CATEGORY,{}
28535,35323,HAS_CATEGORY,{}
28535,35324,HAS_CATEGORY,{}
28535,35325,HAS_CATEGORY,{}
28535,35326,HAS_CATEGORY,{}
28535,35327,HAS_CATEGORY,{}
28536,37,HAS_CATEGORY,{}
28536,36154,HAS_CATEGORY,{}
28536,36155,HAS_CATEGORY,{}
28536,36156,HAS_CATEGORY,{}
28536,36157,HAS_CATEGORY,{}
28536,36158,HAS_CATEGORY,{}
28536,36159,HAS_CATEGORY,{}
28536,36160,HAS_CATEGORY,{}
28536,36161,HAS_CATEGORY,{}
28537,35990,HAS_CATEGORY,{}
28537,35991,HAS_CATEGORY,{}
28537,35992,HAS_CATEGORY,{}
28537,35993,HAS_CATEGORY,{}
28537,35994,HAS_CATEGORY,{}
28537,35995,HAS_CATEGORY,{}
28538,35961,HAS_CATEGORY,{}
28538,35962,HAS_CATEGORY,{}
28538,35963,HAS_CATEGORY,{}
28538,35964,HAS_CATEGORY,{}
28539,8192,HAS_CATEGORY,{}
28539,8193,HAS_CATEGORY,{}
28539,8194,HAS_CATEGORY,{}
28539,8195,HAS_CATEGORY,{}
28540,36051,HAS_CATEGORY,{}
28540,36052,HAS_CATEGORY,{}
28540,36053,HAS_CATEGORY,{}
28540,36054,HAS_CATEGORY,{}
28540,36055,HAS_CATEGORY,{}
28540,36056,HAS_CATEGORY,{}
28540,36057,HAS_CATEGORY,{}
28540,36058,HAS_CATEGORY,{}
28540,36059,HAS_CATEGORY,{}
28541,442,HAS_CATEGORY,{}
28541,443,HAS_CATEGORY,{}
28541,444,HAS_CATEGORY,{}
28541,445,HAS_CATEGORY,{}
28541,446,HAS_CATEGORY,{}
28541,447,HAS_CATEGORY,{}
28541,448,HAS_CATEGORY,{}
28541,449,HAS_CATEGORY,{}
28541,450,HAS_CATEGORY,{}
28542,35755,HAS_CATEGORY,{}
28542,35756,HAS_CATEGORY,{}
28542,35757,HAS_CATEGORY,{}
28542,35758,HAS_CATEGORY,{}
28542,35759,HAS_CATEGORY,{}
28542,35760,HAS_CATEGORY,{}
28542,35761,HAS_CATEGORY,{}
28542,35762,HAS_CATEGORY,{}
28542,35763,HAS_CATEGORY,{}
28543,548,HAS_CATEGORY,{}
28543,8448,HAS_CATEGORY,{}
28543,8449,HAS_CATEGORY,{}
28543,8450,HAS_CATEGORY,{}
28543,8451,HAS_CATEGORY,{}
28543,8452,HAS_CATEGORY,{}
28543,8453,HAS_CATEGORY,{}
28543,8454,HAS_CATEGORY,{}
28543,8455,HAS_CATEGORY,{}
28544,24378,HAS_CATEGORY,{}
28544,24379,HAS_CATEGORY,{}
28544,24380,HAS_CATEGORY,{}
28544,24381,HAS_CATEGORY,{}
28544,24382,HAS_CATEGORY,{}
28544,24383,HAS_CATEGORY,{}
28544,24384,HAS_CATEGORY,{}
28544,24385,HAS_CATEGORY,{}
28544,24386,HAS_CATEGORY,{}
28545,320,HAS_CATEGORY,{}
28545,321,HAS_CATEGORY,{}
28545,322,HAS_CATEGORY,{}
28545,323,HAS_CATEGORY,{}
28545,324,HAS_CATEGORY,{}
28545,325,HAS_CATEGORY,{}
28545,326,HAS_CATEGORY,{}
28545,327,HAS_CATEGORY,{}
28545,328,HAS_CATEGORY,{}
28546,35814,HAS_CATEGORY,{}
28546,35815,HAS_CATEGORY,{}
28546,35816,HAS_CATEGORY,{}
28546,35817,HAS_CATEGORY,{}
28546,35818,HAS_CATEGORY,{}
28546,35819,HAS_CATEGORY,{}
28547,35705,HAS_CATEGORY,{}
28547,35706,HAS_CATEGORY,{}
28547,35707,HAS_CATEGORY,{}
28547,35708,HAS_CATEGORY,{}
28547,35709,HAS_CATEGORY,{}
28547,35710,HAS_CATEGORY,{}
28547,35711,HAS_CATEGORY,{}
28547,35712,HAS_CATEGORY,{}
28547,35713,HAS_CATEGORY,{}
28548,34375,HAS_CATEGORY,{}
28548,34376,HAS_CATEGORY,{}
28548,34377,HAS_CATEGORY,{}
28548,34378,HAS_CATEGORY,{}
28548,34379,HAS_CATEGORY,{}
28548,34380,HAS_CATEGORY,{}
28548,34381,HAS_CATEGORY,{}
28548,34382,HAS_CATEGORY,{}
28548,34383,HAS_CATEGORY,{}
28549,36168,HAS_CATEGORY,{}
28549,36169,HAS_CATEGORY,{}
28549,36170,HAS_CATEGORY,{}
28549,36171,HAS_CATEGORY,{}
28549,36172,HAS_CATEGORY,{}
28549,36173,HAS_CATEGORY,{}
28549,36174,HAS_CATEGORY,{}
28549,36175,HAS_CATEGORY,{}
28549,36176,HAS_CATEGORY,{}
28550,34661,HAS_CATEGORY,{}
28550,34662,HAS_CATEGORY,{}
28550,34663,HAS_CATEGORY,{}
28550,34664,HAS_CATEGORY,{}
28550,34665,HAS_CATEGORY,{}
28550,34666,HAS_CATEGORY,{}
28550,34667,HAS_CATEGORY,{}
28550,34668,HAS_CATEGORY,{}
28550,34669,HAS_CATEGORY,{}
28551,8279,HAS_CATEGORY,{}
28551,8280,HAS_CATEGORY,{}
28551,8281,HAS_CATEGORY,{}
28551,8282,HAS_CATEGORY,{}
28551,8283,HAS_CATEGORY,{}
28551,8284,HAS_CATEGORY,{}
28551,8285,HAS_CATEGORY,{}
28551,8286,HAS_CATEGORY,{}
28551,8287,HAS_CATEGORY,{}
28552,35443,HAS_CATEGORY,{}
28552,35444,HAS_CATEGORY,{}
28552,35445,HAS_CATEGORY,{}
28552,35446,HAS_CATEGORY,{}
28552,35447,HAS_CATEGORY,{}
28552,35448,HAS_CATEGORY,{}
28553,35984,HAS_CATEGORY,{}
28553,35985,HAS_CATEGORY,{}
28553,35986,HAS_CATEGORY,{}
28553,35987,HAS_CATEGORY,{}
28553,35988,HAS_CATEGORY,{}
28553,35989,HAS_CATEGORY,{}
28554,34726,HAS_CATEGORY,{}
28554,34727,HAS_CATEGORY,{}
28554,34728,HAS_CATEGORY,{}
28554,34729,HAS_CATEGORY,{}
28554,34730,HAS_CATEGORY,{}
28554,34731,HAS_CATEGORY,{}
28554,34732,HAS_CATEGORY,{}
28554,34733,HAS_CATEGORY,{}
28554,34734,HAS_CATEGORY,{}
28554,34735,HAS_CATEGORY,{}
28554,34736,HAS_CATEGORY,{}
28554,34737,HAS_CATEGORY,{}
28554,34738,HAS_CATEGORY,{}
28554,34739,HAS_CATEGORY,{}
28554,34740,HAS_CATEGORY,{}
28554,34741,HAS_CATEGORY,{}
28554,34742,HAS_CATEGORY,{}
28554,34743,HAS_CATEGORY,{}
28554,34744,HAS_CATEGORY,{}
28554,34745,HAS_CATEGORY,{}
28554,34746,HAS_CATEGORY,{}
28554,34747,HAS_CATEGORY,{}
28554,34748,HAS_CATEGORY,{}
28554,34749,HAS_CATEGORY,{}
28555,34670,HAS_CATEGORY,{}
28555,34671,HAS_CATEGORY,{}
28555,34672,HAS_CATEGORY,{}
28555,34673,HAS_CATEGORY,{}
28556,35764,HAS_CATEGORY,{}
28556,35765,HAS_CATEGORY,{}
28556,35766,HAS_CATEGORY,{}
28556,35767,HAS_CATEGORY,{}
28556,35768,HAS_CATEGORY,{}
28556,35769,HAS_CATEGORY,{}
28557,36367,HAS_CATEGORY,{}
28557,36368,HAS_CATEGORY,{}
28557,36369,HAS_CATEGORY,{}
28557,36370,HAS_CATEGORY,{}
28558,35731,HAS_CATEGORY,{}
28558,35732,HAS_CATEGORY,{}
28558,35733,HAS_CATEGORY,{}
28558,35734,HAS_CATEGORY,{}
28558,35735,HAS_CATEGORY,{}
28558,35736,HAS_CATEGORY,{}
28558,35737,HAS_CATEGORY,{}
28558,35738,HAS_CATEGORY,{}
28558,35739,HAS_CATEGORY,{}
28559,270,HAS_CATEGORY,{}
28559,271,HAS_CATEGORY,{}
28559,272,HAS_CATEGORY,{}
28559,273,HAS_CATEGORY,{}
28560,475,HAS_CATEGORY,{}
28560,476,HAS_CATEGORY,{}
28560,477,HAS_CATEGORY,{}
28560,478,HAS_CATEGORY,{}
28561,177,HAS_CATEGORY,{}
28561,178,HAS_CATEGORY,{}
28561,179,HAS_CATEGORY,{}
28561,180,HAS_CATEGORY,{}
28561,181,HAS_CATEGORY,{}
28561,182,HAS_CATEGORY,{}
28562,372,HAS_CATEGORY,{}
28562,373,HAS_CATEGORY,{}
28562,374,HAS_CATEGORY,{}
28562,375,HAS_CATEGORY,{}
28562,376,HAS_CATEGORY,{}
28562,377,HAS_CATEGORY,{}
28563,34384,HAS_CATEGORY,{}
28563,34385,HAS_CATEGORY,{}
28563,34386,HAS_CATEGORY,{}
28563,34387,HAS_CATEGORY,{}
28563,34388,HAS_CATEGORY,{}
28563,34389,HAS_CATEGORY,{}
28563,34390,HAS_CATEGORY,{}
28563,34391,HAS_CATEGORY,{}
28563,34392,HAS_CATEGORY,{}
28564,35620,HAS_CATEGORY,{}
28564,35621,HAS_CATEGORY,{}
28564,35622,HAS_CATEGORY,{}
28564,35623,HAS_CATEGORY,{}
28564,35624,HAS_CATEGORY,{}
28564,35625,HAS_CATEGORY,{}
28564,35626,HAS_CATEGORY,{}
28564,35627,HAS_CATEGORY,{}
28564,35628,HAS_CATEGORY,{}
28565,35877,HAS_CATEGORY,{}
28565,35878,HAS_CATEGORY,{}
28565,35879,HAS_CATEGORY,{}
28565,35880,HAS_CATEGORY,{}
28566,36060,HAS_CATEGORY,{}
28566,36061,HAS_CATEGORY,{}
28566,36062,HAS_CATEGORY,{}
28566,36063,HAS_CATEGORY,{}
28566,36064,HAS_CATEGORY,{}
28566,36065,HAS_CATEGORY,{}
28567,35969,HAS_CATEGORY,{}
28567,35970,HAS_CATEGORY,{}
28567,35971,HAS_CATEGORY,{}
28567,35972,HAS_CATEGORY,{}
28567,35973,HAS_CATEGORY,{}
28567,35974,HAS_CATEGORY,{}
28568,36258,HAS_CATEGORY,{}
28568,36259,HAS_CATEGORY,{}
28568,36260,HAS_CATEGORY,{}
28568,36261,HAS_CATEGORY,{}
28568,36262,HAS_CATEGORY,{}
28568,36263,HAS_CATEGORY,{}
28568,36264,HAS_CATEGORY,{}
28568,36265,HAS_CATEGORY,{}
28568,36266,HAS_CATEGORY,{}
28569,34877,HAS_CATEGORY,{}
28569,34878,HAS_CATEGORY,{}
28569,34879,HAS_CATEGORY,{}
28569,34880,HAS_CATEGORY,{}
28570,466,HAS_CATEGORY,{}
28570,467,HAS_CATEGORY,{}
28570,468,HAS_CATEGORY,{}
28570,469,HAS_CATEGORY,{}
28570,470,HAS_CATEGORY,{}
28570,471,HAS_CATEGORY,{}
28570,472,HAS_CATEGORY,{}
28570,473,HAS_CATEGORY,{}
28570,474,HAS_CATEGORY,{}
28571,34494,HAS_CATEGORY,{}
28571,34495,HAS_CATEGORY,{}
28571,34496,HAS_CATEGORY,{}
28571,34497,HAS_CATEGORY,{}
28571,34498,HAS_CATEGORY,{}
28571,34499,HAS_CATEGORY,{}
28571,34500,HAS_CATEGORY,{}
28571,34501,HAS_CATEGORY,{}
28571,34502,HAS_CATEGORY,{}
28572,24272,HAS_CATEGORY,{}
28572,24273,HAS_CATEGORY,{}
28572,24274,HAS_CATEGORY,{}
28572,24275,HAS_CATEGORY,{}
28572,24276,HAS_CATEGORY,{}
28572,24277,HAS_CATEGORY,{}
28572,24278,HAS_CATEGORY,{}
28572,24279,HAS_CATEGORY,{}
28572,24280,HAS_CATEGORY,{}
28573,35165,HAS_CATEGORY,{}
28573,35166,HAS_CATEGORY,{}
28576,36371,HAS_CATEGORY,{}
28576,36372,HAS_CATEGORY,{}
28576,36373,HAS_CATEGORY,{}
28576,36374,HAS_CATEGORY,{}
28580,24326,HAS_CATEGORY,{}
28580,24327,HAS_CATEGORY,{}
28580,24328,HAS_CATEGORY,{}
28580,24329,HAS_CATEGORY,{}
28588,35013,HAS_CATEGORY,{}
28588,35014,HAS_CATEGORY,{}
28588,35015,HAS_CATEGORY,{}
28588,35016,HAS_CATEGORY,{}
28589,35699,HAS_CATEGORY,{}
28589,35700,HAS_CATEGORY,{}
28589,35701,HAS_CATEGORY,{}
28589,35702,HAS_CATEGORY,{}
28589,35703,HAS_CATEGORY,{}
28589,35704,HAS_CATEGORY,{}
28590,34567,HAS_CATEGORY,{}
28590,34568,HAS_CATEGORY,{}
28590,34569,HAS_CATEGORY,{}
28590,34570,HAS_CATEGORY,{}
28590,34571,HAS_CATEGORY,{}
28590,34572,HAS_CATEGORY,{}
28591,457,HAS_CATEGORY,{}
28591,458,HAS_CATEGORY,{}
28591,459,HAS_CATEGORY,{}
28591,460,HAS_CATEGORY,{}
28591,461,HAS_CATEGORY,{}
28591,462,HAS_CATEGORY,{}
28591,463,HAS_CATEGORY,{}
28591,464,HAS_CATEGORY,{}
28591,465,HAS_CATEGORY,{}
28592,35250,HAS_CATEGORY,{}
28592,35251,HAS_CATEGORY,{}
28592,35252,HAS_CATEGORY,{}
28592,35253,HAS_CATEGORY,{}
28593,35235,HAS_CATEGORY,{}
28593,35236,HAS_CATEGORY,{}
28593,35237,HAS_CATEGORY,{}
28593,35238,HAS_CATEGORY,{}
28593,35239,HAS_CATEGORY,{}
28593,35240,HAS_CATEGORY,{}
28594,36412,HAS_CATEGORY,{}
28594,36413,HAS_CATEGORY,{}
28595,34321,HAS_CATEGORY,{}
28595,34322,HAS_CATEGORY,{}
28595,34323,HAS_CATEGORY,{}
28595,34324,HAS_CATEGORY,{}
28595,34325,HAS_CATEGORY,{}
28595,34326,HAS_CATEGORY,{}
28596,51,HAS_CATEGORY,{}
28596,52,HAS_CATEGORY,{}
28596,53,HAS_CATEGORY,{}
28596,54,HAS_CATEGORY,{}
28596,55,HAS_CATEGORY,{}
28596,56,HAS_CATEGORY,{}
28596,57,HAS_CATEGORY,{}
28597,34843,HAS_CATEGORY,{}
28597,34844,HAS_CATEGORY,{}
28597,34845,HAS_CATEGORY,{}
28597,34846,HAS_CATEGORY,{}
28597,34847,HAS_CATEGORY,{}
28597,34848,HAS_CATEGORY,{}
28597,34849,HAS_CATEGORY,{}
28598,8387,HAS_CATEGORY,{}
28598,8388,HAS_CATEGORY,{}
28598,8389,HAS_CATEGORY,{}
28598,8390,HAS_CATEGORY,{}
28598,8391,HAS_CATEGORY,{}
28598,8392,HAS_CATEGORY,{}
28598,8393,HAS_CATEGORY,{}
28599,34600,HAS_CATEGORY,{}
28599,34601,HAS_CATEGORY,{}
28599,34602,HAS_CATEGORY,{}
28599,34603,HAS_CATEGORY,{}
28599,34604,HAS_CATEGORY,{}
28599,34605,HAS_CATEGORY,{}
28599,34606,HAS_CATEGORY,{}
28600,36230,HAS_CATEGORY,{}
28600,36231,HAS_CATEGORY,{}
28600,36232,HAS_CATEGORY,{}
28600,36233,HAS_CATEGORY,{}
28600,36234,HAS_CATEGORY,{}
28600,36235,HAS_CATEGORY,{}
28600,36236,HAS_CATEGORY,{}
28601,35173,HAS_CATEGORY,{}
28601,35174,HAS_CATEGORY,{}
28601,35175,HAS_CATEGORY,{}
28601,35176,HAS_CATEGORY,{}
28601,35177,HAS_CATEGORY,{}
28601,35178,HAS_CATEGORY,{}
28601,35179,HAS_CATEGORY,{}
28602,35278,HAS_CATEGORY,{}
28602,35279,HAS_CATEGORY,{}
28602,35280,HAS_CATEGORY,{}
28602,35281,HAS_CATEGORY,{}
28603,24400,HAS_CATEGORY,{}
28603,24401,HAS_CATEGORY,{}
28603,24402,HAS_CATEGORY,{}
28603,24403,HAS_CATEGORY,{}
28603,24404,HAS_CATEGORY,{}
28603,24405,HAS_CATEGORY,{}
28603,24406,HAS_CATEGORY,{}
28605,34650,HAS_CATEGORY,{}
28605,34651,HAS_CATEGORY,{}
28606,35397,HAS_CATEGORY,{}
28606,35398,HAS_CATEGORY,{}
28606,35399,HAS_CATEGORY,{}
28607,24529,HAS_CATEGORY,{}
28607,24530,HAS_CATEGORY,{}
28608,8351,HAS_CATEGORY,{}
28608,8352,HAS_CATEGORY,{}
28609,34593,HAS_CATEGORY,{}
28609,34594,HAS_CATEGORY,{}
28609,34595,HAS_CATEGORY,{}
28609,34596,HAS_CATEGORY,{}
28609,34597,HAS_CATEGORY,{}
28609,34598,HAS_CATEGORY,{}
28609,34599,HAS_CATEGORY,{}
28610,34719,HAS_CATEGORY,{}
28610,34720,HAS_CATEGORY,{}
28610,34721,HAS_CATEGORY,{}
28610,34722,HAS_CATEGORY,{}
28610,34723,HAS_CATEGORY,{}
28610,34724,HAS_CATEGORY,{}
28610,34725,HAS_CATEGORY,{}
28611,107,HAS_CATEGORY,{}
28611,108,HAS_CATEGORY,{}
28611,109,HAS_CATEGORY,{}
28611,110,HAS_CATEGORY,{}
28611,111,HAS_CATEGORY,{}
28611,112,HAS_CATEGORY,{}
28611,113,HAS_CATEGORY,{}
28613,35833,HAS_CATEGORY,{}
28613,35834,HAS_CATEGORY,{}
28613,35835,HAS_CATEGORY,{}
28613,35836,HAS_CATEGORY,{}
28613,35837,HAS_CATEGORY,{}
28613,35838,HAS_CATEGORY,{}
28613,35839,HAS_CATEGORY,{}
28614,35419,HAS_CATEGORY,{}
28614,35420,HAS_CATEGORY,{}
28614,35421,HAS_CATEGORY,{}
28614,35422,HAS_CATEGORY,{}
28614,35423,HAS_CATEGORY,{}
28614,35424,HAS_CATEGORY,{}
28614,35425,HAS_CATEGORY,{}
28615,35904,HAS_CATEGORY,{}
28615,35905,HAS_CATEGORY,{}
28615,35906,HAS_CATEGORY,{}
28615,35907,HAS_CATEGORY,{}
28615,35908,HAS_CATEGORY,{}
28615,35909,HAS_CATEGORY,{}
28615,35910,HAS_CATEGORY,{}
28616,34337,HAS_CATEGORY,{}
28616,34338,HAS_CATEGORY,{}
28616,34339,HAS_CATEGORY,{}
28616,34340,HAS_CATEGORY,{}
28616,34341,HAS_CATEGORY,{}
28616,34342,HAS_CATEGORY,{}
28616,34343,HAS_CATEGORY,{}
28617,34586,HAS_CATEGORY,{}
28617,34587,HAS_CATEGORY,{}
28617,34588,HAS_CATEGORY,{}
28617,34589,HAS_CATEGORY,{}
28617,34590,HAS_CATEGORY,{}
28617,34591,HAS_CATEGORY,{}
28617,34592,HAS_CATEGORY,{}
28618,34839,HAS_CATEGORY,{}
28618,34840,HAS_CATEGORY,{}
28618,34841,HAS_CATEGORY,{}
28618,34842,HAS_CATEGORY,{}
28619,408,HAS_CATEGORY,{}
28619,409,HAS_CATEGORY,{}
28620,35449,HAS_CATEGORY,{}
28620,35450,HAS_CATEGORY,{}
28620,35451,HAS_CATEGORY,{}
28620,35452,HAS_CATEGORY,{}
28621,35169,HAS_CATEGORY,{}
28621,35170,HAS_CATEGORY,{}
28621,35171,HAS_CATEGORY,{}
28621,35172,HAS_CATEGORY,{}
28622,35426,HAS_CATEGORY,{}
28622,35427,HAS_CATEGORY,{}
28622,35428,HAS_CATEGORY,{}
28622,35429,HAS_CATEGORY,{}
28636,8359,HAS_CATEGORY,{}
28636,8360,HAS_CATEGORY,{}
28637,35180,HAS_CATEGORY,{}
28637,35181,HAS_CATEGORY,{}
28637,35182,HAS_CATEGORY,{}
28637,35183,HAS_CATEGORY,{}
28637,35184,HAS_CATEGORY,{}
28637,35185,HAS_CATEGORY,{}
28637,35186,HAS_CATEGORY,{}
28637,35187,HAS_CATEGORY,{}
28638,34630,HAS_CATEGORY,{}
28638,34631,HAS_CATEGORY,{}
28638,34632,HAS_CATEGORY,{}
28638,34633,HAS_CATEGORY,{}
28638,34634,HAS_CATEGORY,{}
28638,34635,HAS_CATEGORY,{}
28638,34636,HAS_CATEGORY,{}
28638,34637,HAS_CATEGORY,{}
28639,8271,HAS_CATEGORY,{}
28639,8272,HAS_CATEGORY,{}
28639,8273,HAS_CATEGORY,{}
28639,8274,HAS_CATEGORY,{}
28639,8275,HAS_CATEGORY,{}
28639,8276,HAS_CATEGORY,{}
28639,8277,HAS_CATEGORY,{}
28639,8278,HAS_CATEGORY,{}
28640,299,HAS_CATEGORY,{}
28640,300,HAS_CATEGORY,{}
28640,301,HAS_CATEGORY,{}
28640,302,HAS_CATEGORY,{}
28640,303,HAS_CATEGORY,{}
28640,304,HAS_CATEGORY,{}
28640,305,HAS_CATEGORY,{}
28640,306,HAS_CATEGORY,{}
28641,36505,HAS_CATEGORY,{}
28641,36506,HAS_CATEGORY,{}
28641,36507,HAS_CATEGORY,{}
28641,36508,HAS_CATEGORY,{}
28641,36509,HAS_CATEGORY,{}
28641,36510,HAS_CATEGORY,{}
28641,36511,HAS_CATEGORY,{}
28641,36512,HAS_CATEGORY,{}
28642,132,HAS_CATEGORY,{}
28642,133,HAS_CATEGORY,{}
28642,134,HAS_CATEGORY,{}
28642,135,HAS_CATEGORY,{}
28642,136,HAS_CATEGORY,{}
28642,137,HAS_CATEGORY,{}
28642,138,HAS_CATEGORY,{}
28642,139,HAS_CATEGORY,{}
28643,8318,HAS_CATEGORY,{}
28643,8319,HAS_CATEGORY,{}
28643,24320,HAS_CATEGORY,{}
28643,24321,HAS_CATEGORY,{}
28643,24322,HAS_CATEGORY,{}
28643,24323,HAS_CATEGORY,{}
28643,24324,HAS_CATEGORY,{}
28643,24325,HAS_CATEGORY,{}
28644,36497,HAS_CATEGORY,{}
28644,36498,HAS_CATEGORY,{}
28644,36499,HAS_CATEGORY,{}
28644,36500,HAS_CATEGORY,{}
28644,36501,HAS_CATEGORY,{}
28644,36502,HAS_CATEGORY,{}
28644,36503,HAS_CATEGORY,{}
28644,36504,HAS_CATEGORY,{}
28673,24266,HAS_CATEGORY,{}
28673,24267,HAS_CATEGORY,{}
28673,24268,HAS_CATEGORY,{}
28673,24269,HAS_CATEGORY,{}
28680,35662,HAS_CATEGORY,{}
28680,35663,HAS_CATEGORY,{}
28680,35664,HAS_CATEGORY,{}
28680,35665,HAS_CATEGORY,{}
28680,35666,HAS_CATEGORY,{}
28691,524,HAS_CATEGORY,{}
28695,35453,HAS_CATEGORY,{}
28695,35454,HAS_CATEGORY,{}
28697,36276,HAS_CATEGORY,{}
28697,36277,HAS_CATEGORY,{}
28699,339,HAS_CATEGORY,{}
28699,340,HAS_CATEGORY,{}
28700,35564,HAS_CATEGORY,{}
28700,35565,HAS_CATEGORY,{}
28701,114,HAS_CATEGORY,{}
28701,115,HAS_CATEGORY,{}
28703,34582,HAS_CATEGORY,{}
28703,34583,HAS_CATEGORY,{}
28703,34584,HAS_CATEGORY,{}
28703,34585,HAS_CATEGORY,{}
28711,8152,HAS_CATEGORY,{}
28711,8153,HAS_CATEGORY,{}
28711,8154,HAS_CATEGORY,{}
28711,8155,HAS_CATEGORY,{}
28712,35647,HAS_CATEGORY,{}
28712,35648,HAS_CATEGORY,{}
28712,35649,HAS_CATEGORY,{}
28712,35650,HAS_CATEGORY,{}
28713,24467,HAS_CATEGORY,{}
28713,24468,HAS_CATEGORY,{}
28713,24469,HAS_CATEGORY,{}
28713,24470,HAS_CATEGORY,{}
28714,103,HAS_CATEGORY,{}
28714,104,HAS_CATEGORY,{}
28714,105,HAS_CATEGORY,{}
28714,106,HAS_CATEGORY,{}
28715,8148,HAS_CATEGORY,{}
28715,8149,HAS_CATEGORY,{}
28715,8150,HAS_CATEGORY,{}
28715,8151,HAS_CATEGORY,{}
28716,35911,HAS_CATEGORY,{}
28716,35912,HAS_CATEGORY,{}
28716,35913,HAS_CATEGORY,{}
28716,35914,HAS_CATEGORY,{}
28717,34460,HAS_CATEGORY,{}
28717,34461,HAS_CATEGORY,{}
28717,34462,HAS_CATEGORY,{}
28717,34463,HAS_CATEGORY,{}
28726,36319,HAS_CATEGORY,{}
28726,36320,HAS_CATEGORY,{}
28726,36321,HAS_CATEGORY,{}
28726,36322,HAS_CATEGORY,{}
28727,35081,HAS_CATEGORY,{}
28727,35082,HAS_CATEGORY,{}
28727,35083,HAS_CATEGORY,{}
28727,35084,HAS_CATEGORY,{}
28728,71,HAS_CATEGORY,{}
28728,72,HAS_CATEGORY,{}
28728,73,HAS_CATEGORY,{}
28728,74,HAS_CATEGORY,{}
28728,75,HAS_CATEGORY,{}
28728,76,HAS_CATEGORY,{}
28729,8188,HAS_CATEGORY,{}
28729,8189,HAS_CATEGORY,{}
28729,8190,HAS_CATEGORY,{}
28729,8191,HAS_CATEGORY,{}
28730,36280,HAS_CATEGORY,{}
28730,36281,HAS_CATEGORY,{}
28730,36282,HAS_CATEGORY,{}
28730,36283,HAS_CATEGORY,{}
28730,36284,HAS_CATEGORY,{}
28730,36285,HAS_CATEGORY,{}
28731,8182,HAS_CATEGORY,{}
28731,8183,HAS_CATEGORY,{}
28731,8184,HAS_CATEGORY,{}
28731,8185,HAS_CATEGORY,{}
28731,8186,HAS_CATEGORY,{}
28731,8187,HAS_CATEGORY,{}
28732,285,HAS_CATEGORY,{}
28732,286,HAS_CATEGORY,{}
28732,287,HAS_CATEGORY,{}
28732,288,HAS_CATEGORY,{}
28732,289,HAS_CATEGORY,{}
28732,290,HAS_CATEGORY,{}
28733,34352,HAS_CATEGORY,{}
28733,34353,HAS_CATEGORY,{}
28733,34354,HAS_CATEGORY,{}
28733,34355,HAS_CATEGORY,{}
28734,35718,HAS_CATEGORY,{}
28734,35719,HAS_CATEGORY,{}
28734,35720,HAS_CATEGORY,{}
28734,35721,HAS_CATEGORY,{}
28734,35722,HAS_CATEGORY,{}
28734,35723,HAS_CATEGORY,{}
28735,67,HAS_CATEGORY,{}
28735,68,HAS_CATEGORY,{}
28735,69,HAS_CATEGORY,{}
28735,70,HAS_CATEGORY,{}
28736,8322,HAS_CATEGORY,{}
28736,8323,HAS_CATEGORY,{}
28736,8324,HAS_CATEGORY,{}
28736,8325,HAS_CATEGORY,{}
28736,8326,HAS_CATEGORY,{}
28736,8327,HAS_CATEGORY,{}
28737,35714,HAS_CATEGORY,{}
28737,35715,HAS_CATEGORY,{}
28737,35716,HAS_CATEGORY,{}
28737,35717,HAS_CATEGORY,{}
28738,24260,HAS_CATEGORY,{}
28738,24261,HAS_CATEGORY,{}
28738,24262,HAS_CATEGORY,{}
28738,24263,HAS_CATEGORY,{}
28738,24264,HAS_CATEGORY,{}
28738,24265,HAS_CATEGORY,{}
28739,257,HAS_CATEGORY,{}
28739,258,HAS_CATEGORY,{}
28739,259,HAS_CATEGORY,{}
28739,260,HAS_CATEGORY,{}
28742,24428,HAS_CATEGORY,{}
28742,24429,HAS_CATEGORY,{}
28742,24430,HAS_CATEGORY,{}
28742,24431,HAS_CATEGORY,{}
28742,24432,HAS_CATEGORY,{}
28742,24433,HAS_CATEGORY,{}
28759,8177,HAS_CATEGORY,{}
28759,8178,HAS_CATEGORY,{}
28759,8179,HAS_CATEGORY,{}
28760,36407,HAS_CATEGORY,{}
28760,36408,HAS_CATEGORY,{}
28760,36409,HAS_CATEGORY,{}
28760,36410,HAS_CATEGORY,{}
28760,36411,HAS_CATEGORY,{}
28761,8382,HAS_CATEGORY,{}
28761,8383,HAS_CATEGORY,{}
28761,8384,HAS_CATEGORY,{}
28761,8385,HAS_CATEGORY,{}
28761,8386,HAS_CATEGORY,{}
28762,8180,HAS_CATEGORY,{}
28762,8181,HAS_CATEGORY,{}
28763,34456,HAS_CATEGORY,{}
28763,34457,HAS_CATEGORY,{}
28764,35276,HAS_CATEGORY,{}
28764,35277,HAS_CATEGORY,{}
28765,24248,HAS_CATEGORY,{}
28765,24249,HAS_CATEGORY,{}
28766,24420,HAS_CATEGORY,{}
28766,24421,HAS_CATEGORY,{}
28767,36310,HAS_CATEGORY,{}
28767,36311,HAS_CATEGORY,{}
28767,36312,HAS_CATEGORY,{}
28767,36313,HAS_CATEGORY,{}
28767,36314,HAS_CATEGORY,{}
28768,34474,HAS_CATEGORY,{}
28768,34475,HAS_CATEGORY,{}
28768,34476,HAS_CATEGORY,{}
28769,8214,HAS_CATEGORY,{}
28769,8215,HAS_CATEGORY,{}
28769,8216,HAS_CATEGORY,{}
28769,8217,HAS_CATEGORY,{}
28769,8218,HAS_CATEGORY,{}
28770,36346,HAS_CATEGORY,{}
28770,36347,HAS_CATEGORY,{}
28771,36004,HAS_CATEGORY,{}
28771,36005,HAS_CATEGORY,{}
28771,36006,HAS_CATEGORY,{}
28771,36007,HAS_CATEGORY,{}
28772,34579,HAS_CATEGORY,{}
28772,34580,HAS_CATEGORY,{}
28772,34581,HAS_CATEGORY,{}
28773,36215,HAS_CATEGORY,{}
28773,36216,HAS_CATEGORY,{}
28773,36217,HAS_CATEGORY,{}
28773,36218,HAS_CATEGORY,{}
28773,36219,HAS_CATEGORY,{}
28773,36220,HAS_CATEGORY,{}
28773,36221,HAS_CATEGORY,{}
28773,36222,HAS_CATEGORY,{}
28774,35079,HAS_CATEGORY,{}
28774,35080,HAS_CATEGORY,{}
28775,24434,HAS_CATEGORY,{}
28775,24435,HAS_CATEGORY,{}
28776,35829,HAS_CATEGORY,{}
28776,35830,HAS_CATEGORY,{}
28776,35831,HAS_CATEGORY,{}
28776,35832,HAS_CATEGORY,{}
28777,34949,HAS_CATEGORY,{}
28777,34950,HAS_CATEGORY,{}
28777,34951,HAS_CATEGORY,{}
28777,34952,HAS_CATEGORY,{}
28778,34477,HAS_CATEGORY,{}
28778,34478,HAS_CATEGORY,{}
28778,34479,HAS_CATEGORY,{}
28778,34480,HAS_CATEGORY,{}
28778,34481,HAS_CATEGORY,{}
28778,34482,HAS_CATEGORY,{}
28779,35854,HAS_CATEGORY,{}
28779,35855,HAS_CATEGORY,{}
28779,35856,HAS_CATEGORY,{}
28779,35857,HAS_CATEGORY,{}
28780,503,HAS_CATEGORY,{}
28780,504,HAS_CATEGORY,{}
28780,505,HAS_CATEGORY,{}
28780,506,HAS_CATEGORY,{}
28780,507,HAS_CATEGORY,{}
28780,508,HAS_CATEGORY,{}
28781,8328,HAS_CATEGORY,{}
28781,8329,HAS_CATEGORY,{}
28781,8330,HAS_CATEGORY,{}
28781,8331,HAS_CATEGORY,{}
28782,8421,HAS_CATEGORY,{}
28782,8422,HAS_CATEGORY,{}
28782,8423,HAS_CATEGORY,{}
28782,8424,HAS_CATEGORY,{}
28782,8425,HAS_CATEGORY,{}
28782,8426,HAS_CATEGORY,{}
28783,34850,HAS_CATEGORY,{}
28783,34851,HAS_CATEGORY,{}
28783,34852,HAS_CATEGORY,{}
28783,34853,HAS_CATEGORY,{}
28784,35931,HAS_CATEGORY,{}
28784,35932,HAS_CATEGORY,{}
28784,35933,HAS_CATEGORY,{}
28784,35934,HAS_CATEGORY,{}
28785,36384,HAS_CATEGORY,{}
28785,36385,HAS_CATEGORY,{}
28785,36386,HAS_CATEGORY,{}
28785,36387,HAS_CATEGORY,{}
28785,36388,HAS_CATEGORY,{}
28785,36389,HAS_CATEGORY,{}
28786,199,HAS_CATEGORY,{}
28786,200,HAS_CATEGORY,{}
28786,201,HAS_CATEGORY,{}
28786,202,HAS_CATEGORY,{}
28787,35925,HAS_CATEGORY,{}
28787,35926,HAS_CATEGORY,{}
28787,35927,HAS_CATEGORY,{}
28787,35928,HAS_CATEGORY,{}
28787,35929,HAS_CATEGORY,{}
28787,35930,HAS_CATEGORY,{}
28788,24569,HAS_CATEGORY,{}
28788,24570,HAS_CATEGORY,{}
28788,24571,HAS_CATEGORY,{}
28788,24572,HAS_CATEGORY,{}
28789,34953,HAS_CATEGORY,{}
28789,34954,HAS_CATEGORY,{}
28789,34955,HAS_CATEGORY,{}
28789,34956,HAS_CATEGORY,{}
28789,34957,HAS_CATEGORY,{}
28789,34958,HAS_CATEGORY,{}
28790,421,HAS_CATEGORY,{}
28790,422,HAS_CATEGORY,{}
28790,36544,HAS_CATEGORY,{}
28790,36545,HAS_CATEGORY,{}
28791,126,HAS_CATEGORY,{}
28791,127,HAS_CATEGORY,{}
28791,128,HAS_CATEGORY,{}
28791,129,HAS_CATEGORY,{}
28791,130,HAS_CATEGORY,{}
28791,131,HAS_CATEGORY,{}
28792,281,HAS_CATEGORY,{}
28792,282,HAS_CATEGORY,{}
28792,283,HAS_CATEGORY,{}
28792,284,HAS_CATEGORY,{}
28793,24250,HAS_CATEGORY,{}
28793,24251,HAS_CATEGORY,{}
28793,24252,HAS_CATEGORY,{}
28793,24253,HAS_CATEGORY,{}
28793,24254,HAS_CATEGORY,{}
28793,24255,HAS_CATEGORY,{}
28794,35435,HAS_CATEGORY,{}
28794,35436,HAS_CATEGORY,{}
28794,35437,HAS_CATEGORY,{}
28794,35438,HAS_CATEGORY,{}
28795,8084,HAS_CATEGORY,{}
28795,8085,HAS_CATEGORY,{}
28795,8086,HAS_CATEGORY,{}
28795,8087,HAS_CATEGORY,{}
28795,8088,HAS_CATEGORY,{}
28795,8089,HAS_CATEGORY,{}
28796,24256,HAS_CATEGORY,{}
28796,24257,HAS_CATEGORY,{}
28796,24258,HAS_CATEGORY,{}
28796,24259,HAS_CATEGORY,{}
28797,36454,HAS_CATEGORY,{}
28797,36455,HAS_CATEGORY,{}
28797,36456,HAS_CATEGORY,{}
28797,36457,HAS_CATEGORY,{}
28797,36458,HAS_CATEGORY,{}
28797,36459,HAS_CATEGORY,{}
28798,24436,HAS_CATEGORY,{}
28798,24437,HAS_CATEGORY,{}
28798,24438,HAS_CATEGORY,{}
28798,24439,HAS_CATEGORY,{}
28799,36348,HAS_CATEGORY,{}
28799,36349,HAS_CATEGORY,{}
28799,36350,HAS_CATEGORY,{}
28799,36351,HAS_CATEGORY,{}
28799,36352,HAS_CATEGORY,{}
28799,36353,HAS_CATEGORY,{}
28800,35293,HAS_CATEGORY,{}
28800,35294,HAS_CATEGORY,{}
28800,35295,HAS_CATEGORY,{}
28800,35296,HAS_CATEGORY,{}
28801,35188,HAS_CATEGORY,{}
28801,35189,HAS_CATEGORY,{}
28801,35190,HAS_CATEGORY,{}
28801,35191,HAS_CATEGORY,{}
28802,35344,HAS_CATEGORY,{}
28802,35345,HAS_CATEGORY,{}
28802,35346,HAS_CATEGORY,{}
28802,35347,HAS_CATEGORY,{}
28802,35348,HAS_CATEGORY,{}
28802,35349,HAS_CATEGORY,{}
28803,8412,HAS_CATEGORY,{}
28803,8413,HAS_CATEGORY,{}
28803,8414,HAS_CATEGORY,{}
28803,8415,HAS_CATEGORY,{}
28804,47,HAS_CATEGORY,{}
28804,48,HAS_CATEGORY,{}
28804,49,HAS_CATEGORY,{}
28804,50,HAS_CATEGORY,{}
28805,34933,HAS_CATEGORY,{}
28805,34934,HAS_CATEGORY,{}
28805,34935,HAS_CATEGORY,{}
28805,34936,HAS_CATEGORY,{}
28805,34937,HAS_CATEGORY,{}
28806,98,HAS_CATEGORY,{}
28806,99,HAS_CATEGORY,{}
28806,100,HAS_CATEGORY,{}
28806,101,HAS_CATEGORY,{}
28806,102,HAS_CATEGORY,{}
28808,34943,HAS_CATEGORY,{}
28808,34944,HAS_CATEGORY,{}
28808,34945,HAS_CATEGORY,{}
28809,35297,HAS_CATEGORY,{}
28809,35298,HAS_CATEGORY,{}
28809,35299,HAS_CATEGORY,{}
28809,35300,HAS_CATEGORY,{}
28809,35301,HAS_CATEGORY,{}
28810,24476,HAS_CATEGORY,{}
28810,24477,HAS_CATEGORY,{}
28810,24478,HAS_CATEGORY,{}
28810,24479,HAS_CATEGORY,{}
28810,24480,HAS_CATEGORY,{}
28810,24481,HAS_CATEGORY,{}
28811,35469,HAS_CATEGORY,{}
28811,35470,HAS_CATEGORY,{}
28811,35471,HAS_CATEGORY,{}
28811,35472,HAS_CATEGORY,{}
28811,35473,HAS_CATEGORY,{}
28812,35465,HAS_CATEGORY,{}
28812,35466,HAS_CATEGORY,{}
28812,35467,HAS_CATEGORY,{}
28812,35468,HAS_CATEGORY,{}
28813,8418,HAS_CATEGORY,{}
28813,8419,HAS_CATEGORY,{}
28813,8420,HAS_CATEGORY,{}
28814,35920,HAS_CATEGORY,{}
28814,35921,HAS_CATEGORY,{}
28814,35922,HAS_CATEGORY,{}
28814,35923,HAS_CATEGORY,{}
28814,35924,HAS_CATEGORY,{}
28815,58,HAS_CATEGORY,{}
28815,59,HAS_CATEGORY,{}
28815,60,HAS_CATEGORY,{}
28815,61,HAS_CATEGORY,{}
28815,62,HAS_CATEGORY,{}
28816,34625,HAS_CATEGORY,{}
28816,34626,HAS_CATEGORY,{}
28816,34627,HAS_CATEGORY,{}
28816,34628,HAS_CATEGORY,{}
28816,34629,HAS_CATEGORY,{}
28817,121,HAS_CATEGORY,{}
28817,122,HAS_CATEGORY,{}
28817,123,HAS_CATEGORY,{}
28817,124,HAS_CATEGORY,{}
28817,125,HAS_CATEGORY,{}
28818,35508,HAS_CATEGORY,{}
28818,35509,HAS_CATEGORY,{}
28818,35510,HAS_CATEGORY,{}
28818,35511,HAS_CATEGORY,{}
28818,35512,HAS_CATEGORY,{}
28819,24293,HAS_CATEGORY,{}
28819,24294,HAS_CATEGORY,{}
28819,24295,HAS_CATEGORY,{}
28820,8090,HAS_CATEGORY,{}
28820,8091,HAS_CATEGORY,{}
28820,8092,HAS_CATEGORY,{}
28820,8093,HAS_CATEGORY,{}
28821,35439,HAS_CATEGORY,{}
28821,35440,HAS_CATEGORY,{}
28821,35441,HAS_CATEGORY,{}
28821,35442,HAS_CATEGORY,{}
28822,34972,HAS_CATEGORY,{}
28822,34973,HAS_CATEGORY,{}
28822,34974,HAS_CATEGORY,{}
28822,34975,HAS_CATEGORY,{}
28822,34976,HAS_CATEGORY,{}
28824,192,HAS_CATEGORY,{}
28824,193,HAS_CATEGORY,{}
28824,194,HAS_CATEGORY,{}
28824,195,HAS_CATEGORY,{}
28824,196,HAS_CATEGORY,{}
28824,197,HAS_CATEGORY,{}
28824,198,HAS_CATEGORY,{}
28825,144,HAS_CATEGORY,{}
28825,145,HAS_CATEGORY,{}
28825,146,HAS_CATEGORY,{}
28825,147,HAS_CATEGORY,{}
28826,34925,HAS_CATEGORY,{}
28826,34926,HAS_CATEGORY,{}
28826,34927,HAS_CATEGORY,{}
28826,34928,HAS_CATEGORY,{}
28828,35558,HAS_CATEGORY,{}
28828,35559,HAS_CATEGORY,{}
28828,35560,HAS_CATEGORY,{}
28828,35561,HAS_CATEGORY,{}
28828,35562,HAS_CATEGORY,{}
28828,35563,HAS_CATEGORY,{}
28829,34607,HAS_CATEGORY,{}
28829,34608,HAS_CATEGORY,{}
28829,34609,HAS_CATEGORY,{}
28829,34610,HAS_CATEGORY,{}
28829,34611,HAS_CATEGORY,{}
28829,34612,HAS_CATEGORY,{}
28830,35840,HAS_CATEGORY,{}
28830,35841,HAS_CATEGORY,{}
28830,35842,HAS_CATEGORY,{}
28830,35843,HAS_CATEGORY,{}
28830,35844,HAS_CATEGORY,{}
28830,35845,HAS_CATEGORY,{}
28831,35667,HAS_CATEGORY,{}
28831,35668,HAS_CATEGORY,{}
28831,35669,HAS_CATEGORY,{}
28831,35670,HAS_CATEGORY,{}
28832,362,HAS_CATEGORY,{}
28832,363,HAS_CATEGORY,{}
28832,364,HAS_CATEGORY,{}
28832,365,HAS_CATEGORY,{}
28833,34766,HAS_CATEGORY,{}
28833,34767,HAS_CATEGORY,{}
28833,34768,HAS_CATEGORY,{}
28833,34769,HAS_CATEGORY,{}
28833,34770,HAS_CATEGORY,{}
28834,35538,HAS_CATEGORY,{}
28834,35539,HAS_CATEGORY,{}
28834,35540,HAS_CATEGORY,{}
28834,35541,HAS_CATEGORY,{}
28835,36460,HAS_CATEGORY,{}
28835,36461,HAS_CATEGORY,{}
28835,36462,HAS_CATEGORY,{}
28835,36463,HAS_CATEGORY,{}
28836,24516,HAS_CATEGORY,{}
28836,24517,HAS_CATEGORY,{}
28836,24518,HAS_CATEGORY,{}
28836,24519,HAS_CATEGORY,{}
28837,509,HAS_CATEGORY,{}
28837,510,HAS_CATEGORY,{}
28837,511,HAS_CATEGORY,{}
28837,512,HAS_CATEGORY,{}
28837,513,HAS_CATEGORY,{}
28838,36445,HAS_CATEGORY,{}
28838,36446,HAS_CATEGORY,{}
28838,36447,HAS_CATEGORY,{}
28838,36448,HAS_CATEGORY,{}
28839,525,HAS_CATEGORY,{}
28839,526,HAS_CATEGORY,{}
28839,527,HAS_CATEGORY,{}
28839,528,HAS_CATEGORY,{}
28840,34367,HAS_CATEGORY,{}
28840,34368,HAS_CATEGORY,{}
28840,34369,HAS_CATEGORY,{}
28840,34370,HAS_CATEGORY,{}
28841,34646,HAS_CATEGORY,{}
28841,34647,HAS_CATEGORY,{}
28841,34648,HAS_CATEGORY,{}
28841,34649,HAS_CATEGORY,{}
28842,35309,HAS_CATEGORY,{}
28842,35310,HAS_CATEGORY,{}
28842,35311,HAS_CATEGORY,{}
28842,35312,HAS_CATEGORY,{}
28843,35089,HAS_CATEGORY,{}
28843,35090,HAS_CATEGORY,{}
28843,35091,HAS_CATEGORY,{}
28843,35092,HAS_CATEGORY,{}
28844,35534,HAS_CATEGORY,{}
28844,35535,HAS_CATEGORY,{}
28844,35536,HAS_CATEGORY,{}
28844,35537,HAS_CATEGORY,{}
28845,34862,HAS_CATEGORY,{}
28845,34863,HAS_CATEGORY,{}
28845,34864,HAS_CATEGORY,{}
28845,34865,HAS_CATEGORY,{}
28846,24482,HAS_CATEGORY,{}
28846,24483,HAS_CATEGORY,{}
28846,24484,HAS_CATEGORY,{}
28846,24485,HAS_CATEGORY,{}
28847,35305,HAS_CATEGORY,{}
28847,35306,HAS_CATEGORY,{}
28847,35307,HAS_CATEGORY,{}
28847,35308,HAS_CATEGORY,{}
28848,35862,HAS_CATEGORY,{}
28848,35863,HAS_CATEGORY,{}
28848,35864,HAS_CATEGORY,{}
28848,35865,HAS_CATEGORY,{}
28849,35192,HAS_CATEGORY,{}
28849,35193,HAS_CATEGORY,{}
28849,35194,HAS_CATEGORY,{}
28849,35195,HAS_CATEGORY,{}
28850,36414,HAS_CATEGORY,{}
28850,36415,HAS_CATEGORY,{}
28850,36416,HAS_CATEGORY,{}
28850,36417,HAS_CATEGORY,{}
28851,36100,HAS_CATEGORY,{}
28851,36101,HAS_CATEGORY,{}
28851,36102,HAS_CATEGORY,{}
28851,36103,HAS_CATEGORY,{}
28852,24192,HAS_CATEGORY,{}
28852,24193,HAS_CATEGORY,{}
28852,24194,HAS_CATEGORY,{}
28852,24195,HAS_CATEGORY,{}
28853,36513,HAS_CATEGORY,{}
28853,36514,HAS_CATEGORY,{}
28853,36515,HAS_CATEGORY,{}
28853,36516,HAS_CATEGORY,{}
28854,8394,HAS_CATEGORY,{}
28854,8395,HAS_CATEGORY,{}
28854,8396,HAS_CATEGORY,{}
28854,8397,HAS_CATEGORY,{}
28855,34856,HAS_CATEGORY,{}
28855,34857,HAS_CATEGORY,{}
28855,34858,HAS_CATEGORY,{}
28855,34859,HAS_CATEGORY,{}
28856,35866,HAS_CATEGORY,{}
28856,35867,HAS_CATEGORY,{}
28856,35868,HAS_CATEGORY,{}
28856,35869,HAS_CATEGORY,{}
28857,35522,HAS_CATEGORY,{}
28857,35523,HAS_CATEGORY,{}
28857,35524,HAS_CATEGORY,{}
28857,35525,HAS_CATEGORY,{}
28858,24446,HAS_CATEGORY,{}
28858,24447,HAS_CATEGORY,{}
28858,36290,HAS_CATEGORY,{}
28858,36291,HAS_CATEGORY,{}
28859,35513,HAS_CATEGORY,{}
28859,35514,HAS_CATEGORY,{}
28859,35515,HAS_CATEGORY,{}
28859,35516,HAS_CATEGORY,{}
28859,35517,HAS_CATEGORY,{}
28860,35392,HAS_CATEGORY,{}
28860,35393,HAS_CATEGORY,{}
28860,35394,HAS_CATEGORY,{}